RF00001,1qvg,9,1,121,77.4,2.90E-17,1,119,c0af92,1
RF00001,4u4q,3,1,121,88.8,3.30E-20,1,119,c0af92,1
RF00001,4v9i,DB,3,119,100.7,2.70E-23,1,119,c0af92,1
RF00001,5fdv,2B,3,119,100.7,2.80E-23,1,119,c0af92,1
RF00001,6r6p,7,1,119,118.9,5.30E-28,1,119,c0af92,1
RF00001,7p7t,B,1,116,83.5,7.30E-19,1,119,c0af92,1
RF00001,8cku,BB,1,121,88.8,3.30E-20,1,119,c0af92,1
RF00001,8g38,A,2,117,77.2,3.20E-17,1,119,c0af92,1
RF00001,8urh,d,3,118,77.2,3.20E-17,1,119,c0af92,1
RF02541,1q7y,A,2,2920,1740.4,0,1,2925,c0af92,0
RF02541,4u1v,DA,1,2903,2882.1,0,1,2925,c0af92,1
RF02541,4v7y,DA,1,2784,2566.8,0,1,2925,c0af92,1
RF02541,5j8a,DA,1,2904,2883.8,0,1,2925,c0af92,1
RF02541,6lkq,t,1,2903,2882.1,0,1,2925,c0af92,1
RF02541,6q97,1,1,2903,2879.7,0,1,2925,c0af92,1
RF02541,6zme,L5,1277,4818,599,1.80E-197,1,2923,c0af92,0
RF02541,6zme,L5,5,420,123.7,3.10E-38,30,555,c0af92,0
RF02541,8ifd,1A,1277,4822,598,4.00E-197,1,2923,c0af92,0
RF02541,8ifd,1A,5,420,123.7,3.10E-38,30,555,c0af92,0
RF02541,8oj8,5,1277,4822,598.2,3.60E-197,1,2923,c0af92,0
RF02541,8oj8,5,5,420,123.7,3.10E-38,30,555,c0af92,0
RF02543,1q7y,A,131,2914,1469.1,0,1,3401,c0af92,0
RF02543,4u1v,DA,160,2893,1270.5,0,1,3401,c0af92,0
RF02543,4v7y,DA,147,2773,1086.7,1.50E-296,1,3401,c0af92,0
RF02543,5j8a,DA,160,2893,1263.1,0,1,3401,c0af92,0
RF02543,6lkq,t,160,2893,1270.5,0,1,3401,c0af92,0
RF02543,6q97,1,160,2893,1267.9,0,1,3401,c0af92,0
RF02543,6zme,L5,3,5065,2382.7,0,1,3401,c0af92,1
RF02543,8ifd,1A,3,5069,2379.5,0,1,3401,c0af92,1
RF02543,8oj8,5,3,5069,2381.8,0,1,3401,c0af92,1
RF00001,4csu,A,2,117,77.2,3.20E-17,1,119,c0af92,1
RF00001,4u27,BB,3,118,77.2,3.20E-17,1,119,c0af92,1
RF00001,4v5q,DB,5,121,100.7,2.80E-23,1,119,c0af92,1
RF00001,4w2i,DB,3,119,100.7,2.80E-23,1,119,c0af92,1
RF00001,5gak,3,1,121,88.8,3.30E-20,1,119,c0af92,1
RF00001,5v7q,B,2,114,77.4,2.70E-17,1,119,c0af92,1
RF00001,6skf,BB,3,124,79.3,9.70E-18,1,119,c0af92,1
RF00001,7uph,J,2,117,77.2,3.20E-17,1,119,c0af92,1
RF00001,8p5d,L70,1,119,93.6,1.80E-21,1,119,c0af92,1
RF00169,5gah,1,9,105,65.5,9.60E-16,1,97,c0af92,1
RF02541,5aj4,BA,1,1456,363.5,4.40E-119,200,2925,c0af92,1
RF02541,5o60,A,1,3120,2730.5,0,1,2925,c0af92,1
RF02541,5obm,1,1,3167,1242.6,0,156,2925,c0af92,0
RF02541,6gxo,A,1,2903,2876.9,0,1,2925,c0af92,1
RF02541,6v3d,AN1,8,2900,2895.4,0,1,2925,c0af92,1
RF02541,7jql,2A,1,2912,2689.8,0,1,2925,c0af92,1
RF02541,8b6z,B,1277,4822,597.9,4.50E-197,1,2923,c0af92,0
RF02541,8b6z,B,5,420,123.7,3.10E-38,30,555,c0af92,0
RF02541,8c91,A,1,2904,2889.8,0,1,2925,c0af92,1
RF02541,8civ,AA,1,3167,1242.6,0,156,2925,c0af92,0
RF02541,8pvk,C1,1,3151,1258.3,0,155,2925,c0af92,0
RF02543,5o60,A,159,3113,1216.5,0,1,3401,c0af92,0
RF02543,5obm,1,4,3396,3401.6,0,1,3401,c0af92,1
RF02543,6gxo,A,160,2893,1266.1,0,1,3401,c0af92,0
RF02543,6v3d,AN1,167,2888,1272.4,0,1,3401,c0af92,0
RF02543,7jql,2A,148,2901,1152.1,0,1,3401,c0af92,0
RF02543,8b6z,B,3,5069,2379.3,0,1,3401,c0af92,1
RF02543,8c91,A,160,2893,1270.5,0,1,3401,c0af92,0
RF02543,8civ,AA,4,3396,3401.6,0,1,3401,c0af92,1
RF02543,8pvk,C1,5,3339,3387.9,0,1,3401,c0af92,1
RF00011,2a64,A,8,404,326.8,7.50E-97,1,366,c0af92,1
RF00001,4ioc,Y,5,121,71.6,9.10E-16,1,119,c0af92,1
RF00001,4v6f,AB,5,121,100.7,2.80E-23,1,119,c0af92,1
RF00001,5el4,1J,5,121,100.7,2.80E-23,1,119,c0af92,1
RF00001,5tga,7,1,121,88.8,3.30E-20,1,119,c0af92,1
RF00001,6o9k,X,2,117,77.2,3.20E-17,1,119,c0af92,1
RF00001,7oif,3,3,118,77.2,3.20E-17,1,119,c0af92,1
RF00001,8pv2,C4,1,119,87.6,6.60E-20,1,118,c0af92,1
RF00001,9f1d,B7,1,119,118.9,5.30E-28,1,119,c0af92,1
RF02541,4v8e,AA,1,2912,2697.7,0,1,2923,c0af92,1
RF02541,5mmm,A,1,2810,2419.8,0,1,2818,c0af92,1
RF02541,5mrc,A,186,3136,396.4,8.70E-130,1,2925,c0af92,1
RF02541,5vpp,RA,1,2912,2689.8,0,1,2925,c0af92,1
RF02541,6nd6,2A,1,2912,2689.8,0,1,2925,c0af92,1
RF02541,6rm3,L50,1,2484,800.8,2.30E-265,1,2903,c0af92,0
RF02541,6yhs,1,1,2893,2898.2,0,1,2925,c0af92,1
RF02541,6zsd,XA,1,1454,372.4,4.50E-122,426,2925,c0af92,1
RF02541,6zu5,L50,5,2639,965.8,0,1,2925,c0af92,0
RF02541,7st6,1,1,2903,2879.9,0,1,2925,c0af92,1
RF02541,8agt,f,1,3166,1242.8,0,156,2925,c0af92,0
RF02541,8ap4,a,1,2904,2887.4,0,1,2925,c0af92,1
RF02543,4v8e,AA,153,2903,1154.9,0,1,3401,c0af92,0
RF02543,5mmm,A,143,2810,1110.5,0,1,3165,c0af92,0
RF02543,5mrc,A,1600,1940,121.9,3.00E-30,1891,2388,c0af92,0
RF02543,5mrc,A,223,302,58.3,1.10E-12,24,103,c0af92,0
RF02543,5mrc,A,2713,2873,96.5,3.10E-23,2825,2984,c0af92,0
RF02543,5vpp,RA,148,2901,1152.1,0,1,3401,c0af92,0
RF02543,6nd6,2A,148,2901,1152.1,0,1,3401,c0af92,0
RF02543,6rm3,L50,83,2417,1339,0,1,3401,c0af92,1
RF02543,6yhs,1,160,2881,1274.9,0,1,3401,c0af92,0
RF02543,6zu5,L50,97,2638,1494.8,0,1,3401,c0af92,1
RF02543,7st6,1,160,2893,1269,0,1,3401,c0af92,0
RF02543,8agt,f,4,3395,3401.9,0,1,3401,c0af92,1
RF02543,8ap4,a,160,2893,1267.9,0,1,3401,c0af92,0
RF00001,4v57,BA,3,118,77.2,3.20E-17,1,119,c0af92,1
RF00001,5j8a,DB,3,118,77.2,3.20E-17,1,119,c0af92,1
RF00001,5uym,2,3,118,77.2,3.20E-17,1,119,c0af92,1
RF00001,6xhx,2B,3,119,100.7,2.80E-23,1,119,c0af92,1
RF00001,6yss,B,3,118,77.2,3.20E-17,1,119,c0af92,1
RF00001,7d6z,B,2,117,77.2,3.20E-17,1,119,c0af92,1
RF00001,7pis,4,1,108,63.9,7.60E-14,1,119,c0af92,1
RF00001,7qgr,O,3,118,77.2,3.20E-17,1,119,c0af92,1
RF00001,7ttw,2,1,115,71.6,8.40E-16,1,119,c0af92,1
RF00001,7unw,B,3,118,86.6,1.20E-19,1,119,c0af92,1
RF00001,7v08,3,1,121,88.8,3.30E-20,1,119,c0af92,1
RF00001,8.00E+35,J,2,117,77.2,3.20E-17,1,119,c0af92,1
RF00001,8emm,b,3,118,77.2,3.20E-17,1,119,c0af92,1
RF00001,8rcm,82,3,118,77.2,3.20E-17,1,119,c0af92,1
RF00001,8vtw,1B,3,119,100.7,2.80E-23,1,119,c0af92,1
RF02541,4v19,A,1,1456,363.5,4.40E-119,200,2925,c0af92,1
RF02541,4v52,DB,1,2904,2889.8,0,1,2925,c0af92,1
RF02541,4www,YA,1,2904,2889.8,0,1,2925,c0af92,1
RF02541,4zsn,YA,1,2913,2699.6,0,1,2925,c0af92,1
RF02541,5imq,D,1,2891,2728.8,0,1,2925,c0af92,1
RF02541,5tcu,B,1,2923,2979.7,0,1,2925,c0af92,1
RF02541,6om7,t,1,3382,961.6,0,159,2925,c0af92,0
RF02541,6xu6,A5,1,3720,974.2,0,138,2925,c0af92,0
RF02541,7jql,1A,1,2912,2689.8,0,1,2925,c0af92,1
RF02541,7md7,1A,1,2912,2689.8,0,1,2925,c0af92,1
RF02541,7oig,1,1,2903,2879.7,0,1,2925,c0af92,1
RF02541,8v9j,A,1,3127,2743.8,0,1,2925,c0af92,1
RF02541,8wi7,A,1,3119,2730,0,1,2925,c0af92,1
RF02541,9cl9,CA,1,2904,2887.6,0,1,2925,c0af92,1
RF02543,4v52,DB,160,2893,1270.5,0,1,3401,c0af92,0
RF02543,4www,YA,160,2893,1270.5,0,1,3401,c0af92,0
RF02543,4zsn,YA,149,2902,1152.1,0,1,3401,c0af92,0
RF02543,5imq,D,149,2880,1141.8,0,1,3401,c0af92,0
RF02543,5tcu,B,164,2912,1321.4,0,1,3401,c0af92,0
RF02543,6om7,t,3,3606,2746.1,0,1,3401,c0af92,1
RF02543,6xu6,A5,8,3974,2814.4,0,1,3401,c0af92,1
RF02543,7jql,1A,148,2901,1152.1,0,1,3401,c0af92,0
RF02543,7md7,1A,148,2901,1152.1,0,1,3401,c0af92,0
RF02543,7oig,1,160,2893,1267.9,0,1,3401,c0af92,0
RF02543,8v9j,A,162,3116,1219,0,1,3401,c0af92,0
RF02543,8wi7,A,158,3112,1216.5,0,1,3401,c0af92,0
RF02543,9cl9,CA,160,2893,1269,0,1,3401,c0af92,0
RF00001,4u25,DB,3,118,77.2,3.20E-17,1,119,c0af92,1
RF00001,6cfk,2B,3,119,100.7,2.80E-23,1,119,c0af92,1
RF00001,6w6l,E,1,119,118.9,5.20E-28,1,119,c0af92,1
RF00001,7m5d,3,3,118,77.2,3.20E-17,1,119,c0af92,1
RF00001,7oyd,K,1,119,118.9,5.30E-28,1,119,c0af92,1
RF00001,7zjx,L7,1,119,118.9,5.30E-28,1,119,c0af92,1
RF00001,7zpq,4,1,121,88.8,3.30E-20,1,119,c0af92,1
RF00001,8cd1,B,3,118,86.6,1.20E-19,1,119,c0af92,1
RF02541,2rdo,B,1,2904,2889.8,0,1,2925,c0af92,1
RF02541,4v7c,BA,1,2903,2882.1,0,1,2925,c0af92,1
RF02541,4v7k,BA,1,2848,2576.2,0,6,2918,c0af92,1
RF02541,5ib7,14,1,2914,2708.4,0,1,2925,c0af92,1
RF02541,5lzy,5,1,3326,977.8,0,159,2925,c0af92,0
RF02541,6gc8,A,1,2904,2889.8,0,1,2925,c0af92,1
RF02541,6gz5,A2,1,3393,1016.5,0,159,2925,c0af92,0
RF02541,6vz3,a,1,2903,2875,0,1,2925,c0af92,1
RF02541,8bpo,A1,817,4380,644.6,8.50E-213,1,2856,c0af92,0
RF02541,8bpo,A1,5,414,136.5,1.40E-42,30,555,c0af92,0
RF02541,8fon,RA,1,2912,2689.8,0,1,2925,c0af92,1
RF02541,8hfr,1e,1,3167,1242.6,0,156,2925,c0af92,0
RF02541,8urh,a,1,2904,2889.7,0,1,2925,c0af92,1
RF02541,8y39,A,1,2921,2974,0,1,2925,c0af92,1
RF02543,2rdo,B,160,2893,1270.5,0,1,3401,c0af92,0
RF02543,3j0q,7,1,50,51.3,1.40E-12,2833,2882,c0af92,1
RF02543,4v7c,BA,160,2893,1270.5,0,1,3401,c0af92,0
RF02543,4v7k,BA,144,2844,1082,3.10E-295,1,3401,c0af92,0
RF02543,5ib7,14,153,2903,1154.9,0,1,3401,c0af92,0
RF02543,5lzy,5,3,3543,2779.4,0,1,3401,c0af92,1
RF02543,6gc8,A,160,2893,1270.5,0,1,3401,c0af92,0
RF02543,6gz5,A2,3,3611,2842.6,0,1,3401,c0af92,1
RF02543,6vz3,a,160,2893,1262.2,0,1,3401,c0af92,0
RF02543,8bpo,A1,3,4380,2639.8,0,1,3401,c0af92,1
RF02543,8fon,RA,148,2901,1152.1,0,1,3401,c0af92,0
RF02543,8hfr,1e,4,3396,3401.6,0,1,3401,c0af92,1
RF02543,8urh,a,160,2893,1270.5,0,1,3401,c0af92,0
RF02543,8y39,A,162,2910,1326.6,0,1,3401,c0af92,0
RF00001,2rdo,A,3,118,77.2,3.20E-17,1,119,c0af92,1
RF00001,3ow2,9,1,121,77.4,2.90E-17,1,119,c0af92,1
RF00001,4u25,BB,3,118,77.2,3.20E-17,1,119,c0af92,1
RF00001,4v8f,DB,5,121,100.7,2.80E-23,1,119,c0af92,1
RF00001,5hd1,1B,3,119,100.7,2.80E-23,1,119,c0af92,1
RF00001,6nsh,RB,3,119,100.7,2.80E-23,1,119,c0af92,1
RF00001,7k52,2,3,118,77.2,3.20E-17,1,119,c0af92,1
RF02541,4v4w,B0,1,2740,2558.7,0,16,2925,c0af92,1
RF02541,4v9p,CA,1,2904,2889.8,0,1,2925,c0af92,1
RF02541,5kpv,27,1,2903,2876.9,0,1,2925,c0af92,1
RF02541,6prv,A,1,58,60,7.90E-19,1093,1150,c0af92,1
RF02541,6qkl,N,1,3577,1138.7,0,161,2925,c0af92,0
RF02541,7rqa,2A,1,2912,2689.8,0,1,2925,c0af92,1
RF02541,7zrs,5,1,3167,1242.6,0,156,2925,c0af92,0
RF02541,8a3l,a,1,2903,2877.9,0,1,2925,c0af92,1
RF02541,8fkq,L3,1277,4822,597.9,4.50E-197,1,2923,c0af92,0
RF02541,8fkq,L3,5,420,123.7,3.10E-38,30,555,c0af92,0
RF02541,8uql,a,1,2904,2889.7,0,1,2925,c0af92,1
RF02541,8uua,A,1,2932,2946.5,0,1,2925,c0af92,1
RF02543,3j0p,7,1,50,51.3,1.40E-12,2833,2882,c0af92,1
RF02543,4v4w,B0,114,2724,1294.1,0,1,3401,c0af92,0
RF02543,4v9p,CA,160,2893,1270.5,0,1,3401,c0af92,0
RF02543,5kpv,27,160,2893,1266.1,0,1,3401,c0af92,0
RF02543,6qkl,N,2,3741,2720.4,0,1,3401,c0af92,1
RF02543,7rqa,2A,148,2901,1152.1,0,1,3401,c0af92,0
RF02543,7zrs,5,4,3396,3401.6,0,1,3401,c0af92,1
RF02543,8a3l,a,160,2891,1264.3,0,1,3401,c0af92,0
RF02543,8fkq,L3,3,5069,2379.3,0,1,3401,c0af92,1
RF02543,8uql,a,160,2893,1270.5,0,1,3401,c0af92,0
RF02543,8uua,A,162,2921,1244.8,0,1,3401,c0af92,0
RF00001,4u52,3,1,121,88.8,3.30E-20,1,119,c0af92,1
RF00001,5gah,B,3,118,77.2,3.20E-17,1,119,c0af92,1
RF00001,5j3c,YB,3,119,100.7,2.80E-23,1,119,c0af92,1
RF00001,5ndw,3,1,121,88.8,3.30E-20,1,119,c0af92,1
RF00001,7a0s,Y,5,121,71.6,9.10E-16,1,119,c0af92,1
RF00001,7oiz,b,3,118,77.2,3.20E-17,1,119,c0af92,1
RF00001,7par,4,1,108,63.9,7.60E-14,1,119,c0af92,1
RF00001,7pju,B,3,118,77.2,3.20E-17,1,119,c0af92,1
RF00001,7rqc,1B,3,119,100.7,2.80E-23,1,119,c0af92,1
RF00001,7ryf,B,1,115,83.5,7.30E-19,1,119,c0af92,1
RF00001,7zs5,3,1,121,88.8,3.30E-20,1,119,c0af92,1
RF00001,8agw,h,1,121,88.8,3.30E-20,1,119,c0af92,1
RF02541,3ccu,0,1,2923,1747.3,0,1,2925,c0af92,0
RF02541,4u27,BA,1,2903,2882.1,0,1,2925,c0af92,1
RF02541,5anc,N,1,3577,1138.7,0,161,2925,c0af92,0
RF02541,5dar,A,1,74,74,2.00E-23,1083,1156,c0af92,0
RF02541,5j30,YA,1,2912,2689.8,0,1,2925,c0af92,1
RF02541,6nuo,RA,1,2912,2689.8,0,1,2925,c0af92,1
RF02541,6o8x,A,1,2903,2933.3,0,1,2925,c0af92,1
RF02541,7tor,A28S,1,3339,1027.4,0,159,2925,c0af92,0
RF02541,8aye,a,1,2903,2880.8,0,1,2925,c0af92,1
RF02541,8azw,A,1,3176,1176.8,0,160,2925,c0af92,0
RF02541,8c93,A,1,2904,2889.8,0,1,2925,c0af92,1
RF02543,3ccu,0,132,2915,1466.8,0,1,3401,c0af92,0
RF02543,4u27,BA,160,2893,1270.5,0,1,3401,c0af92,0
RF02543,5anc,N,2,3741,2720.4,0,1,3401,c0af92,1
RF02543,5dar,A,1,74,52.6,8.80E-13,1230,1303,c0af92,0
RF02543,5j30,YA,148,2901,1152.1,0,1,3401,c0af92,0
RF02543,6nuo,RA,148,2901,1152.1,0,1,3401,c0af92,0
RF02543,6o8x,A,160,2895,1255.1,0,1,3401,c0af92,0
RF02543,7tor,A28S,3,3552,2858.8,0,1,3401,c0af92,1
RF02543,8aye,a,160,2893,1269,0,1,3401,c0af92,0
RF02543,8azw,A,2,3390,3351.2,0,1,3401,c0af92,1
RF02543,8c93,A,160,2893,1270.5,0,1,3401,c0af92,0
RF00001,3ja1,LB,3,118,77.2,3.20E-17,1,119,c0af92,1
RF00001,4v95,BB,3,119,100.7,2.80E-23,1,119,c0af92,1
RF00001,5dfe,YB,3,119,100.7,2.80E-23,1,119,c0af92,1
RF00001,6mtb,7,1,119,118.9,5.30E-28,1,119,c0af92,1
RF00001,7rq8,2B,3,119,100.7,2.80E-23,1,119,c0af92,1
RF00001,8bsj,LE,1,119,79.5,8.40E-18,1,119,c0af92,1
RF00001,8pv1,C4,1,119,87.6,6.60E-20,1,118,c0af92,1
RF00001,8ur0,d,3,118,77.2,3.20E-17,1,119,c0af92,1
RF02541,4ypb,RA,1,2913,2699.6,0,1,2925,c0af92,1
RF02541,5.00E+81,1H,1,2914,2708.4,0,1,2925,c0af92,1
RF02541,5lzs,5,1,3326,977.8,0,159,2925,c0af92,0
RF02541,5ndg,1,1,3167,1242.6,0,156,2925,c0af92,0
RF02541,6ip8,1A,1277,4822,598,4.00E-197,1,2923,c0af92,0
RF02541,6ip8,1A,5,420,123.7,3.10E-38,30,555,c0af92,0
RF02541,6z6j,C1,1,3167,1242.6,0,156,2925,c0af92,0
RF02541,7of1,1,1,3167,1242.6,0,156,2925,c0af92,0
RF02541,7paj,3,3,2907,2658.1,0,1,2925,c0af92,1
RF02541,7sae,A,1,2928,3013.9,0,1,2925,c0af92,1
RF02541,7z3o,1,1,3151,1258.3,0,155,2925,c0af92,0
RF02541,7zq6,b,1,2904,2875,0,1,2925,c0af92,1
RF02541,8fle,L3,1277,4822,597.9,4.50E-197,1,2923,c0af92,0
RF02541,8fle,L3,5,420,123.7,3.10E-38,30,555,c0af92,0
RF02541,8rcs,72,1,2904,2885,0,1,2925,c0af92,1
RF02543,4ypb,RA,149,2902,1152.1,0,1,3401,c0af92,0
RF02543,5.00E+81,1H,153,2903,1154.9,0,1,3401,c0af92,0
RF02543,5lzs,5,3,3543,2779.4,0,1,3401,c0af92,1
RF02543,5ndg,1,4,3396,3401.6,0,1,3401,c0af92,1
RF02543,6ip8,1A,3,5069,2379.5,0,1,3401,c0af92,1
RF02543,6z6j,C1,4,3396,3401.6,0,1,3401,c0af92,1
RF02543,7of1,1,4,3396,3401.6,0,1,3401,c0af92,1
RF02543,7paj,3,167,2896,1188.2,0,1,3401,c0af92,0
RF02543,7sae,A,163,2917,1279.4,0,1,3401,c0af92,0
RF02543,7z3o,1,5,3337,3383.2,0,1,3401,c0af92,1
RF02543,7zq6,b,160,2893,1257.9,0,1,3401,c0af92,0
RF02543,8fle,L3,3,5069,2379.3,0,1,3401,c0af92,1
RF02543,8rcs,72,160,2893,1267.9,0,1,3401,c0af92,0
RF00001,4v50,BA,3,118,77.2,3.20E-17,1,119,c0af92,1
RF00001,4v6q,BA,3,118,77.2,3.20E-17,1,119,c0af92,1
RF00001,4v7s,BB,2,117,77.2,3.20E-17,1,119,c0af92,1
RF00001,4v8p,G3,1,119,117,1.60E-27,1,119,c0af92,1
RF00001,5gaf,B,3,118,77.2,3.20E-17,1,119,c0af92,1
RF00001,5hd1,2B,3,119,100.7,2.80E-23,1,119,c0af92,1
RF00001,5lzc,B,3,118,77.2,3.20E-17,1,119,c0af92,1
RF00001,5zet,B,3,116,77.3,3.00E-17,1,119,c0af92,1
RF00001,6fkr,2B,3,119,100.7,2.80E-23,1,119,c0af92,1
RF00001,6gq1,3,1,121,88.8,3.30E-20,1,119,c0af92,1
RF00001,7md7,2B,3,119,100.7,2.80E-23,1,119,c0af92,1
RF00001,7pjz,B,3,118,77.2,3.20E-17,1,119,c0af92,1
RF00001,8cdl,BB,1,121,88.8,3.30E-20,1,119,c0af92,1
RF00001,8.00E+49,J,2,117,77.2,3.20E-17,1,119,c0af92,1
RF00001,8peg,8,3,118,77.2,3.20E-17,1,119,c0af92,1
RF00029,4r0d,A,548,621,67.7,1.50E-13,1,93,c0af92,1
RF02541,1fg0,A,1,602,436.5,6.20E-144,2048,2655,c0af92,0
RF02541,4tud,RA,1,2912,2689.8,0,1,2925,c0af92,1
RF02541,4v9r,BA,1,2912,2689.8,0,1,2925,c0af92,1
RF02541,5a9z,AA,1,2889,2718.1,0,1,2923,c0af92,1
RF02541,5nrg,X,1,2923,2979.7,0,1,2925,c0af92,1
RF02541,6ole,t,1,3382,961.6,0,159,2925,c0af92,0
RF02541,7bv8,A,1,2903,2879.4,0,1,2925,c0af92,1
RF02541,7zp8,b,1,2904,2875,0,1,2925,c0af92,1
RF02541,8hl5,A23S,4,3022,1914,0,1,2925,c0af92,0
RF02541,8p16,1,1,2904,2887.4,0,1,2925,c0af92,1
RF02541,8syl,A,1,2904,2887.4,0,1,2925,c0af92,1
RF02543,1fg0,A,1,602,415,7.10E-112,2359,3007,c0af92,0
RF02543,4tud,RA,148,2901,1152.1,0,1,3401,c0af92,0
RF02543,4v9r,BA,148,2901,1152.1,0,1,3401,c0af92,0
RF02543,5a9z,AA,149,2880,1141.8,0,1,3401,c0af92,0
RF02543,5nrg,X,164,2912,1321.4,0,1,3401,c0af92,0
RF02543,6ole,t,3,3606,2746.1,0,1,3401,c0af92,1
RF02543,7bv8,A,160,2893,1267.4,0,1,3401,c0af92,0
RF02543,7zp8,b,160,2893,1257.9,0,1,3401,c0af92,0
RF02543,8hl5,A23S,139,3018,1666,0,1,3401,c0af92,0
RF02543,8p16,1,160,2893,1267.9,0,1,3401,c0af92,0
RF02543,8syl,A,160,2893,1267.9,0,1,3401,c0af92,0
RF00001,5hl7,Y,1,114,60.1,8.00E-13,1,119,c0af92,1
RF00001,5ib7,16,5,121,100.7,2.80E-23,1,119,c0af92,1
RF00001,6s0k,B,3,118,77.2,3.20E-17,1,119,c0af92,1
RF00001,7ow7,B,1,119,118.9,5.30E-28,1,119,c0af92,1
RF00001,8b7y,J,2,117,77.2,3.20E-17,1,119,c0af92,1
RF00029,8t2s,B,573,652,46.8,2.10E-08,1,93,c0af92,1
RF02541,4v7m,BA,1,2912,2689.8,0,1,2925,c0af92,1
RF02541,4v84,BA,1,2879,2712.2,0,6,2918,c0af92,1
RF02541,4v9i,BA,1,2913,2695.1,0,1,2925,c0af92,1
RF02541,5afi,A,1,2903,2874.5,0,1,2925,c0af92,1
RF02541,5doy,2A,1,2912,2689.8,0,1,2925,c0af92,1
RF02541,6cb1,1,1,3167,1229.9,0,156,2925,c0af92,0
RF02541,6gzx,A2,1,2912,2697.7,0,1,2923,c0af92,1
RF02541,6otr,RA,1,2912,2689.8,0,1,2925,c0af92,1
RF02541,7og4,XA,1,1454,372.4,4.50E-122,426,2925,c0af92,1
RF02541,7qep,1,2,2461,933.2,0,1,2925,c0af92,0
RF02541,7qgg,t,1160,4803,644.5,1.00E-212,1,2856,c0af92,0
RF02541,7qgg,t,5,420,126.7,2.90E-39,30,555,c0af92,0
RF02541,8eth,1,1,3327,1202.2,0,156,2925,c0af92,0
RF02541,8i9x,C1,1,3150,1260.1,0,156,2925,c0af92,0
RF02543,4v7m,BA,148,2901,1152.1,0,1,3401,c0af92,0
RF02543,4v84,BA,148,2875,1160.6,0,1,3401,c0af92,0
RF02543,4v9i,BA,149,2902,1149.5,0,1,3401,c0af92,0
RF02543,5afi,A,160,2893,1263.6,0,1,3401,c0af92,0
RF02543,5doy,2A,148,2901,1152.1,0,1,3401,c0af92,0
RF02543,6cb1,1,4,3396,3385.9,0,1,3401,c0af92,1
RF02543,6gzx,A2,153,2903,1154.9,0,1,3401,c0af92,0
RF02543,6otr,RA,148,2901,1152.1,0,1,3401,c0af92,0
RF02543,7qep,1,89,2458,1398.4,0,1,3401,c0af92,1
RF02543,7qgg,t,3,4803,2532.4,0,1,3401,c0af92,1
RF02543,8eth,1,4,3497,3334.3,0,1,3401,c0af92,1
RF02543,8i9x,C1,4,3338,3387.9,0,1,3401,c0af92,1
RF00001,4p6f,YB,3,119,100.7,2.80E-23,1,119,c0af92,1
RF00001,5ndk,1J,5,121,100.7,2.80E-23,1,119,c0af92,1
RF00001,5wf0,B,3,118,77.2,3.20E-17,1,119,c0af92,1
RF00001,6oxa,YB,5,121,100.7,2.80E-23,1,119,c0af92,1
RF00001,6s05,x,1,121,88.8,3.30E-20,1,119,c0af92,1
RF00001,6xhv,1B,3,119,100.7,2.80E-23,1,119,c0af92,1
RF00001,7jsz,2,3,118,77.2,3.20E-17,1,119,c0af92,1
RF00001,8fzi,B,3,118,74.8,1.40E-16,1,119,c0af92,1
RF00029,7d0f,A,817,913,40.6,1.00E-06,1,93,c0af92,1
RF02541,4u3u,5,1,3167,1242.6,0,156,2925,c0af92,0
RF02541,5dar,D,1,74,74,2.00E-23,1083,1156,c0af92,0
RF02541,5dc3,1,1,3167,1242.6,0,156,2925,c0af92,0
RF02541,6qul,A,1,2795,2757.7,0,1,2925,c0af92,1
RF02541,8r6c,a,1,2903,2880.4,0,1,2925,c0af92,1
RF02543,4u3u,5,4,3396,3401.6,0,1,3401,c0af92,1
RF02543,5dar,D,1,74,52.6,8.80E-13,1230,1303,c0af92,0
RF02543,5dc3,1,4,3396,3401.6,0,1,3401,c0af92,1
RF02543,6qul,A,160,2785,1209.8,0,1,3401,c0af92,0
RF02543,8r6c,a,160,2893,1267,0,1,3401,c0af92,0
RF00001,4u3m,3,1,121,88.8,3.30E-20,1,119,c0af92,1
RF00001,4v6a,BB,3,119,100.7,2.80E-23,1,119,c0af92,1
RF00001,4v8c,BB,5,121,100.7,2.80E-23,1,119,c0af92,1
RF00001,5mei,3,1,121,88.8,3.30E-20,1,119,c0af92,1
RF00001,6qnr,1J,5,121,100.7,2.80E-23,1,119,c0af92,1
RF00001,6zj3,LO,1,119,109.1,1.90E-25,1,119,c0af92,1
RF00001,6ztn,BB,3,118,77.2,3.20E-17,1,119,c0af92,1
RF00001,8s1u,B,1,111,75.9,6.60E-17,3,116,c0af92,1
RF02541,2ogm,0,1,2878,2737.8,0,1,2925,c0af92,1
RF02541,4lt8,YA,1,2913,2699.6,0,1,2925,c0af92,1
RF02541,4u24,DA,1,2903,2882.1,0,1,2925,c0af92,1
RF02541,4v7j,AA,1,2848,2576.2,0,6,2918,c0af92,1
RF02541,5el5,1H,1,2912,2697.7,0,1,2923,c0af92,1
RF02541,6o8y,A,1,2903,2933.3,0,1,2925,c0af92,1
RF02541,6prv,D,1,58,60,7.90E-19,1093,1150,c0af92,1
RF02541,6wyv,I,1,2904,2887.4,0,1,2925,c0af92,1
RF02541,7n30,23,1,2904,2887.4,0,1,2925,c0af92,1
RF02541,7s9u,A,1,2928,3013.9,0,1,2925,c0af92,1
RF02541,7tos,23S,1,2903,2879.9,0,1,2925,c0af92,1
RF02541,8oj5,5,1277,4822,598.2,3.60E-197,1,2923,c0af92,0
RF02541,8oj5,5,5,420,123.7,3.10E-38,30,555,c0af92,0
RF02541,8ud7,1A,1,2912,2689.8,0,1,2925,c0af92,1
RF02543,2ogm,0,137,2867,1236,0,1,3401,c0af92,0
RF02543,4lt8,YA,149,2902,1152.1,0,1,3401,c0af92,0
RF02543,4u24,DA,160,2893,1270.5,0,1,3401,c0af92,0
RF02543,4v7j,AA,144,2844,1082,3.10E-295,1,3401,c0af92,0
RF02543,5el5,1H,153,2903,1154.9,0,1,3401,c0af92,0
RF02543,6o8y,A,160,2895,1255.1,0,1,3401,c0af92,0
RF02543,6wyv,I,160,2893,1267.9,0,1,3401,c0af92,0
RF02543,7n30,23,160,2893,1267.9,0,1,3401,c0af92,0
RF02543,7s9u,A,163,2917,1279.4,0,1,3401,c0af92,0
RF02543,7tos,23S,160,2893,1269,0,1,3401,c0af92,0
RF02543,8oj5,5,3,5069,2381.8,0,1,3401,c0af92,1
RF02543,8ud7,1A,148,2901,1152.1,0,1,3401,c0af92,0
RF00001,4v56,DA,3,118,77.2,3.20E-17,1,119,c0af92,1
RF00001,4v84,DB,3,119,100.7,2.70E-23,1,119,c0af92,1
RF00001,5dc3,3,1,121,88.8,3.30E-20,1,119,c0af92,1
RF00001,7jt1,2,3,118,77.2,3.20E-17,1,119,c0af92,1
RF00001,8ceh,BB,1,121,88.8,3.30E-20,1,119,c0af92,1
RF00001,8fzg,B,3,118,74.8,1.40E-16,1,119,c0af92,1
RF00001,8g2c,2B,3,119,100.7,2.80E-23,1,119,c0af92,1
RF00001,8g2d,2B,3,119,100.7,2.80E-23,1,119,c0af92,1
RF00001,9bdp,A5S,1,119,118.9,5.30E-28,1,119,c0af92,1
RF00028,1y0q,A,1,192,79.3,2.30E-20,21,251,c0af92,1
RF00028,7xsk,N,31,312,115.6,1.40E-30,1,251,c0af92,1
RF02541,4wqf,AA,1,2912,2689.8,0,1,2925,c0af92,1
RF02541,4wt8,C1,1,2899,2575.9,0,6,2918,c0af92,1
RF02541,5v7q,A,1,3138,2762.8,0,1,2925,c0af92,1
RF02541,6cfj,1A,1,2912,2689.8,0,1,2925,c0af92,1
RF02541,6ha1,A,1,2928,3016.3,0,1,2925,c0af92,1
RF02541,6zsc,XA,1,1454,372,6.60E-122,426,2925,c0af92,1
RF02541,7nhm,A,1,2923,2983.9,0,1,2925,c0af92,1
RF02541,7qvp,L5,1,4896,627.7,4.60E-207,1,2925,c0af92,0
RF02541,7uvw,A,8,2900,2893.9,0,1,2925,c0af92,1
RF02543,4wqf,AA,148,2901,1152.1,0,1,3401,c0af92,0
RF02543,4wt8,C1,142,2895,1085.3,3.80E-296,1,3401,c0af92,0
RF02543,5v7q,A,162,3127,1211.7,0,1,3401,c0af92,0
RF02543,6cfj,1A,148,2901,1152.1,0,1,3401,c0af92,0
RF02543,6ha1,A,163,2917,1278.8,0,1,3401,c0af92,0
RF02543,7nhm,A,164,2912,1322.2,0,1,3401,c0af92,0
RF02543,7qvp,L5,160,5226,2379.3,0,1,3401,c0af92,1
RF02543,7uvw,A,167,2888,1271.3,0,1,3401,c0af92,0
RF00001,4v5e,BB,3,119,100.7,2.80E-23,1,119,c0af92,1
RF00001,4v65,BA,2,117,77.2,3.20E-17,1,119,c0af92,1
RF00001,4v7u,BB,2,117,77.2,3.20E-17,1,119,c0af92,1
RF00001,5fdu,2B,3,119,100.7,2.80E-23,1,119,c0af92,1
RF00001,5ot7,5,3,119,100.7,2.70E-23,1,119,c0af92,1
RF00001,6oig,7,1,121,88.8,3.30E-20,1,119,c0af92,1
RF00001,6uo1,1B,3,119,100.7,2.80E-23,1,119,c0af92,1
RF00001,7k51,2,3,118,77.2,3.20E-17,1,119,c0af92,1
RF00001,7zux,4,1,121,88.8,3.30E-20,1,119,c0af92,1
RF00001,8azw,C,1,119,131.8,2.50E-31,1,119,c0af92,1
RF00001,8fiz,BC,3,118,77.2,3.20E-17,1,119,c0af92,1
RF02541,3j0o,2,1,112,55,7.10E-17,1861,1988,c0af92,0
RF02541,4v5f,DA,1,2913,2699.6,0,1,2925,c0af92,1
RF02541,4v8b,DA,1,2912,2697.7,0,1,2923,c0af92,1
RF02541,5lzb,A,1,2903,2879.8,0,1,2925,c0af92,1
RF02541,5t62,A,1,3167,1242.6,0,156,2925,c0af92,0
RF02541,5we4,A,1,2903,2873.2,0,1,2925,c0af92,1
RF02541,6fkr,1A,1,2901,2678.3,0,6,2918,c0af92,1
RF02541,6gsj,14,1,2914,2708.4,0,1,2925,c0af92,1
RF02541,6nta,RA,1,2912,2689.8,0,1,2925,c0af92,1
RF02541,6ppk,A,1,2927,3008.6,0,1,2925,c0af92,1
RF02541,6vys,a,1,2904,2889.7,0,1,2925,c0af92,1
RF02541,6zm5,A,1,1454,372.4,4.50E-122,426,2925,c0af92,1
RF02541,7f5s,L5,1277,4822,596.2,1.60E-196,1,2923,c0af92,0
RF02541,7f5s,L5,5,420,123.7,3.10E-38,30,555,c0af92,0
RF02541,7m5d,1,1,2903,2879.7,0,1,2925,c0af92,1
RF02541,8cdl,AA,1,3167,1242.6,0,156,2925,c0af92,0
RF02541,8s1p,A,1,2928,3016.3,0,1,2925,c0af92,1
RF02543,3j0o,2,1,112,149.1,3.10E-39,2200,2311,c0af92,1
RF02543,4v5f,DA,149,2902,1152.1,0,1,3401,c0af92,0
RF02543,4v8b,DA,153,2903,1154.9,0,1,3401,c0af92,0
RF02543,5lzb,A,160,2893,1267.9,0,1,3401,c0af92,0
RF02543,5t62,A,4,3396,3401.6,0,1,3401,c0af92,1
RF02543,5we4,A,160,2891,1259.8,0,1,3401,c0af92,0
RF02543,6fkr,1A,144,2897,1150.3,0,1,3401,c0af92,0
RF02543,6gsj,14,153,2903,1154.9,0,1,3401,c0af92,0
RF02543,6nta,RA,148,2901,1152.1,0,1,3401,c0af92,0
RF02543,6ppk,A,163,2917,1278.8,0,1,3401,c0af92,0
RF02543,6vys,a,160,2893,1270.5,0,1,3401,c0af92,0
RF02543,7f5s,L5,3,5069,2376.6,0,1,3401,c0af92,1
RF02543,7m5d,1,160,2893,1267.9,0,1,3401,c0af92,0
RF02543,8cdl,AA,4,3396,3401.6,0,1,3401,c0af92,1
RF02543,8s1p,A,163,2917,1278.8,0,1,3401,c0af92,0
RF00001,4v4q,BA,3,118,77.2,3.20E-17,1,119,c0af92,1
RF00001,4v87,DB,5,121,100.7,2.80E-23,1,119,c0af92,1
RF00001,5j4b,1B,3,119,100.7,2.80E-23,1,119,c0af92,1
RF00001,7md7,1B,3,119,100.7,2.80E-23,1,119,c0af92,1
RF00001,7pi8,4,1,108,63.9,7.60E-14,1,119,c0af92,1
RF00001,7u2j,1B,3,119,100.7,2.80E-23,1,119,c0af92,1
RF00001,8agt,h,1,121,88.8,3.30E-20,1,119,c0af92,1
RF00001,8rd8,D8,1,115,80.7,3.90E-18,1,119,c0af92,1
RF02541,4u52,1,1,3167,1242.6,0,156,2925,c0af92,0
RF02541,4v8a,BA,1,2912,2687,0,1,2925,c0af92,1
RF02541,4v8x,BA,1,2848,2576.2,0,6,2918,c0af92,1
RF02541,5njt,U,1,2923,2996.4,0,1,2925,c0af92,1
RF02541,6skg,BA,11,3037,1958.6,0,1,2925,c0af92,0
RF02541,6t83,1b,1,3167,1242.6,0,156,2925,c0af92,0
RF02541,7l08,A,1,1454,372.4,4.50E-122,426,2925,c0af92,1
RF02541,7l20,A,1,1454,372.4,4.50E-122,426,2925,c0af92,1
RF02541,7qwq,5,1180,4754,648.7,4.10E-214,1,2856,c0af92,0
RF02541,7qwq,5,5,420,123.7,2.90E-38,30,555,c0af92,0
RF02541,7uw1,A,8,2900,2893.9,0,1,2925,c0af92,1
RF02541,8apo,A7,1,534,243.4,2.70E-79,1640,2430,c0af92,1
RF02541,8evr,A1,1,3131,1242.5,0,158,2925,c0af92,0
RF02541,8k2b,L1,1,1454,372.4,4.50E-122,426,2925,c0af92,1
RF02541,8rjd,K,1,3326,977.8,0,159,2925,c0af92,0
RF02543,4u52,1,4,3396,3401.6,0,1,3401,c0af92,1
RF02543,4v8a,BA,148,2901,1150.8,0,1,3401,c0af92,0
RF02543,4v8x,BA,144,2844,1082,3.10E-295,1,3401,c0af92,0
RF02543,5njt,U,161,2915,1279.4,0,1,3401,c0af92,0
RF02543,6skg,BA,151,3026,1626.7,0,1,3401,c0af92,0
RF02543,6t83,1b,4,3396,3401.6,0,1,3401,c0af92,1
RF02543,7qwq,5,3,4754,2512.5,0,1,3401,c0af92,1
RF02543,7uw1,A,167,2888,1271.3,0,1,3401,c0af92,0
RF02543,8apo,A7,47,298,108.5,2.50E-27,1895,2354,c0af92,0
RF02543,8evr,A1,2,3360,3395.8,0,1,3401,c0af92,1
RF02543,8rjd,K,3,3543,2779.4,0,1,3401,c0af92,1
RF00001,4v7p,CB,3,119,100.7,2.70E-23,1,119,c0af92,1
RF00001,5dm7,Y,4,120,71.6,9.00E-16,1,119,c0af92,1
RF00001,6hcq,71,1,119,118.9,5.30E-28,1,119,c0af92,1
RF00001,6pc8,J,2,117,77.2,3.20E-17,1,119,c0af92,1
RF00001,6r6g,7,1,119,118.9,5.30E-28,1,119,c0af92,1
RF00001,6ysu,B,3,118,77.2,3.20E-17,1,119,c0af92,1
RF00001,7zw0,LC,1,121,88.8,3.30E-20,1,119,c0af92,1
RF00001,8g2u,A,2,117,77.2,3.20E-17,1,119,c0af92,1
RF00001,8vsa,5S,3,118,77.2,3.20E-17,1,119,c0af92,1
RF00001,8why,B,3,116,77,3.50E-17,1,119,c0af92,1
RF02541,2j28,B,1,2904,2889.8,0,1,2925,c0af92,1
RF02541,3jbu,b,1,2904,2889.8,0,1,2925,c0af92,1
RF02541,4v4j,w,1,2889,2725.1,0,1,2923,c0af92,1
RF02541,5gag,A,1,2903,2882.1,0,1,2925,c0af92,1
RF02541,5hcr,2A,1,2912,2689.8,0,1,2925,c0af92,1
RF02541,5ndg,5,1,3167,1242.6,0,156,2925,c0af92,0
RF02541,6osi,RA,5,2905,2673.2,0,6,2918,c0af92,1
RF02541,6pct,I,1,2904,2887.4,0,1,2925,c0af92,1
RF02541,6zj3,LE,120,698,72.8,4.90E-22,569,1061,c0af92,0
RF02541,7mdz,5,1,3386,1017.6,0,159,2925,c0af92,0
RF02541,7oib,A,1,1454,372.4,4.50E-122,426,2925,c0af92,1
RF02541,8cvk,2A,1,2912,2689.8,0,1,2925,c0af92,1
RF02541,8g6y,a,1,2904,2887.4,0,1,2925,c0af92,1
RF02543,2j28,B,160,2893,1270.5,0,1,3401,c0af92,0
RF02543,3jbu,b,160,2893,1270.5,0,1,3401,c0af92,0
RF02543,4v4j,w,153,2880,1160.6,0,1,3401,c0af92,0
RF02543,5gag,A,160,2893,1270.5,0,1,3401,c0af92,0
RF02543,5hcr,2A,148,2901,1152.1,0,1,3401,c0af92,0
RF02543,5ndg,5,4,3396,3401.6,0,1,3401,c0af92,1
RF02543,6osi,RA,148,2901,1152.1,0,1,3401,c0af92,0
RF02543,6pct,I,160,2893,1267.9,0,1,3401,c0af92,0
RF02543,6zj3,LE,1,698,262.5,1.00E-69,591,1105,c0af92,1
RF02543,7mdz,5,3,3603,2857.2,0,1,3401,c0af92,1
RF02543,8cvk,2A,148,2901,1152.1,0,1,3401,c0af92,0
RF02543,8g6y,a,160,2893,1267.9,0,1,3401,c0af92,0
RF00001,4l47,RB,3,119,100.7,2.80E-23,1,119,c0af92,1
RF00001,4v6c,BB,2,117,77.2,3.20E-17,1,119,c0af92,1
RF00001,4v8u,DB,5,121,100.7,2.80E-23,1,119,c0af92,1
RF00001,5e7k,1J,5,121,100.7,2.80E-23,1,119,c0af92,1
RF00001,6d90,7,1,119,118.9,5.20E-28,1,119,c0af92,1
RF00001,7unr,B,3,118,86.6,1.20E-19,1,119,c0af92,1
RF00001,7z34,2,1,121,88.8,3.30E-20,1,119,c0af92,1
RF02541,1k9m,A,2,2920,1740.4,0,1,2925,c0af92,0
RF02541,3ow2,0,3,2902,1731.3,0,15,2912,c0af92,0
RF02541,4v4t,BA,1,2914,2686.5,0,1,2925,c0af92,1
RF02541,4v6c,BA,1,2903,2882.1,0,1,2925,c0af92,1
RF02541,4v8y,B5,1,3167,1242.6,0,156,2925,c0af92,0
RF02541,5d8b,VC,1,2890,2726,0,1,2925,c0af92,1
RF02541,6wd7,1,1,2903,2879.9,0,1,2925,c0af92,1
RF02541,6xyw,1,1,2842,2035.6,0,1,2925,c0af92,1
RF02541,7as8,A,1,2926,3004,0,1,2923,c0af92,1
RF02541,7mt7,A,1,3138,2762.8,0,1,2925,c0af92,1
RF02541,7nww,1,1,2903,2879.7,0,1,2925,c0af92,1
RF02541,8rjc,K,1,3326,977.8,0,159,2925,c0af92,0
RF02543,1k9m,A,131,2914,1469.1,0,1,3401,c0af92,0
RF02543,3ow2,0,121,2902,1462.8,0,1,3401,c0af92,0
RF02543,4v4t,BA,149,2903,1134.5,0,1,3401,c0af92,0
RF02543,4v6c,BA,160,2893,1270.5,0,1,3401,c0af92,0
RF02543,4v8y,B5,4,3396,3401.6,0,1,3401,c0af92,1
RF02543,5d8b,VC,152,2879,1160.6,0,1,3401,c0af92,0
RF02543,6wd7,1,160,2893,1269,0,1,3401,c0af92,0
RF02543,6xyw,1,130,2772,1043.3,1.50E-284,1,3401,c0af92,0
RF02543,7as8,A,163,2917,1278.8,0,1,3401,c0af92,0
RF02543,7mt7,A,162,3127,1211.7,0,1,3401,c0af92,0
RF02543,7nww,1,160,2893,1267.9,0,1,3401,c0af92,0
RF02543,8rjc,K,3,3543,2779.4,0,1,3401,c0af92,1
RF00001,3j9w,BB,1,116,88.7,3.40E-20,1,119,c0af92,1
RF00001,4v88,A3,1,121,88.8,3.30E-20,1,119,c0af92,1
RF00001,4v9b,BB,5,121,100.7,2.80E-23,1,119,c0af92,1
RF00001,6tb3,BR,1,121,88.8,3.30E-20,1,119,c0af92,1
RF00001,8fr8,B,3,116,77,3.50E-17,1,119,c0af92,1
RF00001,8ip8,TB,1,119,120.7,1.80E-28,1,119,c0af92,1
RF00001,8pva,b,3,118,77.2,3.20E-17,1,119,c0af92,1
RF02541,4v63,DA,1,2891,2738.6,0,1,2925,c0af92,1
RF02541,4v9m,DA,1,2879,2712.2,0,6,2918,c0af92,1
RF02541,5tga,5,1,3165,1242.6,0,158,2925,c0af92,0
RF02541,5x8t,A,1,2810,2419.8,0,1,2818,c0af92,1
RF02541,6i0y,A,1,2903,2882.1,0,1,2925,c0af92,1
RF02541,6vyt,a,1,2904,2889.7,0,1,2925,c0af92,1
RF02541,6w6l,t,1,3382,892,9.20E-296,159,2925,c0af92,0
RF02541,6wdf,1,1,2903,2879.9,0,1,2925,c0af92,1
RF02541,7btb,1,1,3167,1242.6,0,156,2925,c0af92,0
RF02541,7rqe,2A,1,2912,2689.8,0,1,2925,c0af92,1
RF02541,8cgk,a,1,2904,2887.4,0,1,2925,c0af92,1
RF02541,8fzi,A,1,2904,2887.4,0,1,2925,c0af92,1
RF02541,8p18,1,1,2904,2887.4,0,1,2925,c0af92,1
RF02543,4v63,DA,153,2880,1160.6,0,1,3401,c0af92,0
RF02543,4v9m,DA,148,2875,1160.6,0,1,3401,c0af92,0
RF02543,5tga,5,2,3394,3401.6,0,1,3401,c0af92,1
RF02543,5x8t,A,143,2810,1110.5,0,1,3165,c0af92,0
RF02543,6i0y,A,160,2893,1270.5,0,1,3401,c0af92,0
RF02543,6vyt,a,160,2893,1270.5,0,1,3401,c0af92,0
RF02543,6w6l,t,3,3578,2645.7,0,1,3401,c0af92,1
RF02543,6wdf,1,160,2893,1269,0,1,3401,c0af92,0
RF02543,6zj3,LJ,16,143,67.4,1.70E-16,3020,3146,c0af92,1
RF02543,7btb,1,4,3396,3401.6,0,1,3401,c0af92,1
RF02543,7rqe,2A,148,2901,1152.1,0,1,3401,c0af92,0
RF02543,8cgk,a,160,2893,1267.9,0,1,3401,c0af92,0
RF02543,8fzi,A,160,2893,1267.9,0,1,3401,c0af92,0
RF02543,8p18,1,160,2893,1267.9,0,1,3401,c0af92,0
RF00001,5fcj,3,1,121,88.8,3.30E-20,1,119,c0af92,1
RF00001,5j88,DB,3,118,77.2,3.20E-17,1,119,c0af92,1
RF00001,6nta,RB,3,119,100.7,2.80E-23,1,119,c0af92,1
RF00001,8ink,3,1,119,111.3,4.80E-26,1,119,c0af92,1
RF02541,1vq4,0,2,2920,1740.4,0,1,2925,c0af92,0
RF02541,4tuc,RA,1,2912,2689.8,0,1,2925,c0af92,1
RF02541,4v87,DA,1,2912,2697.7,0,1,2923,c0af92,1
RF02541,4v8m,BG,21,182,61.7,6.40E-19,2652,2816,c0af92,0
RF02541,4ybb,DA,1,2903,2879.8,0,1,2925,c0af92,1
RF02541,6pcs,I,1,2904,2887.4,0,1,2925,c0af92,1
RF02541,6t7i,C1,1,3167,1242.6,0,156,2925,c0af92,0
RF02541,7jss,1,1,2903,2879.9,0,1,2925,c0af92,1
RF02541,7sa4,1,1,2903,2879.7,0,1,2925,c0af92,1
RF02541,8agw,f,1,3166,1231.9,0,156,2925,c0af92,0
RF02541,8evp,A1,1,3131,1242.5,0,158,2925,c0af92,0
RF02541,8g29,2A,1,2912,2687.2,0,1,2925,c0af92,1
RF02541,8rpz,A,1,2903,2876.9,0,1,2925,c0af92,1
RF02543,1vq4,0,131,2914,1469.1,0,1,3401,c0af92,0
RF02543,4tuc,RA,148,2901,1152.1,0,1,3401,c0af92,0
RF02543,4v87,DA,153,2903,1154.9,0,1,3401,c0af92,0
RF02543,4v8m,BG,25,180,105,7.50E-27,3007,3161,c0af92,1
RF02543,4ybb,DA,160,2893,1267.9,0,1,3401,c0af92,0
RF02543,6pcs,I,160,2893,1267.9,0,1,3401,c0af92,0
RF02543,6t7i,C1,4,3396,3401.6,0,1,3401,c0af92,1
RF02543,7jss,1,160,2893,1269,0,1,3401,c0af92,0
RF02543,7sa4,1,160,2893,1267.9,0,1,3401,c0af92,0
RF02543,8agw,f,4,3395,3374.5,0,1,3401,c0af92,1
RF02543,8evp,A1,2,3360,3395.8,0,1,3401,c0af92,1
RF02543,8g29,2A,148,2901,1149.2,0,1,3401,c0af92,0
RF02543,8rpz,A,160,2893,1266.1,0,1,3401,c0af92,0
RF00001,4v7h,B3,1,113,66.8,1.40E-14,1,119,c0af92,1
RF00001,4v9m,BB,3,119,100.7,2.70E-23,1,119,c0af92,1
RF00001,5wis,1B,3,119,100.7,2.80E-23,1,119,c0af92,1
RF00001,6gxn,B,3,118,77.2,3.20E-17,1,119,c0af92,1
RF00001,6h58,BB,3,118,77.2,3.20E-17,1,119,c0af92,0
RF00001,8agx,h,1,121,88.8,3.30E-20,1,119,c0af92,1
RF00001,8ev7,1B,3,119,100.7,2.80E-23,1,119,c0af92,1
RF00001,8pkl,8,3,118,77.2,3.20E-17,1,119,c0af92,1
RF00001,8ud6,2B,3,119,100.7,2.80E-23,1,119,c0af92,1
RF00169,5nco,1,6,102,65.5,8.90E-16,1,97,c0af92,1
RF02541,1c04,E,1,58,58.2,3.10E-18,1093,1150,c0af92,1
RF02541,1vqp,0,2,2920,1740.4,0,1,2925,c0af92,0
RF02541,3dg0,B,1,2904,2889.8,0,1,2925,c0af92,1
RF02541,5nwy,N,1,2903,2882.1,0,1,2925,c0af92,1
RF02541,6gqv,1,1,3167,1242.6,0,156,2925,c0af92,0
RF02541,6xir,1,1,3166,1242.8,0,156,2925,c0af92,0
RF02541,7aqc,A,1,2820,2881.6,0,1,2925,c0af92,1
RF02541,7qwr,5,1180,4754,648.7,4.10E-214,1,2856,c0af92,0
RF02541,7qwr,5,5,420,123.7,2.90E-38,30,555,c0af92,0
RF02541,8crx,a,3,3083,2575.2,0,1,2925,c0af92,1
RF02541,8g2c,2A,1,2912,2687.2,0,1,2925,c0af92,1
RF02541,8oj0,5,1277,4822,598.2,3.60E-197,1,2923,c0af92,0
RF02541,8oj0,5,5,420,123.7,3.10E-38,30,555,c0af92,0
RF02541,8pv2,C1,1,3151,1258.3,0,155,2925,c0af92,0
RF02541,8scb,5,1,3326,977.5,0,159,2925,c0af92,0
RF02543,1vqp,0,131,2914,1469.1,0,1,3401,c0af92,0
RF02543,3dg0,B,160,2893,1270.5,0,1,3401,c0af92,0
RF02543,5nwy,N,160,2893,1270.5,0,1,3401,c0af92,0
RF02543,6gqv,1,4,3396,3401.6,0,1,3401,c0af92,1
RF02543,6xir,1,4,3395,3401.9,0,1,3401,c0af92,1
RF02543,7aqc,A,161,2812,1226.3,0,1,3401,c0af92,0
RF02543,7qwr,5,3,4754,2512.5,0,1,3401,c0af92,1
RF02543,8crx,a,167,3072,1112.3,0,1,3401,c0af92,0
RF02543,8g2c,2A,148,2901,1149.2,0,1,3401,c0af92,0
RF02543,8oj0,5,3,5069,2381.8,0,1,3401,c0af92,1
RF02543,8pv2,C1,5,3337,3383.2,0,1,3401,c0af92,1
RF02543,8scb,5,3,3543,2779.3,0,1,3401,c0af92,1
RF00001,1vq9,9,1,121,77.4,2.90E-17,1,119,c0af92,1
RF00001,4l47,YB,3,119,100.7,2.80E-23,1,119,c0af92,1
RF00001,4v63,BB,5,121,100.7,2.80E-23,1,119,c0af92,1
RF00001,5h5u,B,3,118,77.2,3.20E-17,1,119,c0af92,1
RF00001,5wit,1B,3,119,100.7,2.80E-23,1,119,c0af92,1
RF00001,6cfj,2B,3,119,100.7,2.80E-23,1,119,c0af92,1
RF00001,6cfl,2B,3,119,100.7,2.80E-23,1,119,c0af92,1
RF00001,6r84,3,1,121,88.8,3.30E-20,1,119,c0af92,1
RF00001,8agu,h,1,121,88.8,3.30E-20,1,119,c0af92,1
RF00001,8rpz,B,3,118,77.2,3.20E-17,1,119,c0af92,1
RF00028,1grz,B,1,237,113.4,3.70E-30,49,251,c0af92,1
RF00028,7ez0,N,31,312,115.6,1.40E-30,1,251,c0af92,1
RF02541,4v4h,DB,1,2904,2889.8,0,1,2925,c0af92,1
RF02541,4v75,BA,1,2903,2882.1,0,1,2925,c0af92,1
RF02541,4v7u,DA,1,2904,2889.8,0,1,2925,c0af92,1
RF02541,4v8g,BA,1,2912,2689.8,0,1,2925,c0af92,1
RF02541,4w2i,DA,1,2912,2689.8,0,1,2925,c0af92,1
RF02541,5ndv,5,1,3167,1242.6,0,156,2925,c0af92,0
RF02541,6ywe,A,48,3440,887.9,2.10E-294,1,2925,c0af92,1
RF02541,7abz,1,1,2904,2887.4,0,1,2925,c0af92,1
RF02541,7ods,A,1,1454,372.4,4.60E-122,426,2925,c0af92,1
RF02541,9f1b,B5,1187,4808,639,7.00E-211,1,2856,c0af92,0
RF02541,9f1b,B5,5,420,128.6,6.90E-40,30,555,c0af92,0
RF02543,4v4h,DB,160,2893,1270.5,0,1,3401,c0af92,0
RF02543,4v75,BA,160,2893,1270.5,0,1,3401,c0af92,0
RF02543,4v7u,DA,160,2893,1270.5,0,1,3401,c0af92,0
RF02543,4v8g,BA,148,2901,1152.1,0,1,3401,c0af92,0
RF02543,4w2i,DA,148,2901,1152.1,0,1,3401,c0af92,0
RF02543,5ndv,5,4,3396,3401.6,0,1,3401,c0af92,1
RF02543,6ywe,A,332,3358,372.1,2.80E-99,1,3401,c0af92,0
RF02543,7abz,1,160,2893,1267.9,0,1,3401,c0af92,0
RF02543,9f1b,B5,3,4808,2513.9,0,1,3401,c0af92,1
RF00001,3cc4,9,1,121,75.2,1.10E-16,1,119,c0af92,1
RF00001,6bz8,YB,3,119,100.7,2.80E-23,1,119,c0af92,1
RF00001,6ddg,2,1,115,75,1.10E-16,1,119,c0af92,1
RF00001,6wdg,2,3,118,77.2,3.20E-17,1,119,c0af92,1
RF00001,7nhk,B,1,116,83.5,7.30E-19,1,119,c0af92,1
RF00001,7oj0,b,3,118,77.2,3.20E-17,1,119,c0af92,1
RF00001,9b00,2B,3,119,100.7,2.80E-23,1,119,c0af92,1
RF02541,1njo,0,1,2878,2737.8,0,1,2925,c0af92,1
RF02541,3fwo,A,1,2878,2737.8,0,1,2925,c0af92,1
RF02541,5an9,N,1,3577,1138.7,0,161,2925,c0af92,0
RF02541,5hcq,2A,1,2912,2689.8,0,1,2925,c0af92,1
RF02541,5imr,D,1,2891,2728.8,0,1,2925,c0af92,1
RF02541,5j5b,DA,1,2904,2887.4,0,1,2925,c0af92,1
RF02541,5mdv,1,1,2904,2887.4,0,1,2925,c0af92,1
RF02541,5npm,B,1,80,59.1,2.10E-18,2131,2210,c0af92,1
RF02541,7ls2,A2,1070,4731,654.4,4.70E-216,1,2914,c0af92,0
RF02541,7ls2,A2,5,420,131.1,9.60E-41,30,555,c0af92,0
RF02541,7n1p,23,1,2904,2888,0,1,2925,c0af92,1
RF02541,7p7r,A,1,2912,2943.2,0,1,2925,c0af92,1
RF02543,1njo,0,137,2867,1236,0,1,3401,c0af92,0
RF02543,3fwo,A,137,2867,1236,0,1,3401,c0af92,0
RF02543,5an9,N,2,3741,2720.4,0,1,3401,c0af92,1
RF02543,5hcq,2A,148,2901,1152.1,0,1,3401,c0af92,0
RF02543,5imr,D,149,2880,1141.8,0,1,3401,c0af92,0
RF02543,5j5b,DA,160,2893,1267.9,0,1,3401,c0af92,0
RF02543,5mdv,1,160,2893,1267.9,0,1,3401,c0af92,0
RF02543,7ls2,A2,3,4717,2582.6,0,1,3401,c0af92,1
RF02543,7n1p,23,160,2893,1267.9,0,1,3401,c0af92,0
RF02543,7p7r,A,162,2902,1255,0,1,3401,c0af92,0
RF00001,4tua,YB,3,119,100.7,2.80E-23,1,119,c0af92,1
RF00001,4u67,Y,5,121,71.6,9.10E-16,1,119,c0af92,1
RF00001,4v4h,DA,3,118,77.2,3.20E-17,1,119,c0af92,1
RF00001,4v6m,B7,3,118,77.2,3.20E-17,1,119,c0af92,1
RF00001,4w4g,RB,5,121,100.7,2.80E-23,1,119,c0af92,1
RF00001,6fkr,1B,3,119,100.7,2.80E-23,1,119,c0af92,1
RF00001,6olz,A4,1,119,118.9,5.20E-28,1,119,c0af92,1
RF00001,6xqd,2B,3,119,100.7,2.80E-23,1,119,c0af92,1
RF00001,7n2u,5,3,118,77.2,3.20E-17,1,119,c0af92,1
RF00001,7qgg,E,1,119,118.9,5.30E-28,1,119,c0af92,1
RF00001,8evp,A3,1,121,88.8,3.30E-20,1,119,c0af92,1
RF00001,8rpy,B,3,118,77.2,3.20E-17,1,119,c0af92,1
RF02541,4v67,BA,1,2891,2738.6,0,1,2925,c0af92,1
RF02541,4v7t,BA,1,2903,2882.1,0,1,2925,c0af92,1
RF02541,4v97,DA,1,2912,2689.8,0,1,2925,c0af92,1
RF02541,4v9k,DA,1,2879,2712.2,0,6,2918,c0af92,1
RF02541,5czp,RA,1,2912,2689.8,0,1,2925,c0af92,1
RF02541,5fdv,2A,1,2912,2689.8,0,1,2925,c0af92,1
RF02541,5mei,1,1,3167,1242.6,0,156,2925,c0af92,0
RF02541,6gc6,A,1,2904,2889.8,0,1,2925,c0af92,1
RF02541,6skf,BA,11,3037,1830.9,0,1,2925,c0af92,0
RF02541,6wd4,1,1,2903,2879.9,0,1,2925,c0af92,1
RF02541,6zsg,XA,1,1454,372.4,4.50E-122,426,2925,c0af92,1
RF02541,7pkt,3,1,184,116.2,3.70E-37,703,898,c0af92,1
RF02541,8pfr,A,1,3167,1242.6,0,156,2925,c0af92,0
RF02541,8v9k,A,1,3127,2743.8,0,1,2925,c0af92,1
RF02543,4v67,BA,153,2880,1160.6,0,1,3401,c0af92,0
RF02543,4v7t,BA,160,2893,1270.5,0,1,3401,c0af92,0
RF02543,4v97,DA,148,2901,1152.1,0,1,3401,c0af92,0
RF02543,4v9k,DA,148,2875,1160.6,0,1,3401,c0af92,0
RF02543,5czp,RA,148,2901,1152.1,0,1,3401,c0af92,0
RF02543,5fdv,2A,148,2901,1152.1,0,1,3401,c0af92,0
RF02543,5mei,1,4,3396,3401.6,0,1,3401,c0af92,1
RF02543,6gc6,A,160,2893,1270.5,0,1,3401,c0af92,0
RF02543,6skf,BA,151,3026,1527.7,0,1,3401,c0af92,0
RF02543,6wd4,1,160,2893,1269,0,1,3401,c0af92,0
RF02543,7pkt,3,1,184,60.4,1.50E-14,803,999,c0af92,0
RF02543,8pfr,A,4,3396,3401.6,0,1,3401,c0af92,1
RF02543,8v9k,A,162,3116,1219,0,1,3401,c0af92,0
RF00001,1vqo,9,1,121,77.4,2.90E-17,1,119,c0af92,1
RF00001,1xbp,9,5,121,71.6,9.10E-16,1,119,c0af92,1
RF00001,4v5q,BB,5,121,100.7,2.80E-23,1,119,c0af92,1
RF00001,4xej,A5S,3,119,100.7,2.70E-23,1,119,c0af92,1
RF00001,5el6,1J,5,121,100.7,2.80E-23,1,119,c0af92,1
RF00001,5mdw,3,3,118,77.2,3.20E-17,1,119,c0af92,1
RF00001,5vp2,2B,3,119,100.7,2.80E-23,1,119,c0af92,1
RF00001,6osk,3,3,118,77.2,3.20E-17,1,119,c0af92,1
RF00001,6xdr,d,3,118,77.2,3.20E-17,1,119,c0af92,1
RF00001,7paq,4,1,108,63.9,7.60E-14,1,119,c0af92,1
RF00001,7pas,4,1,108,63.9,7.60E-14,1,119,c0af92,1
RF00001,7qwr,7,1,119,118.9,5.30E-28,1,119,c0af92,1
RF00001,8c95,B,3,118,77.2,3.20E-17,1,119,c0af92,1
RF00001,8ev7,2B,3,119,100.7,2.80E-23,1,119,c0af92,1
RF00001,8hu1,b,3,118,77.2,3.20E-17,1,119,c0af92,1
RF00001,8rjb,u,1,119,118.9,5.30E-28,1,119,c0af92,1
RF02541,1y39,D,1,58,56.2,1.40E-17,1093,1150,c0af92,1
RF02541,4lt8,RA,1,2913,2699.6,0,1,2925,c0af92,1
RF02541,4v47,A0,1,2904,2889.8,0,1,2925,c0af92,1
RF02541,4v5j,BA,1,2913,2699.6,0,1,2925,c0af92,1
RF02541,4v6e,DA,1,2903,2882.1,0,1,2925,c0af92,1
RF02541,4yzv,YA,1,2913,2699.6,0,1,2925,c0af92,1
RF02541,5dge,5,1,3167,1242.6,0,156,2925,c0af92,0
RF02541,5j7l,CA,1,2904,2887.4,0,1,2925,c0af92,1
RF02541,6gaw,BA,1,1457,360.6,4.30E-118,200,2925,c0af92,1
RF02541,6nwy,YA,1,2912,2689.8,0,1,2925,c0af92,1
RF02541,6yef,A,1,2923,2986.2,0,1,2925,c0af92,1
RF02541,6zsa,XA,1,1454,372.4,4.50E-122,426,2925,c0af92,1
RF02541,8onz,1,1,3151,1258.3,0,155,2925,c0af92,0
RF02541,8peg,7,1,2903,2879.8,0,1,2925,c0af92,1
RF02543,4lt8,RA,149,2902,1152.1,0,1,3401,c0af92,0
RF02543,4v47,A0,160,2893,1270.5,0,1,3401,c0af92,0
RF02543,4v5j,BA,149,2902,1152.1,0,1,3401,c0af92,0
RF02543,4v6e,DA,160,2893,1270.5,0,1,3401,c0af92,0
RF02543,4yzv,YA,149,2902,1152.1,0,1,3401,c0af92,0
RF02543,5dge,5,4,3396,3401.6,0,1,3401,c0af92,1
RF02543,5j7l,CA,160,2893,1267.9,0,1,3401,c0af92,0
RF02543,6nwy,YA,148,2901,1152.1,0,1,3401,c0af92,0
RF02543,6yef,A,164,2912,1326.7,0,1,3401,c0af92,0
RF02543,8onz,1,5,3337,3383.2,0,1,3401,c0af92,1
RF02543,8peg,7,160,2893,1267.9,0,1,3401,c0af92,0
RF00001,1nkw,9,5,121,71.6,9.10E-16,1,119,c0af92,1
RF00001,3jct,3,1,121,88.8,3.30E-20,1,119,c0af92,1
RF00001,4v4p,AB,5,121,100.7,2.80E-23,1,119,c0af92,1
RF00001,4wt8,Cs,3,119,100.7,2.70E-23,1,119,c0af92,1
RF00001,4ypb,YB,5,121,100.7,2.80E-23,1,119,c0af92,1
RF00001,4z3s,1B,3,119,100.7,2.80E-23,1,119,c0af92,1
RF00001,6dzi,B,3,116,77,3.50E-17,1,119,c0af92,1
RF00001,7ssw,2,3,118,77.2,3.20E-17,1,119,c0af92,1
RF00001,8.00E+45,J,2,117,77.2,3.20E-17,1,119,c0af92,1
RF00001,8ekb,2B,3,119,100.7,2.80E-23,1,119,c0af92,1
RF00001,8g7q,B,3,118,74.8,1.40E-16,1,119,c0af92,1
RF02541,5fdu,1A,1,2912,2689.8,0,1,2925,c0af92,1
RF02541,5li0,A,1,2918,2968.2,0,1,2925,c0af92,1
RF02541,5tga,1,1,3165,1242.6,0,158,2925,c0af92,0
RF02541,5vp2,2A,1,2912,2689.8,0,1,2925,c0af92,1
RF02541,6mtd,5,1,3380,1012,0,159,2925,c0af92,0
RF02541,7nsq,A,1,2903,2882.1,0,1,2925,c0af92,1
RF02541,7zta,23S1,1,2903,2879.8,0,1,2925,c0af92,1
RF02541,8e3o,I,1,2904,2887.4,0,1,2925,c0af92,1
RF02543,5fdu,1A,148,2901,1152.1,0,1,3401,c0af92,0
RF02543,5li0,A,162,2910,1322.2,0,1,3401,c0af92,0
RF02543,5tga,1,2,3394,3401.6,0,1,3401,c0af92,1
RF02543,5vp2,2A,148,2901,1152.1,0,1,3401,c0af92,0
RF02543,6mtd,5,3,3597,2849,0,1,3401,c0af92,1
RF02543,7nsq,A,160,2893,1270.5,0,1,3401,c0af92,0
RF02543,7zta,23S1,160,2893,1267.9,0,1,3401,c0af92,0
RF02543,8e3o,I,160,2893,1267.9,0,1,3401,c0af92,0
RF00001,4v8p,C3,1,119,117,1.60E-27,1,119,c0af92,1
RF00001,5jus,D,1,121,88.8,3.30E-20,1,119,c0af92,1
RF00001,6qnr,16,5,121,100.7,2.80E-23,1,119,c0af92,1
RF00001,8g6x,b,3,118,77.2,3.20E-17,1,119,c0af92,1
RF00001,8vtv,2B,3,119,100.7,2.80E-23,1,119,c0af92,1
RF00029,8k0p,C,563,633,41.1,5.10E-07,1,93,c0af92,1
RF02541,3bbx,B,1,2904,2889.8,0,1,2925,c0af92,1
RF02541,3moj,A,1,73,76.4,3.20E-24,2534,2606,c0af92,1
RF02541,4v5r,DA,1,2913,2694.3,0,1,2925,c0af92,1
RF02541,4woi,CA,1,2904,2889.8,0,1,2925,c0af92,1
RF02541,4wra,1H,1,2916,2701.3,0,1,2925,c0af92,1
RF02541,5uyq,1,1,2903,2879.9,0,1,2925,c0af92,1
RF02541,6nu3,A,1,1381,391.8,1.40E-128,426,2925,c0af92,1
RF02541,6sv4,ZQ,1,3167,1242.6,0,156,2925,c0af92,0
RF02541,6ydp,BA,1176,2737,404.1,1.20E-131,1,2925,c0af92,1
RF02541,7u2i,1A,1,2912,2689.8,0,1,2925,c0af92,1
RF02541,8bhp,0,1,2904,2889.8,0,1,2925,c0af92,1
RF02541,8ekb,1A,1,2912,2689.8,0,1,2925,c0af92,1
RF02543,3bbx,B,160,2893,1270.5,0,1,3401,c0af92,0
RF02543,4v5r,DA,149,2902,1146.4,0,1,3401,c0af92,0
RF02543,4woi,CA,160,2893,1270.5,0,1,3401,c0af92,0
RF02543,4wra,1H,153,2905,1144.8,0,1,3401,c0af92,0
RF02543,5uyq,1,160,2893,1269,0,1,3401,c0af92,0
RF02543,6nu3,A,747,1472,144.1,1.00E-36,1889,3220,c0af92,0
RF02543,6sv4,ZQ,4,3396,3401.6,0,1,3401,c0af92,1
RF02543,6ydp,BA,1915,2080,59.5,2.50E-12,2129,2336,c0af92,0
RF02543,6ydp,BA,2141,2541,134.9,3.90E-33,2396,2998,c0af92,0
RF02543,7u2i,1A,148,2901,1152.1,0,1,3401,c0af92,0
RF02543,8bhp,0,160,2893,1270.5,0,1,3401,c0af92,0
RF02543,8ekb,1A,148,2901,1152.1,0,1,3401,c0af92,0
RF00001,4v67,DB,5,121,100.7,2.80E-23,1,119,c0af92,1
RF00001,4v88,A7,1,121,88.8,3.30E-20,1,119,c0af92,1
RF00001,4v8e,CB,5,121,100.7,2.80E-23,1,119,c0af92,1
RF00001,4y4o,2B,3,119,100.7,2.80E-23,1,119,c0af92,1
RF00001,5j5b,CB,3,118,77.2,3.20E-17,1,119,c0af92,1
RF00001,6czr,2B,3,119,100.7,2.80E-23,1,119,c0af92,1
RF00001,6gxp,B,3,118,77.2,3.20E-17,1,119,c0af92,1
RF00001,6ysi,5,2,116,83.5,7.40E-19,1,119,c0af92,1
RF00001,6z6m,L7,1,119,118.9,5.30E-28,1,119,c0af92,1
RF00001,7pau,4,1,108,63.9,7.60E-14,1,119,c0af92,1
RF00001,7rqd,2B,3,119,100.7,2.80E-23,1,119,c0af92,1
RF00001,7s1j,J,3,118,77.2,3.20E-17,1,119,c0af92,1
RF00001,8g7s,B,3,118,74.8,1.40E-16,1,119,c0af92,1
RF00001,8upo,d,3,118,77.2,3.20E-17,1,119,c0af92,1
RF00028,7ygd,N,11,317,117.1,5.20E-31,1,251,c0af92,1
RF02541,1hc8,D,1,58,58.2,3.10E-18,1093,1150,c0af92,1
RF02541,1vq6,0,2,2920,1740.4,0,1,2925,c0af92,0
RF02541,2j37,Z,39,280,61.8,9.00E-19,1309,1543,c0af92,0
RF02541,3g4s,0,1,2923,1747.5,0,1,2925,c0af92,0
RF02541,4v7s,DA,1,2903,2882.1,0,1,2925,c0af92,1
RF02541,4v8f,AA,1,2912,2697.7,0,1,2923,c0af92,1
RF02541,4v95,DA,1,2912,2689.8,0,1,2925,c0af92,1
RF02541,5aa0,AA,1,2889,2718.1,0,1,2923,c0af92,1
RF02541,5fcj,5,1,3167,1242.6,0,156,2925,c0af92,0
RF02541,6uo1,2A,1,2912,2689.8,0,1,2925,c0af92,1
RF02541,7pzy,1,1,3136,1228.3,0,159,2925,c0af92,0
RF02541,7qv2,V,1,2928,3016.3,0,1,2925,c0af92,1
RF02541,8a5i,A,1,2931,2942.3,0,1,2925,c0af92,1
RF02541,8hkz,A23S,4,3022,1914,0,1,2925,c0af92,0
RF02541,8uvr,2A,1,2912,2689.8,0,1,2925,c0af92,1
RF02543,1vq6,0,131,2914,1469.1,0,1,3401,c0af92,0
RF02543,2j37,Z,43,280,62.4,6.80E-15,1467,1681,c0af92,0
RF02543,3g4s,0,132,2915,1473.3,0,1,3401,c0af92,0
RF02543,4v7s,DA,160,2893,1270.5,0,1,3401,c0af92,0
RF02543,4v8f,AA,153,2903,1154.9,0,1,3401,c0af92,0
RF02543,4v95,DA,148,2901,1152.1,0,1,3401,c0af92,0
RF02543,5aa0,AA,149,2880,1141.8,0,1,3401,c0af92,0
RF02543,5fcj,5,4,3396,3401.6,0,1,3401,c0af92,1
RF02543,6uo1,2A,148,2901,1152.1,0,1,3401,c0af92,0
RF02543,7pzy,1,1,3359,3380.6,0,1,3401,c0af92,1
RF02543,7qv2,V,163,2917,1278.8,0,1,3401,c0af92,0
RF02543,8a5i,A,162,2921,1245.2,0,1,3401,c0af92,0
RF02543,8hkz,A23S,139,3018,1666,0,1,3401,c0af92,0
RF02543,8uvr,2A,148,2901,1152.1,0,1,3401,c0af92,0
RF00001,4v9k,BB,3,119,100.7,2.70E-23,1,119,c0af92,1
RF00001,5ibb,16,5,121,100.7,2.80E-23,1,119,c0af92,1
RF00001,5juo,D,1,121,88.8,3.30E-20,1,119,c0af92,1
RF00001,6ord,YB,3,119,100.7,2.80E-23,1,119,c0af92,1
RF00001,6pc5,J,2,117,77.2,3.20E-17,1,119,c0af92,1
RF00001,6sj6,B,1,115,75,1.10E-16,1,119,c0af92,1
RF00001,7nsp,B,3,118,77.2,3.20E-17,1,119,c0af92,1
RF00001,7zp8,a,3,118,77.2,3.20E-17,1,119,c0af92,1
RF02541,1vy7,DA,1,2912,2689.8,0,1,2925,c0af92,1
RF02541,3j3v,A,1,2927,3006.7,0,1,2925,c0af92,1
RF02541,4qvi,B,1,80,59.1,2.10E-18,2131,2210,c0af92,1
RF02541,4v57,BB,1,2904,2889.8,0,1,2925,c0af92,1
RF02541,4v6g,BA,1,2898,2682.9,0,6,2918,c0af92,1
RF02541,4v6s,AB,1,2904,2887.4,0,1,2925,c0af92,1
RF02541,4v8q,AA,1,2913,2692,0,1,2925,c0af92,1
RF02541,5dat,5,1,3167,1242.6,0,156,2925,c0af92,0
RF02541,5el4,1H,1,2914,2708.4,0,1,2925,c0af92,1
RF02541,5el5,14,1,2912,2697.7,0,1,2923,c0af92,1
RF02541,6fxc,AA,1,2923,2986.7,0,1,2925,c0af92,1
RF02541,7azs,23SA,1,2911,2695,0,1,2925,c0af92,1
RF02541,7o1c,BA,1,2897,2871.6,0,1,2925,c0af92,1
RF02541,7pam,3,3,2907,2658.1,0,1,2925,c0af92,1
RF02541,7xny,L1,1277,4822,596.2,1.60E-196,1,2923,c0af92,0
RF02541,7xny,L1,5,420,123.7,3.10E-38,30,555,c0af92,0
RF02543,1vy7,DA,148,2901,1152.1,0,1,3401,c0af92,0
RF02543,3j3v,A,163,2917,1280.2,0,1,3401,c0af92,0
RF02543,4v57,BB,160,2893,1270.5,0,1,3401,c0af92,0
RF02543,4v6g,BA,148,2894,1153.1,0,1,3401,c0af92,0
RF02543,4v6s,AB,160,2893,1267.9,0,1,3401,c0af92,0
RF02543,4v8q,AA,149,2902,1142.8,0,1,3401,c0af92,0
RF02543,5dat,5,4,3396,3401.6,0,1,3401,c0af92,1
RF02543,5el4,1H,153,2903,1154.9,0,1,3401,c0af92,0
RF02543,5el5,14,153,2903,1154.9,0,1,3401,c0af92,0
RF02543,6fxc,AA,164,2912,1326.6,0,1,3401,c0af92,0
RF02543,7azs,23SA,152,2902,1154.9,0,1,3401,c0af92,0
RF02543,7o1c,BA,160,2887,1266,0,1,3401,c0af92,0
RF02543,7pam,3,167,2896,1188.2,0,1,3401,c0af92,0
RF02543,7xny,L1,3,5069,2376.6,0,1,3401,c0af92,1
RF00001,3pip,Y,5,121,71.6,9.10E-16,1,119,c0af92,1
RF00001,4p6f,RB,3,119,100.7,2.80E-23,1,119,c0af92,1
RF00001,4y4p,1B,3,119,100.7,2.80E-23,1,119,c0af92,1
RF00001,5j8b,B,3,119,100.7,2.80E-23,1,119,c0af92,1
RF00001,5x8p,B,4,120,52.2,9.50E-11,1,119,c0af92,1
RF00001,5zeb,B,3,116,77.3,3.00E-17,1,119,c0af92,1
RF00001,7msh,B,2,114,77.4,2.70E-17,1,119,c0af92,1
RF00001,8oj8,7,1,119,118.9,5.30E-28,1,119,c0af92,1
RF00029,7uin,B,559,638,46.8,2.00E-08,1,93,c0af92,1
RF02541,4u4n,1,1,3167,1242.6,0,156,2925,c0af92,0
RF02541,4v4g,JB,1,2825,2645.6,0,1,2925,c0af92,1
RF02541,4v9n,DA,1,2879,2712.2,0,6,2918,c0af92,1
RF02541,5ady,B,1,2903,2882.1,0,1,2925,c0af92,1
RF02541,5j8b,A,1,2912,2689.8,0,1,2925,c0af92,1
RF02541,6gz4,A2,1,3393,1016.5,0,159,2925,c0af92,0
RF02541,6qdw,b,1,2906,2866.4,0,1,2923,c0af92,1
RF02541,7a18,X,1,2699,2509.9,0,1,2925,c0af92,1
RF02541,7odt,A,1,1454,372.4,4.50E-122,426,2925,c0af92,1
RF02541,7ohw,1,1,3167,1242.6,0,156,2925,c0af92,0
RF02541,8cep,a,1,2904,2887.4,0,1,2925,c0af92,1
RF02541,8.00E+33,I,1,2904,2887.4,0,1,2925,c0af92,1
RF02541,8.00E+43,I,1,2904,2887.4,0,1,2925,c0af92,1
RF02541,8g34,B,1,2903,2882.1,0,1,2925,c0af92,1
RF02541,8ifc,a,1,2904,2887.4,0,1,2925,c0af92,1
RF02543,4u4n,1,4,3396,3401.6,0,1,3401,c0af92,1
RF02543,4v4g,JB,137,2815,1216.2,0,1,3401,c0af92,0
RF02543,4v9n,DA,148,2875,1160.7,0,1,3401,c0af92,0
RF02543,5ady,B,160,2893,1270.5,0,1,3401,c0af92,0
RF02543,5j8b,A,148,2901,1152.1,0,1,3401,c0af92,0
RF02543,6gz4,A2,3,3611,2842.6,0,1,3401,c0af92,1
RF02543,6qdw,b,160,2895,1267,0,1,3401,c0af92,0
RF02543,7a18,X,137,2689,1131.1,0,1,3401,c0af92,0
RF02543,7ohw,1,4,3396,3401.6,0,1,3401,c0af92,1
RF02543,8cep,a,160,2893,1267.9,0,1,3401,c0af92,0
RF02543,8.00E+33,I,160,2893,1267.9,0,1,3401,c0af92,0
RF02543,8.00E+43,I,160,2893,1267.9,0,1,3401,c0af92,0
RF02543,8g34,B,160,2893,1270.5,0,1,3401,c0af92,0
RF02543,8ifc,a,160,2893,1267.9,0,1,3401,c0af92,0
RF00001,4tue,RB,3,119,100.7,2.80E-23,1,119,c0af92,1
RF00001,4wqf,CB,3,119,100.7,2.80E-23,1,119,c0af92,1
RF00001,6gc8,B,3,118,77.2,3.20E-17,1,119,c0af92,1
RF00001,6n8o,B,1,121,88.8,3.30E-20,1,119,c0af92,1
RF00001,6zmi,L7,1,119,118.9,5.30E-28,1,119,c0af92,1
RF00001,7f5s,L7,1,119,118.9,5.30E-28,1,119,c0af92,1
RF00001,8bim,1,3,118,77.2,3.20E-17,1,119,c0af92,1
RF00001,8fon,RB,3,119,100.7,2.80E-23,1,119,c0af92,1
RF00029,8t2t,B,559,638,46.8,2.00E-08,1,93,c0af92,1
RF02541,1njn,0,1,2878,2737.8,0,1,2925,c0af92,1
RF02541,1y69,0,1,2878,2737.8,0,1,2925,c0af92,1
RF02541,4v5z,B0,1,2840,1137.8,0,173,2925,c0af92,0
RF02541,4v70,BA,1,2903,2882.1,0,1,2925,c0af92,1
RF02541,4zsn,RA,1,2913,2699.6,0,1,2925,c0af92,1
RF02541,5dgf,5,1,3167,1242.6,0,156,2925,c0af92,0
RF02541,5j5b,CA,1,2904,2887.4,0,1,2925,c0af92,1
RF02541,7k50,1,1,2903,2879.9,0,1,2925,c0af92,1
RF02541,7phb,3,3,2907,2658.1,0,1,2925,c0af92,1
RF02541,8cgu,a,1,2904,2887.4,0,1,2925,c0af92,1
RF02541,8esr,1,1,3327,1202.5,0,156,2925,c0af92,0
RF02541,8g7r,A,1,2904,2887.4,0,1,2925,c0af92,1
RF02543,1njn,0,137,2867,1236,0,1,3401,c0af92,0
RF02543,1y69,0,137,2867,1236,0,1,3401,c0af92,0
RF02543,4v5z,B0,1,2902,2722.7,0,13,3401,c0af92,1
RF02543,4v70,BA,160,2893,1270.5,0,1,3401,c0af92,0
RF02543,4zsn,RA,149,2902,1152.1,0,1,3401,c0af92,0
RF02543,5dgf,5,4,3396,3401.6,0,1,3401,c0af92,1
RF02543,5j5b,CA,160,2893,1267.9,0,1,3401,c0af92,0
RF02543,7k50,1,160,2893,1269,0,1,3401,c0af92,0
RF02543,7phb,3,167,2896,1188.2,0,1,3401,c0af92,0
RF02543,8cgu,a,160,2893,1267.9,0,1,3401,c0af92,0
RF02543,8esr,1,4,3497,3334.2,0,1,3401,c0af92,1
RF02543,8g7r,A,160,2893,1267.9,0,1,3401,c0af92,0
RF02679,6ufj,A,1,51,39.2,1.40E-07,1,70,c0af92,1
RF00001,4u24,DB,3,118,77.2,3.20E-17,1,119,c0af92,1
RF00001,4v42,BB,5,121,100.7,2.80E-23,1,119,c0af92,1
RF00001,4v6d,BB,2,117,77.2,3.20E-17,1,119,c0af92,1
RF00001,4v7u,DB,2,117,77.2,3.20E-17,1,119,c0af92,1
RF00001,5mmi,B,4,120,52.2,9.50E-11,1,119,c0af92,1
RF00001,5np6,Z,3,118,77.2,3.20E-17,1,119,c0af92,1
RF00001,6buw,YB,3,119,100.7,2.80E-23,1,119,c0af92,1
RF00001,6o97,1B,3,119,100.7,2.80E-23,1,119,c0af92,1
RF00001,7rqe,2B,3,119,100.7,2.80E-23,1,119,c0af92,1
RF00001,8p2h,B,1,115,75,1.10E-16,1,119,c0af92,1
RF00028,8hd6,N,32,338,111,3.10E-29,1,251,c0af92,1
RF02541,4lel,RA,1,2913,2699.6,0,1,2925,c0af92,1
RF02541,4u53,5,1,3167,1242.6,0,156,2925,c0af92,0
RF02541,4wzd,1H,1,2914,2708.4,0,1,2925,c0af92,1
RF02541,4ypb,YA,1,2913,2699.6,0,1,2925,c0af92,1
RF02541,5gak,1,1,3167,1242.6,0,156,2925,c0af92,0
RF02541,5lzc,A,1,2903,2879.8,0,1,2925,c0af92,1
RF02541,5u4i,A,1,2904,2889.7,0,1,2925,c0af92,1
RF02541,6gz3,A2,1,3393,1016.5,0,159,2925,c0af92,0
RF02541,6hcj,51,1,3417,1013.3,0,159,2925,c0af92,0
RF02541,6wru,1,1,2923,2985.2,0,1,2925,c0af92,1
RF02541,7ssd,1,1,2903,2879.9,0,1,2925,c0af92,1
RF02541,8a3w,1,1,1782,391.6,2.00E-128,160,1518,c0af92,0
RF02541,8g5z,L5,1,3463,990.4,0,159,2925,c0af92,0
RF02543,3j0o,7,1,50,51.3,1.40E-12,2833,2882,c0af92,1
RF02543,4lel,RA,149,2902,1152.1,0,1,3401,c0af92,0
RF02543,4u53,5,4,3396,3401.6,0,1,3401,c0af92,1
RF02543,4wzd,1H,153,2903,1154.9,0,1,3401,c0af92,0
RF02543,4ypb,YA,149,2902,1152.1,0,1,3401,c0af92,0
RF02543,5gak,1,4,3396,3401.6,0,1,3401,c0af92,1
RF02543,5lzc,A,160,2893,1267.9,0,1,3401,c0af92,0
RF02543,5u4i,A,160,2893,1270.5,0,1,3401,c0af92,0
RF02543,6gz3,A2,3,3611,2842.6,0,1,3401,c0af92,1
RF02543,6hcj,51,3,3635,2851.8,0,1,3401,c0af92,1
RF02543,6wru,1,164,2912,1330.4,0,1,3401,c0af92,0
RF02543,7ssd,1,160,2893,1269,0,1,3401,c0af92,0
RF02543,8a3w,1,2,1782,927.7,7.40E-253,1,1647,c0af92,1
RF02543,8g5z,L5,3,3687,2841.8,0,1,3401,c0af92,1
RF00011,3dhs,A,8,255,181.4,6.40E-53,1,366,c0af92,1
RF00001,4v4g,FA,2,118,71.6,8.80E-16,1,119,c0af92,1
RF00001,4v5p,DB,5,121,100.7,2.80E-23,1,119,c0af92,1
RF00001,4v8p,B3,1,119,117,1.60E-27,1,119,c0af92,1
RF00001,4v91,3,1,121,88.8,3.30E-20,1,119,c0af92,1
RF00001,4wra,1J,5,121,100.7,2.80E-23,1,119,c0af92,1
RF00001,4wt1,16,5,121,100.7,2.80E-23,1,119,c0af92,1
RF00001,6n8n,B,1,121,88.8,3.30E-20,1,119,c0af92,1
RF00001,6spf,B,2,117,86.6,1.10E-19,1,119,c0af92,1
RF00001,8bgu,3,1,121,88.8,3.30E-20,1,119,c0af92,1
RF02541,3jct,1,1,3167,1242.6,0,156,2925,c0af92,0
RF02541,4lnt,YA,1,2913,2699.6,0,1,2925,c0af92,1
RF02541,4u4q,5,1,3167,1242.6,0,156,2925,c0af92,0
RF02541,4v3p,L1,1,3146,1149.5,0,152,2925,c0af92,0
RF02541,4v91,1,1,3168,1244.3,0,156,2925,c0af92,0
RF02541,6dzp,A,1,3119,2730,0,1,2925,c0af92,1
RF02541,6vlz,A,1,1454,372.4,4.50E-122,426,2925,c0af92,1
RF02541,7st2,1,1,2903,2879.9,0,1,2925,c0af92,1
RF02541,7tut,K,1,3326,977.8,0,159,2925,c0af92,0
RF02541,7z3n,1,1,3151,1258.3,0,155,2925,c0af92,0
RF02541,8vtx,2A,1,2912,2689.8,0,1,2925,c0af92,1
RF02543,3jct,1,4,3396,3401.6,0,1,3401,c0af92,1
RF02543,4cxg,2,1,50,54.5,1.80E-13,2831,2880,c0af92,1
RF02543,4lnt,YA,149,2902,1152.1,0,1,3401,c0af92,0
RF02543,4u4q,5,4,3396,3401.6,0,1,3401,c0af92,1
RF02543,4v3p,L1,4,3352,3129.2,0,1,3401,c0af92,1
RF02543,4v91,1,4,3397,3378.3,0,1,3401,c0af92,1
RF02543,6dzp,A,158,3112,1216.5,0,1,3401,c0af92,0
RF02543,7st2,1,160,2893,1269,0,1,3401,c0af92,0
RF02543,7tut,K,3,3543,2779.4,0,1,3401,c0af92,1
RF02543,7z3n,1,5,3337,3383.2,0,1,3401,c0af92,1
RF02543,8vtx,2A,148,2901,1152.1,0,1,3401,c0af92,0
RF00001,3cc2,9,1,121,75.2,1.10E-16,1,119,c0af92,1
RF00001,4v67,BB,5,121,100.7,2.80E-23,1,119,c0af92,1
RF00001,4v75,BB,2,117,77.2,3.20E-17,1,119,c0af92,1
RF00001,4wu1,1J,5,121,100.7,2.80E-23,1,119,c0af92,1
RF00001,6boh,HB,3,119,100.7,2.80E-23,1,119,c0af92,1
RF00001,6vyq,d,3,118,77.2,3.20E-17,1,119,c0af92,1
RF00001,8.00E+42,J,2,117,77.2,3.20E-17,1,119,c0af92,1
RF00001,8ev6,1B,3,119,100.7,2.80E-23,1,119,c0af92,1
RF00001,8fl4,L4,1,119,118.9,5.30E-28,1,119,c0af92,1
RF00001,8y37,B,1,115,75,1.10E-16,1,119,c0af92,1
RF02541,3j78,2S,1,3166,1242.8,0,156,2925,c0af92,0
RF02541,4v4v,B0,1,2740,2558.7,0,16,2925,c0af92,1
RF02541,6b4v,B,1,2880,2709.2,0,6,2918,c0af92,1
RF02541,6x7k,a,1,2904,2889.7,0,1,2925,c0af92,1
RF02541,8apo,A8,1,350,167.5,4.50E-54,2439,2767,c0af92,1
RF02541,8c9a,A,1,2904,2889.8,0,1,2925,c0af92,1
RF02541,8cku,AA,1,3167,1242.6,0,156,2925,c0af92,0
RF02541,8cvk,1A,1,2912,2689.8,0,1,2925,c0af92,1
RF02541,8fc3,1A,1,2912,2689.8,0,1,2925,c0af92,1
RF02543,3j78,2S,4,3395,3401.9,0,1,3401,c0af92,1
RF02543,4v4v,B0,114,2724,1294.1,0,1,3401,c0af92,0
RF02543,6b4v,B,146,2876,1162,0,1,3401,c0af92,0
RF02543,6x7k,a,160,2893,1270.5,0,1,3401,c0af92,0
RF02543,8apo,A8,1,198,106.8,4.70E-27,2787,2989,c0af92,0
RF02543,8c9a,A,160,2893,1270.5,0,1,3401,c0af92,0
RF02543,8cku,AA,4,3396,3401.6,0,1,3401,c0af92,1
RF02543,8cvk,1A,148,2901,1152.1,0,1,3401,c0af92,0
RF02543,8fc3,1A,148,2901,1152.1,0,1,3401,c0af92,0
RF00001,1yit,9,1,121,75.2,1.10E-16,1,119,c0af92,1
RF00001,4v8b,DB,5,121,100.7,2.80E-23,1,119,c0af92,1
RF00001,4wqf,AB,3,119,100.7,2.80E-23,1,119,c0af92,1
RF00001,4wqy,AB,3,119,100.7,2.80E-23,1,119,c0af92,1
RF00001,5gae,B,3,118,77.2,3.20E-17,1,119,c0af92,1
RF00001,5j5b,DB,3,118,77.2,3.20E-17,1,119,c0af92,1
RF00001,7pal,4,1,108,63.9,7.60E-14,1,119,c0af92,1
RF00001,7sso,2,3,118,77.2,3.20E-17,1,119,c0af92,1
RF00001,8ud7,2B,3,119,100.7,2.80E-23,1,119,c0af92,1
RF02541,3ccr,0,1,2923,1747.4,0,1,2925,c0af92,0
RF02541,3deg,G,1,70,72,9.10E-23,1085,1154,c0af92,1
RF02541,4v4g,BB,1,2825,2645.6,0,1,2925,c0af92,1
RF02541,4v95,BA,1,2912,2689.8,0,1,2925,c0af92,1
RF02541,5it8,CA,1,2904,2887.4,0,1,2925,c0af92,1
RF02541,5kpx,27,1,2903,2876.9,0,1,2925,c0af92,1
RF02541,6q9a,1,1,2903,2879.7,0,1,2925,c0af92,1
RF02541,6zto,BA,1,2904,2886.7,0,1,2925,c0af92,1
RF02541,7nsh,BA,1,1457,360.6,4.30E-118,200,2925,c0af92,1
RF02541,7oyd,5,1,3444,998.7,0,159,2925,c0af92,0
RF02541,8ev3,1,1,3327,1202.2,0,156,2925,c0af92,0
RF02541,8jdj,D,1277,4822,596.4,1.40E-196,1,2923,c0af92,0
RF02541,8jdj,D,5,420,123.7,3.10E-38,30,555,c0af92,0
RF02543,3ccr,0,132,2915,1471.4,0,1,3401,c0af92,0
RF02543,4v4g,BB,137,2815,1216.2,0,1,3401,c0af92,0
RF02543,4v95,BA,148,2901,1152.1,0,1,3401,c0af92,0
RF02543,5it8,CA,160,2893,1267.9,0,1,3401,c0af92,0
RF02543,5kpx,27,160,2893,1266.1,0,1,3401,c0af92,0
RF02543,6q9a,1,160,2893,1267.9,0,1,3401,c0af92,0
RF02543,6zto,BA,160,2891,1267.3,0,1,3401,c0af92,0
RF02543,7oyd,5,3,3740,2800.3,0,1,3401,c0af92,1
RF02543,8ev3,1,4,3497,3334.3,0,1,3401,c0af92,1
RF02543,8jdj,D,3,5069,2376.7,0,1,3401,c0af92,1
RF00001,4v4q,DA,3,118,77.2,3.20E-17,1,119,c0af92,1
RF00001,4v6g,DB,5,121,100.7,2.80E-23,1,119,c0af92,1
RF00001,4zer,2B,3,119,100.7,2.80E-23,1,119,c0af92,1
RF00001,6qtz,x,1,121,88.8,3.30E-20,1,119,c0af92,1
RF00001,6t59,74,1,119,118.9,5.30E-28,1,119,c0af92,1
RF00001,7nhn,B,1,113,75.5,8.40E-17,2,117,c0af92,1
RF00001,8crx,b,3,119,92.7,3.20E-21,1,119,c0af92,1
RF02541,1mvr,D,1,59,52.9,1.90E-16,2474,2532,c0af92,1
RF02541,2zjr,X,1,2878,2737.8,0,1,2925,c0af92,1
RF02541,3j7q,5,1,3501,974.9,0,159,2925,c0af92,0
RF02541,3pio,X,1,2878,2737.8,0,1,2925,c0af92,1
RF02541,4v9n,BA,1,2879,2712.2,0,6,2918,c0af92,1
RF02541,5ibb,1H,1,2914,2708.4,0,1,2925,c0af92,1
RF02541,5j91,CA,1,2904,2883.8,0,1,2925,c0af92,1
RF02541,6gsk,14,1,2914,2708.4,0,1,2925,c0af92,1
RF02541,6o97,2A,1,2912,2689.8,0,1,2925,c0af92,1
RF02541,6sv4,BQ,1,3167,1242.6,0,156,2925,c0af92,0
RF02541,7jil,1,1,2862,2733.1,0,1,2911,c0af92,1
RF02541,7m4y,A,8,2900,2893.9,0,1,2925,c0af92,1
RF02541,7o81,B5,1187,4808,639,7.00E-211,1,2856,c0af92,0
RF02541,7o81,B5,5,420,128.6,6.90E-40,30,555,c0af92,0
RF02541,7par,3,3,2907,2658.1,0,1,2925,c0af92,1
RF02541,7rqa,1A,1,2912,2689.8,0,1,2925,c0af92,1
RF02541,8c3a,1,1,3136,1228.3,0,159,2925,c0af92,0
RF02541,8pv1,C1,1,3151,1258.3,0,155,2925,c0af92,0
RF02543,2zjr,X,137,2867,1236,0,1,3401,c0af92,0
RF02543,3j7q,5,3,3722,2831.7,0,1,3401,c0af92,1
RF02543,3pio,X,137,2867,1236,0,1,3401,c0af92,0
RF02543,4v9n,BA,148,2875,1160.7,0,1,3401,c0af92,0
RF02543,5ibb,1H,153,2903,1154.9,0,1,3401,c0af92,0
RF02543,5j91,CA,160,2893,1263.1,0,1,3401,c0af92,0
RF02543,6gsk,14,153,2903,1154.9,0,1,3401,c0af92,0
RF02543,6o97,2A,148,2901,1152.1,0,1,3401,c0af92,0
RF02543,6sv4,BQ,4,3396,3401.6,0,1,3401,c0af92,1
RF02543,7jil,1,137,2790,1307.1,0,1,3401,c0af92,0
RF02543,7m4y,A,167,2888,1271.3,0,1,3401,c0af92,0
RF02543,7o81,B5,3,4808,2513.9,0,1,3401,c0af92,1
RF02543,7par,3,167,2896,1188.2,0,1,3401,c0af92,0
RF02543,7rqa,1A,148,2901,1152.1,0,1,3401,c0af92,0
RF02543,8c3a,1,1,3359,3380.6,0,1,3401,c0af92,1
RF02543,8pv1,C1,5,3339,3387.9,0,1,3401,c0af92,1
RF00001,5mdz,3,3,118,77.2,3.20E-17,1,119,c0af92,1
RF00001,6n8j,2,1,121,88.8,3.30E-20,1,119,c0af92,1
RF00001,6ope,YB,3,119,100.7,2.80E-23,1,119,c0af92,1
RF00001,6sv4,YR,1,121,88.8,3.30E-20,1,119,c0af92,1
RF00001,6xhy,1B,3,119,100.7,2.80E-23,1,119,c0af92,1
RF00001,7q0r,3,1,121,78.2,1.70E-17,1,119,c0af92,1
RF00001,8g6j,L7,1,119,118.9,5.30E-28,1,119,c0af92,1
RF00029,1r2p,A,1,34,41.6,2.10E-08,3,36,c0af92,1
RF02541,1jj2,0,2,2920,1740.4,0,1,2925,c0af92,0
RF02541,1njp,0,1,2878,2737.8,0,1,2925,c0af92,1
RF02541,3jbo,AA,1,2996,1001.2,0,167,2925,c0af92,0
RF02541,4v7z,DA,1,2784,2566.8,0,1,2925,c0af92,1
RF02541,4v8h,DA,1,2910,2687,0,1,2925,c0af92,1
RF02541,5.00E+81,14,1,2914,2708.4,0,1,2925,c0af92,1
RF02541,5t6r,A,1,3167,1242.6,0,156,2925,c0af92,0
RF02541,8a22,A7,1,576,226.6,1.20E-73,1640,2430,c0af92,1
RF02541,8cvm,a,3,3083,2575.2,0,1,2925,c0af92,1
RF02541,8fc3,2A,1,2912,2689.8,0,1,2925,c0af92,1
RF02541,8g2b,1A,1,2912,2687.2,0,1,2925,c0af92,1
RF02541,8idy,2,1277,4806,603.9,4.40E-199,1,2923,c0af92,0
RF02541,8idy,2,5,420,123.7,3.10E-38,30,555,c0af92,0
RF02541,8uqp,a,1,2904,2889.7,0,1,2925,c0af92,1
RF02543,1jj2,0,131,2914,1469.1,0,1,3401,c0af92,0
RF02543,1njp,0,137,2867,1236,0,1,3401,c0af92,0
RF02543,3jbo,AA,3,3192,2482.9,0,1,3401,c0af92,1
RF02543,4v7z,DA,147,2773,1086.7,1.50E-296,1,3401,c0af92,0
RF02543,4v8h,DA,146,2899,1154.6,0,1,3401,c0af92,0
RF02543,5.00E+81,14,153,2903,1154.9,0,1,3401,c0af92,0
RF02543,5t6r,A,4,3396,3401.6,0,1,3401,c0af92,1
RF02543,8a22,A7,47,298,108.5,2.70E-27,1895,2354,c0af92,0
RF02543,8cvm,a,167,3072,1112.3,0,1,3401,c0af92,0
RF02543,8fc3,2A,148,2901,1152.1,0,1,3401,c0af92,0
RF02543,8g2b,1A,148,2901,1149.2,0,1,3401,c0af92,0
RF02543,8idy,2,3,5053,2385.5,0,1,3401,c0af92,1
RF02543,8uqp,a,160,2893,1270.5,0,1,3401,c0af92,0
RF00001,4w2f,BB,3,119,100.7,2.80E-23,1,119,c0af92,1
RF00001,5imr,E,5,121,100.7,2.80E-23,1,119,c0af92,1
RF00001,5w4k,2B,3,119,100.7,2.80E-23,1,119,c0af92,1
RF00001,6c5l,BB,3,119,100.7,2.80E-23,1,119,c0af92,1
RF00001,8c8x,B,3,118,77.2,3.20E-17,1,119,c0af92,1
RF00001,8hl1,A5S,4,122,58.7,1.90E-12,1,119,c0af92,1
RF00001,8p2g,B,1,115,75,1.10E-16,1,119,c0af92,1
RF02541,1ffz,A,1,602,436.5,6.20E-144,2048,2655,c0af92,0
RF02541,3ccl,0,1,2923,1747.8,0,1,2925,c0af92,0
RF02541,3i55,0,1,2923,1747.5,0,1,2925,c0af92,0
RF02541,4u4y,5,1,3167,1242.6,0,156,2925,c0af92,0
RF02541,4v7h,B5,1,2947,1346.8,0,156,2925,c0af92,0
RF02541,4v7k,AA,1,2848,2576.2,0,6,2918,c0af92,1
RF02541,5f8k,2A,1,2912,2689.8,0,1,2925,c0af92,1
RF02541,5uym,1,1,2903,2879.9,0,1,2925,c0af92,1
RF02541,5uyn,1,1,2903,2879.9,0,1,2925,c0af92,1
RF02541,6mtb,5,1,3380,1012,0,159,2925,c0af92,0
RF02541,6n8o,A,1,3167,1242.6,0,156,2925,c0af92,0
RF02541,7nfx,5,1,3272,899.5,2.80E-298,159,2925,c0af92,0
RF02541,8a3w,4,21,183,69.4,1.70E-21,2652,2817,c0af92,0
RF02541,8agx,f,1,3166,1231.9,0,156,2925,c0af92,0
RF02541,9fq0,1,1277,4822,597.9,4.50E-197,1,2923,c0af92,0
RF02541,9fq0,1,5,420,123.7,3.10E-38,30,555,c0af92,0
RF02543,1ffz,A,1,602,415,7.10E-112,2359,3007,c0af92,0
RF02543,3ccl,0,132,2915,1467.4,0,1,3401,c0af92,0
RF02543,3i55,0,132,2915,1473.3,0,1,3401,c0af92,0
RF02543,4u4y,5,4,3396,3401.6,0,1,3401,c0af92,1
RF02543,4v7h,B5,4,3170,3033.8,0,1,3401,c0af92,1
RF02543,4v7k,AA,144,2844,1082,3.10E-295,1,3401,c0af92,0
RF02543,5f8k,2A,148,2901,1152.1,0,1,3401,c0af92,0
RF02543,5uym,1,160,2893,1269,0,1,3401,c0af92,0
RF02543,5uyn,1,160,2893,1269,0,1,3401,c0af92,0
RF02543,6mtb,5,3,3597,2849,0,1,3401,c0af92,1
RF02543,6n8o,A,4,3396,3401.6,0,1,3401,c0af92,1
RF02543,7nfx,5,3,3493,2660.4,0,1,3401,c0af92,1
RF02543,8a3w,4,25,180,104.9,7.90E-27,3007,3161,c0af92,1
RF02543,8agx,f,4,3395,3374.5,0,1,3401,c0af92,1
RF02543,9fq0,1,3,5069,2379.3,0,1,3401,c0af92,1
RF00001,2otl,9,1,121,77.4,2.90E-17,1,119,c0af92,1
RF00001,4lt8,YB,3,119,100.7,2.80E-23,1,119,c0af92,1
RF00001,4u26,BB,3,118,77.2,3.20E-17,1,119,c0af92,1
RF00001,4v6e,BB,2,117,77.2,3.20E-17,1,119,c0af92,1
RF00001,4ybb,CB,3,118,77.2,3.20E-17,1,119,c0af92,1
RF00001,5dat,7,1,121,88.8,3.30E-20,1,119,c0af92,1
RF00001,5li0,B,1,114,60.1,8.00E-13,1,119,c0af92,1
RF00001,7jt3,2,3,118,77.2,3.20E-17,1,119,c0af92,1
RF00001,7qwq,7,1,119,118.9,5.30E-28,1,119,c0af92,1
RF00001,7zq5,a,3,118,77.2,3.20E-17,1,119,c0af92,1
RF00001,8eub,A3,1,121,88.8,3.30E-20,1,119,c0af92,1
RF02541,3ccs,0,1,2923,1748.4,0,1,2925,c0af92,0
RF02541,4v5q,BA,1,2913,2694.3,0,1,2925,c0af92,1
RF02541,4v8m,BA,1,1847,375.6,4.60E-123,161,1516,c0af92,0
RF02541,5xy3,1,1,2755,1181.3,0,144,2912,c0af92,0
RF02541,6ogf,1,1,2903,2879.9,0,1,2925,c0af92,1
RF02541,6osk,1,1,2903,2879.7,0,1,2925,c0af92,1
RF02541,7jsz,1,1,2903,2879.9,0,1,2925,c0af92,1
RF02541,7ls1,A2,1070,4731,653.2,1.20E-215,1,2914,c0af92,0
RF02541,7ls1,A2,5,420,131.1,9.60E-41,30,555,c0af92,0
RF02541,7nwh,5,1,3470,964.6,0,159,2925,c0af92,0
RF02541,7pha,3,3,2907,2658.1,0,1,2925,c0af92,1
RF02541,7q08,1,1,3136,1228.3,0,159,2925,c0af92,0
RF02541,8c99,A,1,2904,2889.8,0,1,2925,c0af92,1
RF02541,8.00E+32,I,1,2904,2887.4,0,1,2925,c0af92,1
RF02541,8q4f,a,1,2904,2889.8,0,1,2925,c0af92,1
RF02541,8rxx,L4,21,184,69.5,1.60E-21,2652,2818,c0af92,0
RF02541,8uvs,2A,1,2912,2689.8,0,1,2925,c0af92,1
RF02543,3ccs,0,132,2915,1468.1,0,1,3401,c0af92,0
RF02543,4v5q,BA,149,2902,1146.4,0,1,3401,c0af92,0
RF02543,4v8m,BA,1,1847,915,2.40E-249,1,1639,c0af92,1
RF02543,5xy3,1,2,2756,2065.3,0,1,3401,c0af92,1
RF02543,6ogf,1,160,2893,1269,0,1,3401,c0af92,0
RF02543,6osk,1,160,2893,1267.9,0,1,3401,c0af92,0
RF02543,7jsz,1,160,2893,1269,0,1,3401,c0af92,0
RF02543,7ls1,A2,3,4717,2580.9,0,1,3401,c0af92,1
RF02543,7nwh,5,3,3705,2769.3,0,1,3401,c0af92,1
RF02543,7pha,3,167,2896,1188.2,0,1,3401,c0af92,0
RF02543,7q08,1,1,3359,3380.6,0,1,3401,c0af92,1
RF02543,8c99,A,160,2893,1270.5,0,1,3401,c0af92,0
RF02543,8.00E+32,I,160,2893,1267.9,0,1,3401,c0af92,0
RF02543,8q4f,a,160,2893,1270.5,0,1,3401,c0af92,0
RF02543,8rxx,L4,25,184,105,7.70E-27,3007,3165,c0af92,1
RF02543,8uvs,2A,148,2901,1152.1,0,1,3401,c0af92,0
RF00001,4u4o,3,1,121,88.8,3.30E-20,1,119,c0af92,1
RF00001,4v55,BA,3,118,77.2,3.20E-17,1,119,c0af92,1
RF00001,4v7t,DB,2,117,77.2,3.20E-17,1,119,c0af92,1
RF00001,6vys,d,3,118,77.2,3.20E-17,1,119,c0af92,1
RF00001,6x6t,d,3,118,77.2,3.20E-17,1,119,c0af92,1
RF00001,7qvp,L7,1,119,118.9,5.30E-28,1,119,c0af92,1
RF02541,3j0p,2,1,112,55,7.10E-17,1861,1988,c0af92,0
RF02541,4v51,DA,1,2784,2566.8,0,1,2925,c0af92,1
RF02541,4v6f,DA,1,2912,2697.7,0,1,2923,c0af92,1
RF02541,4v6q,BB,1,2904,2887.4,0,1,2925,c0af92,1
RF02541,4v8n,BA,1,2913,2699.6,0,1,2925,c0af92,1
RF02541,4v9d,CA,1,2903,2882.1,0,1,2925,c0af92,1
RF02541,6ha8,A,1,2928,3016.3,0,1,2925,c0af92,1
RF02541,6n9f,2A,1,2912,2689.8,0,1,2925,c0af92,1
RF02541,6ppf,A,1,2927,3008.6,0,1,2925,c0af92,1
RF02541,6z6m,L5,1277,4822,598,4.00E-197,1,2923,c0af92,0
RF02541,6z6m,L5,5,420,123.7,3.10E-38,30,555,c0af92,0
RF02541,6zj3,LF,1,365,61.7,1.90E-18,964,1301,c0af92,0
RF02541,7a5g,A3,1,1454,372.4,4.50E-122,426,2925,c0af92,1
RF02541,7of6,A,1,1454,372.4,4.50E-122,426,2925,c0af92,1
RF02541,7oiz,a,1,2753,2685.2,0,1,2925,c0af92,1
RF02541,7ryf,A,8,2900,2893.9,0,1,2925,c0af92,1
RF02541,8c8y,A,1,2904,2889.8,0,1,2925,c0af92,1
RF02541,8p2h,A,1,2923,2983.9,0,1,2925,c0af92,1
RF02541,8vtw,1A,1,2912,2689.8,0,1,2925,c0af92,1
RF02543,3j0p,2,1,112,149.1,3.10E-39,2200,2311,c0af92,1
RF02543,4v51,DA,147,2773,1086.7,1.50E-296,1,3401,c0af92,0
RF02543,4v6f,DA,153,2903,1154.9,0,1,3401,c0af92,0
RF02543,4v6q,BB,160,2893,1267.9,0,1,3401,c0af92,0
RF02543,4v8n,BA,149,2902,1152.1,0,1,3401,c0af92,0
RF02543,4v9d,CA,160,2893,1270.5,0,1,3401,c0af92,0
RF02543,6ha8,A,163,2917,1278.8,0,1,3401,c0af92,0
RF02543,6n9f,2A,148,2901,1152.1,0,1,3401,c0af92,0
RF02543,6ppf,A,163,2917,1278.8,0,1,3401,c0af92,0
RF02543,6z6m,L5,3,5069,2379.5,0,1,3401,c0af92,1
RF02543,6zj3,LF,1,527,258.4,1.00E-68,1106,1585,c0af92,1
RF02543,7oiz,a,160,2743,1153.6,0,1,3401,c0af92,0
RF02543,7ryf,A,167,2888,1271.3,0,1,3401,c0af92,0
RF02543,8c8y,A,160,2893,1270.5,0,1,3401,c0af92,0
RF02543,8p2h,A,164,2912,1324.3,0,1,3401,c0af92,0
RF02543,8vtw,1A,148,2901,1152.1,0,1,3401,c0af92,0
RF00001,4u20,BB,3,118,77.2,3.20E-17,1,119,c0af92,1
RF00001,4u55,7,1,121,88.8,3.30E-20,1,119,c0af92,1
RF00001,4wfa,Y,1,114,60.1,8.00E-13,1,119,c0af92,1
RF00001,5jc9,CB,3,118,77.2,3.20E-17,1,119,c0af92,1
RF00001,5kps,29,3,118,77.2,3.20E-17,1,119,c0af92,1
RF00001,5vpp,RB,3,119,100.7,2.80E-23,1,119,c0af92,1
RF00001,5wdt,B,3,118,77.2,3.20E-17,1,119,c0af92,1
RF00001,6bu8,2,3,118,77.2,3.20E-17,1,119,c0af92,1
RF00001,6gzx,B2,5,121,100.7,2.80E-23,1,119,c0af92,1
RF00001,7ope,B,1,116,88.7,3.40E-20,1,119,c0af92,1
RF00001,7pat,4,1,108,63.9,7.60E-14,1,119,c0af92,1
RF02541,4v68,BA,1,2852,2669,0,6,2918,c0af92,1
RF02541,4v6o,BB,1,2904,2887.4,0,1,2925,c0af92,1
RF02541,4v6y,BA,1,2903,2882.1,0,1,2925,c0af92,1
RF02541,4v8i,BA,1,2912,2689.8,0,1,2925,c0af92,1
RF02541,4wqy,CA,1,2912,2689.8,0,1,2925,c0af92,1
RF02541,5j4c,1A,1,2912,2689.8,0,1,2925,c0af92,1
RF02541,6oxi,RA,1,2912,2689.8,0,1,2925,c0af92,1
RF02541,6zj3,LC,1,322,53.8,5.70E-16,274,560,c0af92,0
RF02541,7acj,1,1,2903,2879.7,0,1,2925,c0af92,1
RF02541,7yla,I,1,2904,2889.8,0,1,2925,c0af92,1
RF02541,8c90,A,1,2904,2889.8,0,1,2925,c0af92,1
RF02541,8i9p,C1,1,3150,1260.1,0,156,2925,c0af92,0
RF02541,8ifb,a,1,2904,2887.4,0,1,2925,c0af92,1
RF02541,8y0w,L5,1277,4822,597.9,4.50E-197,1,2923,c0af92,0
RF02541,8y0w,L5,5,420,123.7,3.10E-38,30,555,c0af92,0
RF02543,4v68,BA,142,2848,1145.2,0,1,3401,c0af92,0
RF02543,4v6o,BB,160,2893,1267.9,0,1,3401,c0af92,0
RF02543,4v6y,BA,160,2893,1270.5,0,1,3401,c0af92,0
RF02543,4v8i,BA,148,2901,1152.1,0,1,3401,c0af92,0
RF02543,4wqy,CA,148,2901,1152.1,0,1,3401,c0af92,0
RF02543,5j4c,1A,148,2901,1152.1,0,1,3401,c0af92,0
RF02543,6oxi,RA,148,2901,1152.1,0,1,3401,c0af92,0
RF02543,6zj3,LC,1,350,97.7,1.50E-24,113,440,c0af92,1
RF02543,7acj,1,160,2893,1267.9,0,1,3401,c0af92,0
RF02543,7yla,I,160,2893,1270.5,0,1,3401,c0af92,0
RF02543,8c90,A,160,2893,1270.5,0,1,3401,c0af92,0
RF02543,8i9p,C1,4,3338,3387.9,0,1,3401,c0af92,1
RF02543,8ifb,a,160,2893,1267.9,0,1,3401,c0af92,0
RF02543,8y0w,L5,3,5069,2379.3,0,1,3401,c0af92,1
RF00010,3q1r,B,1,347,269.5,6.40E-88,1,367,c0af92,1
RF00001,1vq4,9,1,121,77.4,2.90E-17,1,119,c0af92,1
RF00001,4u4y,7,1,121,88.8,3.30E-20,1,119,c0af92,1
RF00001,4wqy,CB,3,119,100.7,2.80E-23,1,119,c0af92,1
RF00001,5hcr,2B,3,119,100.7,2.80E-23,1,119,c0af92,1
RF00001,5j4c,2B,3,119,100.7,2.80E-23,1,119,c0af92,1
RF00001,5tcu,C,1,114,60.1,8.00E-13,1,119,c0af92,1
RF00001,6wd3,2,3,118,77.2,3.20E-17,1,119,c0af92,1
RF00001,7nso,B,3,118,77.2,3.20E-17,1,119,c0af92,1
RF00001,8bhj,1,3,118,77.2,3.20E-17,1,119,c0af92,1
RF00001,9f1b,B7,1,118,110.4,8.20E-26,2,119,c0af92,1
RF00169,2v3c,M,46,90,42.3,4.10E-09,23,67,c0af92,1
RF02541,1yhq,0,3,2921,1748.5,0,1,2925,c0af92,0
RF02541,3cd6,0,1,2923,1748.4,0,1,2925,c0af92,0
RF02541,4v56,DB,1,2904,2889.8,0,1,2925,c0af92,1
RF02541,4v7d,AA,1,2903,2882.1,0,1,2925,c0af92,1
RF02541,4wf1,DA,1,2903,2882.1,0,1,2925,c0af92,1
RF02541,5fdv,1A,1,2912,2689.8,0,1,2925,c0af92,1
RF02541,5lza,A,1,2903,2879.8,0,1,2925,c0af92,1
RF02541,6boh,GB,1,2880,2709.2,0,6,2918,c0af92,1
RF02541,6elz,1,1,3167,1242.6,0,156,2925,c0af92,0
RF02541,6yly,1,1,3167,1242.6,0,156,2925,c0af92,0
RF02541,7nsi,BA,1,1457,360.6,4.30E-118,200,2925,c0af92,1
RF02541,7uvy,A,8,2900,2893.9,0,1,2925,c0af92,1
RF02541,7zfw,L5,1,3550,958.5,0,159,2925,c0af92,0
RF02541,8cvj,1A,1,2912,2689.8,0,1,2925,c0af92,1
RF02541,8pva,a,1,2904,2887.4,0,1,2925,c0af92,1
RF02541,8q5i,1,1,3136,1228.3,0,159,2925,c0af92,0
RF02543,1yhq,0,132,2915,1471.3,0,1,3401,c0af92,0
RF02543,3cd6,0,132,2915,1468.9,0,1,3401,c0af92,0
RF02543,4v56,DB,160,2893,1270.5,0,1,3401,c0af92,0
RF02543,4v7d,AA,160,2893,1270.5,0,1,3401,c0af92,0
RF02543,4wf1,DA,160,2893,1270.5,0,1,3401,c0af92,0
RF02543,5fdv,1A,148,2901,1152.1,0,1,3401,c0af92,0
RF02543,5lza,A,160,2893,1267.9,0,1,3401,c0af92,0
RF02543,6boh,GB,146,2876,1162,0,1,3401,c0af92,0
RF02543,6elz,1,4,3396,3401.6,0,1,3401,c0af92,1
RF02543,6yly,1,4,3396,3401.6,0,1,3401,c0af92,1
RF02543,7r7c,1,44,226,102.6,4.50E-26,2410,2588,c0af92,1
RF02543,7uvy,A,167,2888,1271.3,0,1,3401,c0af92,0
RF02543,7zfw,L5,3,3774,2801.1,0,1,3401,c0af92,1
RF02543,8cvj,1A,148,2901,1152.1,0,1,3401,c0af92,0
RF02543,8pva,a,160,2893,1267.9,0,1,3401,c0af92,0
RF02543,8q5i,1,1,3359,3380.6,0,1,3401,c0af92,1
RF00001,4v4w,B9,1,108,61.7,2.90E-13,4,115,c0af92,1
RF00001,5j4c,1B,3,119,100.7,2.80E-23,1,119,c0af92,1
RF00001,5t2c,B,1,119,118.9,5.30E-28,1,119,c0af92,1
RF00001,5tbw,AS,1,121,88.8,3.30E-20,1,119,c0af92,1
RF00001,6om6,3,3,118,77.2,3.20E-17,1,119,c0af92,1
RF00001,6ore,3,3,118,77.2,3.20E-17,1,119,c0af92,1
RF00001,7k53,2,3,118,77.2,3.20E-17,1,119,c0af92,1
RF00001,7old,3,1,120,98.6,9.60E-23,1,119,c0af92,1
RF00001,7zq6,a,3,118,77.2,3.20E-17,1,119,c0af92,1
RF00001,8j1z,b,3,118,77.2,3.20E-17,1,119,c0af92,1
RF00001,8ud8,1B,3,119,100.7,2.80E-23,1,119,c0af92,1
RF00029,8k0q,C,563,633,41.1,5.10E-07,1,93,c0af92,1
RF02541,1vqo,0,2,2920,1740.4,0,1,2925,c0af92,0
RF02541,1vy4,DA,1,2912,2689.8,0,1,2925,c0af92,1
RF02541,1yj9,0,3,2921,1745.2,0,1,2925,c0af92,0
RF02541,2ogn,0,1,2878,2737.8,0,1,2925,c0af92,1
RF02541,4u51,5,1,3167,1242.6,0,156,2925,c0af92,0
RF02541,4w2f,DA,1,2912,2689.8,0,1,2925,c0af92,1
RF02541,6ftg,u,1,3441,935.7,0,159,2925,c0af92,0
RF02541,7asm,A,1,2923,2986.2,0,1,2925,c0af92,1
RF02541,7nsp,A,1,2903,2882.1,0,1,2925,c0af92,1
RF02541,7ohq,1,1,3167,1242.6,0,156,2925,c0af92,0
RF02541,7pjw,A,1,2903,2874.4,0,1,2925,c0af92,1
RF02541,8flc,L3,1277,4822,597.9,4.50E-197,1,2923,c0af92,0
RF02541,8flc,L3,5,420,123.7,3.10E-38,30,555,c0af92,0
RF02543,1vqo,0,131,2914,1469.1,0,1,3401,c0af92,0
RF02543,1vy4,DA,148,2901,1152.1,0,1,3401,c0af92,0
RF02543,1yj9,0,132,2915,1473.3,0,1,3401,c0af92,0
RF02543,2ogn,0,137,2867,1236,0,1,3401,c0af92,0
RF02543,4u51,5,4,3396,3401.6,0,1,3401,c0af92,1
RF02543,4w2f,DA,148,2901,1152.1,0,1,3401,c0af92,0
RF02543,6ftg,u,3,3662,2746.4,0,1,3401,c0af92,1
RF02543,7asm,A,164,2912,1326.7,0,1,3401,c0af92,0
RF02543,7nsp,A,160,2893,1270.5,0,1,3401,c0af92,0
RF02543,7ohq,1,4,3396,3401.6,0,1,3401,c0af92,1
RF02543,7pjw,A,160,2893,1263.6,0,1,3401,c0af92,0
RF02543,8flc,L3,3,5069,2379.3,0,1,3401,c0af92,1
RF00001,3ccq,9,1,121,75.2,1.10E-16,1,119,c0af92,1
RF00001,3j77,5S,1,121,88.8,3.30E-20,1,119,c0af92,1
RF00001,3j79,B,1,119,111.7,3.90E-26,1,119,c0af92,1
RF00001,4u3n,7,1,121,88.8,3.30E-20,1,119,c0af92,1
RF00001,4ujd,A4,1,119,118.9,5.30E-28,1,119,c0af92,1
RF00001,4v5c,DB,3,119,100.7,2.80E-23,1,119,c0af92,1
RF00001,4v9q,CB,3,119,100.7,2.70E-23,1,119,c0af92,1
RF00001,4wfn,Y,5,121,71.6,9.10E-16,1,119,c0af92,1
RF00001,5el7,16,5,121,100.7,2.80E-23,1,119,c0af92,1
RF00001,5kpx,28,3,118,77.2,3.20E-17,1,119,c0af92,1
RF00001,5myj,BB,1,115,69.4,3.10E-15,1,119,c0af92,1
RF00001,6az3,8,1,118,91.7,5.50E-21,1,118,c0af92,1
RF00001,6bz7,RB,3,119,100.7,2.80E-23,1,119,c0af92,1
RF00001,6bz8,RB,3,119,100.7,2.80E-23,1,119,c0af92,1
RF00001,6osq,3,3,118,77.2,3.20E-17,1,119,c0af92,1
RF00001,7jsw,2,3,118,77.2,3.20E-17,1,119,c0af92,1
RF00001,7mpi,A3,1,121,88.8,3.30E-20,1,119,c0af92,1
RF00001,7rqd,1B,3,119,100.7,2.80E-23,1,119,c0af92,1
RF00001,8aye,b,3,118,77.2,3.20E-17,1,119,c0af92,1
RF00001,8tpu,AB,1,119,111.7,3.90E-26,1,119,c0af92,1
RF00001,8whx,B,3,116,77,3.50E-17,1,119,c0af92,1
RF02541,1vy5,DA,1,2912,2689.8,0,1,2925,c0af92,1
RF02541,4v5a,DA,1,2779,2569.6,0,1,2925,c0af92,1
RF02541,5np6,Y,1,2903,2874.4,0,1,2925,c0af92,1
RF02541,5wis,1A,1,2912,2689.8,0,1,2925,c0af92,1
RF02541,6h58,A,1,2903,2870.8,0,1,2925,c0af92,1
RF02541,6of6,YA,1,2912,2689.8,0,1,2925,c0af92,1
RF02541,6xgf,a,1,2904,2889.7,0,1,2925,c0af92,1
RF02541,7o80,B5,1187,4808,639,7.00E-211,1,2856,c0af92,0
RF02541,7o80,B5,5,420,128.6,6.90E-40,30,555,c0af92,0
RF02541,7pau,3,3,2907,2658.1,0,1,2925,c0af92,1
RF02541,7rqd,1A,1,2912,2689.8,0,1,2925,c0af92,1
RF02541,8ife,1A,1277,4822,598,4.00E-197,1,2923,c0af92,0
RF02541,8ife,1A,5,420,123.7,3.10E-38,30,555,c0af92,0
RF02541,8ir1,2,1277,4806,603.9,4.40E-199,1,2923,c0af92,0
RF02541,8ir1,2,5,420,123.7,3.10E-38,30,555,c0af92,0
RF02543,1vy5,DA,148,2901,1152.1,0,1,3401,c0af92,0
RF02543,4v5a,DA,147,2768,1084.8,5.10E-296,1,3401,c0af92,0
RF02543,5np6,Y,160,2893,1263.6,0,1,3401,c0af92,0
RF02543,5wis,1A,148,2901,1152.1,0,1,3401,c0af92,0
RF02543,6h58,A,160,2893,1262.5,0,1,3401,c0af92,0
RF02543,6of6,YA,148,2901,1152.1,0,1,3401,c0af92,0
RF02543,6xgf,a,160,2893,1270.5,0,1,3401,c0af92,0
RF02543,7o80,B5,3,4808,2513.9,0,1,3401,c0af92,1
RF02543,7pau,3,167,2896,1188.2,0,1,3401,c0af92,0
RF02543,7rqd,1A,148,2901,1152.1,0,1,3401,c0af92,0
RF02543,8ife,1A,3,5069,2379.5,0,1,3401,c0af92,1
RF02543,8ir1,2,3,5053,2385.5,0,1,3401,c0af92,1
RF00001,4v83,BB,3,119,100.7,2.70E-23,1,119,c0af92,1
RF00001,4www,RB,2,117,77.2,3.20E-17,1,119,c0af92,1
RF00001,5ju8,BB,3,118,77.2,3.20E-17,1,119,c0af92,1
RF00001,5kcs,1B,3,118,77.2,3.20E-17,1,119,c0af92,1
RF00001,6cae,2B,3,119,100.7,2.80E-23,1,119,c0af92,1
RF00001,6gsj,1J,5,121,100.7,2.80E-23,1,119,c0af92,1
RF00001,7o81,B7,1,119,118.9,5.30E-28,1,119,c0af92,1
RF00001,7rqe,1B,3,119,100.7,2.80E-23,1,119,c0af92,1
RF00001,8agz,h,1,121,88.8,3.30E-20,1,119,c0af92,1
RF00001,8ekc,B,3,118,74.8,1.40E-16,1,119,c0af92,1
RF02541,4v4i,w,1,2889,2725.1,0,1,2923,c0af92,1
RF02541,5d6g,0,1,74,74,2.00E-23,1083,1156,c0af92,0
RF02541,6buw,RA,1,2912,2689.8,0,1,2925,c0af92,1
RF02541,7q4k,BA,1,2903,2879.8,0,1,2925,c0af92,1
RF02541,8c9b,A,1,2904,2889.8,0,1,2925,c0af92,1
RF02541,8fl2,L3,1277,4822,597.9,4.50E-197,1,2923,c0af92,0
RF02541,8fl2,L3,5,420,123.7,3.10E-38,30,555,c0af92,0
RF02541,8g5y,L5,1434,4837,555.6,6.70E-183,15,2913,c0af92,0
RF02541,8g5y,L5,5,420,123.7,3.10E-38,30,555,c0af92,0
RF02541,8oiq,B8,1,1457,360.6,4.30E-118,200,2925,c0af92,1
RF02543,4v4i,w,153,2880,1160.6,0,1,3401,c0af92,0
RF02543,5d6g,0,1,74,52.6,8.80E-13,1230,1303,c0af92,0
RF02543,6buw,RA,148,2901,1152.1,0,1,3401,c0af92,0
RF02543,7q4k,BA,160,2893,1267.9,0,1,3401,c0af92,0
RF02543,8c9b,A,160,2893,1270.5,0,1,3401,c0af92,0
RF02543,8fl2,L3,3,5069,2379.3,0,1,3401,c0af92,1
RF02543,8g5y,L5,3,5069,2376.6,0,1,3401,c0af92,1
RF00001,1k73,B,1,121,77.4,2.90E-17,1,119,c0af92,1
RF00001,3cce,9,1,121,75.2,1.10E-16,1,119,c0af92,1
RF00001,3j7q,7,1,119,118.9,5.30E-28,1,119,c0af92,1
RF00001,4lfz,YB,3,119,100.7,2.80E-23,1,119,c0af92,1
RF00001,4ug0,L7,1,119,118.9,5.30E-28,1,119,c0af92,1
RF00001,5jup,D,1,121,88.8,3.30E-20,1,119,c0af92,1
RF00001,6buw,RB,3,119,100.7,2.80E-23,1,119,c0af92,1
RF00001,6tnn,V,1,116,88.7,3.30E-20,1,119,c0af92,1
RF00001,6zu5,L70,1,119,106.6,8.20E-25,1,119,c0af92,1
RF00001,8agv,h,1,121,88.8,3.30E-20,1,119,c0af92,1
RF00001,8cvl,2B,3,119,100.7,2.80E-23,1,119,c0af92,1
RF00001,8ova,BD,1,119,93.2,2.30E-21,1,119,c0af92,1
RF02541,3j79,A,1,3553,986,0,157,2925,c0af92,0
RF02541,4v8p,D1,1,3251,1190.7,0,160,2925,c0af92,0
RF02541,5fci,5,1,3167,1242.6,0,156,2925,c0af92,0
RF02541,6mte,5,1,3380,1012,0,159,2925,c0af92,0
RF02541,6orl,1,1,2903,2879.7,0,1,2925,c0af92,1
RF02541,7pan,3,3,2907,2658.1,0,1,2925,c0af92,1
RF02541,8ana,a,1,2903,2881.6,0,1,2925,c0af92,1
RF02541,8br8,Lt,1,2580,607,2.10E-200,159,2925,c0af92,0
RF02541,8bsj,Lt,1,2580,607,2.10E-200,159,2925,c0af92,0
RF02541,8i9t,C1,1,3150,1260.1,0,156,2925,c0af92,0
RF02541,8oo0,1,1,3151,1258.3,0,155,2925,c0af92,0
RF02543,3j79,A,4,3788,2656.6,0,1,3401,c0af92,1
RF02543,4v8p,D1,2,3352,3119.3,0,1,3401,c0af92,1
RF02543,5fci,5,4,3396,3401.6,0,1,3401,c0af92,1
RF02543,6mte,5,3,3597,2849,0,1,3401,c0af92,1
RF02543,6orl,1,160,2893,1267.9,0,1,3401,c0af92,0
RF02543,7pan,3,167,2896,1188.2,0,1,3401,c0af92,0
RF02543,8ana,a,160,2893,1269.4,0,1,3401,c0af92,0
RF02543,8br8,Lt,25,2564,1336.2,0,23,3401,c0af92,1
RF02543,8bsj,Lt,25,2564,1336.2,0,23,3401,c0af92,1
RF02543,8i9t,C1,4,3338,3387.9,0,1,3401,c0af92,1
RF02543,8oo0,1,5,3337,3383.2,0,1,3401,c0af92,1
RF02679,6uf1,C,1,50,37,4.60E-07,1,70,c0af92,1
RF00001,4lel,RB,3,119,100.7,2.80E-23,1,119,c0af92,1
RF00001,4v7k,AB,3,119,100.7,2.70E-23,1,119,c0af92,1
RF00001,4v8u,BB,5,121,100.7,2.80E-23,1,119,c0af92,1
RF00001,5w4k,1B,3,119,100.7,2.80E-23,1,119,c0af92,1
RF00001,6i7v,DB,3,118,77.2,3.20E-17,1,119,c0af92,1
RF00001,6lu8,5,1,119,118.9,5.30E-28,1,119,c0af92,1
RF00001,7azs,5SB,5,121,100.7,2.80E-23,1,119,c0af92,1
RF00001,7yla,J,2,117,77.2,3.20E-17,1,119,c0af92,1
RF00001,8a63,B,1,113,73.3,3.10E-16,2,117,c0af92,1
RF02541,3jbp,AA,1,2997,1001.5,0,167,2925,c0af92,0
RF02541,4v4x,BA,1,2914,2686.5,0,1,2925,c0af92,1
RF02541,4wsm,14,1,2914,2708.4,0,1,2925,c0af92,1
RF02541,6boh,B,1,2880,2709.2,0,6,2918,c0af92,1
RF02541,6ope,RA,1,2912,2689.8,0,1,2925,c0af92,1
RF02541,6pc8,I,1,2904,2887.4,0,1,2925,c0af92,1
RF02541,6wd0,1,1,2903,2879.9,0,1,2925,c0af92,1
RF02541,6zm7,L5,1277,4818,599,1.80E-197,1,2923,c0af92,0
RF02541,6zm7,L5,5,420,123.7,3.10E-38,30,555,c0af92,0
RF02541,7mt2,A,1,3138,2762.8,0,1,2925,c0af92,1
RF02541,7qgn,N,1,2903,2882.1,0,1,2925,c0af92,1
RF02541,8eti,1,1,3327,1198.3,0,156,2925,c0af92,0
RF02541,8ev7,1A,1,2912,2689.8,0,1,2925,c0af92,1
RF02541,8j1z,a,1,2904,2889.8,0,1,2925,c0af92,1
RF02543,3jbp,AA,3,3193,2483.3,0,1,3401,c0af92,1
RF02543,4v4x,BA,149,2903,1134.5,0,1,3401,c0af92,0
RF02543,4wsm,14,153,2903,1154.9,0,1,3401,c0af92,0
RF02543,6boh,B,146,2876,1162,0,1,3401,c0af92,0
RF02543,6ope,RA,148,2901,1152.1,0,1,3401,c0af92,0
RF02543,6pc8,I,160,2893,1267.9,0,1,3401,c0af92,0
RF02543,6wd0,1,160,2893,1269,0,1,3401,c0af92,0
RF02543,6zm7,L5,3,5065,2382.7,0,1,3401,c0af92,1
RF02543,7mt2,A,162,3127,1211.7,0,1,3401,c0af92,0
RF02543,7qgn,N,160,2893,1270.5,0,1,3401,c0af92,0
RF02543,8eti,1,4,3497,3328.7,0,1,3401,c0af92,1
RF02543,8ev7,1A,148,2901,1152.1,0,1,3401,c0af92,0
RF02543,8j1z,a,160,2893,1270.5,0,1,3401,c0af92,0
RF00001,2zjq,Y,4,120,71.6,9.00E-16,1,119,c0af92,1
RF00001,6wdm,2,3,118,77.2,3.20E-17,1,119,c0af92,1
RF00001,7b7d,LB,1,121,88.8,3.30E-20,1,119,c0af92,1
RF00001,7d80,a,2,117,77.2,3.20E-17,1,119,c0af92,1
RF00001,7p6z,4,1,108,63.9,7.60E-14,1,119,c0af92,1
RF00001,8g5y,L7,1,119,118.9,5.30E-28,1,119,c0af92,1
RF00001,8vtx,2B,3,119,100.7,2.80E-23,1,119,c0af92,1
RF00001,8wic,B,3,116,77,3.50E-17,1,119,c0af92,1
RF00001,9fbv,b,3,118,77.2,3.20E-17,1,119,c0af92,1
RF02541,3dg4,B,1,2904,2889.8,0,1,2925,c0af92,1
RF02541,4v54,BB,1,2904,2889.8,0,1,2925,c0af92,1
RF02541,4v54,DB,1,2904,2889.8,0,1,2925,c0af92,1
RF02541,5uq7,A,1,2912,2689.8,0,1,2925,c0af92,1
RF02541,6cae,1A,1,2912,2689.8,0,1,2925,c0af92,1
RF02541,6dzi,A,1,3119,2730,0,1,2925,c0af92,1
RF02541,6enf,A,1,2903,2870.8,0,1,2925,c0af92,1
RF02541,6hma,A,1,2923,2986.2,0,1,2925,c0af92,1
RF02541,6sv4,YQ,1,3167,1242.6,0,156,2925,c0af92,0
RF02541,6vu3,a,1,2904,2889.7,0,1,2925,c0af92,1
RF02541,6y6x,L5,1434,4837,557.3,1.70E-183,15,2913,c0af92,0
RF02541,6y6x,L5,5,420,123.7,3.10E-38,30,555,c0af92,0
RF02541,7asp,Y,1,2923,2979.7,0,1,2925,c0af92,1
RF02541,7odr,A,1,1454,372.4,4.60E-122,426,2925,c0af92,1
RF02541,7oii,1,1,2903,2879.7,0,1,2925,c0af92,1
RF02541,7ot5,1,1,2903,2879.7,0,1,2925,c0af92,1
RF02541,7pjx,A,1,2903,2874.4,0,1,2925,c0af92,1
RF02541,8aaf,f,1,3166,1231.9,0,156,2925,c0af92,0
RF02541,8.00E+44,I,1,2904,2887.4,0,1,2925,c0af92,1
RF02541,8phj,a,1,2904,2887.4,0,1,2925,c0af92,1
RF02543,3dg4,B,160,2893,1270.5,0,1,3401,c0af92,0
RF02543,4v54,BB,160,2893,1270.5,0,1,3401,c0af92,0
RF02543,4v54,DB,160,2893,1270.5,0,1,3401,c0af92,0
RF02543,5uq7,A,148,2901,1152.1,0,1,3401,c0af92,0
RF02543,6cae,1A,148,2901,1152.1,0,1,3401,c0af92,0
RF02543,6dzi,A,158,3112,1216.5,0,1,3401,c0af92,0
RF02543,6enf,A,160,2893,1262.5,0,1,3401,c0af92,0
RF02543,6hma,A,164,2912,1326.7,0,1,3401,c0af92,0
RF02543,6sv4,YQ,4,3396,3401.6,0,1,3401,c0af92,1
RF02543,6vu3,a,160,2893,1270.5,0,1,3401,c0af92,0
RF02543,6y6x,L5,3,5069,2379.5,0,1,3401,c0af92,1
RF02543,7asp,Y,164,2912,1321.4,0,1,3401,c0af92,0
RF02543,7oii,1,160,2893,1267.9,0,1,3401,c0af92,0
RF02543,7ot5,1,160,2893,1267.9,0,1,3401,c0af92,0
RF02543,7pjx,A,160,2893,1263.6,0,1,3401,c0af92,0
RF02543,8aaf,f,4,3395,3374.5,0,1,3401,c0af92,1
RF02543,8.00E+44,I,160,2893,1267.9,0,1,3401,c0af92,0
RF02543,8phj,a,160,2893,1267.9,0,1,3401,c0af92,0
RF00001,2qex,9,1,121,77.4,2.90E-17,1,119,c0af92,1
RF00001,3ccv,9,1,121,75.2,1.10E-16,1,119,c0af92,1
RF00001,4wpo,CB,3,119,100.7,2.80E-23,1,119,c0af92,1
RF00001,5obm,3,1,121,88.8,3.30E-20,1,119,c0af92,1
RF00001,6by1,DB,2,117,77.2,3.20E-17,1,119,c0af92,1
RF00001,6ha1,B,1,111,75.9,6.60E-17,3,116,c0af92,1
RF00001,6th6,BB,3,124,79.3,9.70E-18,1,119,c0af92,1
RF00001,6vzj,d,3,118,77.2,3.20E-17,1,119,c0af92,1
RF00001,7k50,2,3,118,77.2,3.20E-17,1,119,c0af92,1
RF00001,7sfr,B,2,114,77.4,2.70E-17,1,119,c0af92,1
RF00001,7ssl,2,3,118,77.2,3.20E-17,1,119,c0af92,1
RF00001,7tm3,u,1,119,118.9,5.30E-28,1,119,c0af92,1
RF00001,8rq0,B,3,118,77.2,3.20E-17,1,119,c0af92,1
RF00001,8v9j,B,3,116,77,3.50E-17,1,119,c0af92,1
RF02541,1qa6,C,1,58,58.2,3.10E-18,1093,1150,c0af92,1
RF02541,1vy4,BA,1,2912,2689.8,0,1,2925,c0af92,1
RF02541,3j6y,2S,1,3166,1242.8,0,156,2925,c0af92,0
RF02541,3j7z,A,1,2903,2882.1,0,1,2925,c0af92,1
RF02541,4v6u,B1,2,3049,1957.4,0,1,2925,c0af92,0
RF02541,4v8b,BA,1,2912,2697.7,0,1,2923,c0af92,1
RF02541,4v8y,CN,1,87,62.6,1.50E-19,2127,2213,c0af92,1
RF02541,4wt1,14,1,2914,2708.4,0,1,2925,c0af92,1
RF02541,5tbw,AR,1,2920,1222.5,0,158,2925,c0af92,0
RF02541,6az3,4,21,183,69.4,1.70E-21,2652,2817,c0af92,0
RF02541,6ord,RA,1,2912,2689.8,0,1,2925,c0af92,1
RF02541,6xqd,2A,1,2912,2689.8,0,1,2925,c0af92,1
RF02541,6ydp,AA,1176,2737,404.1,1.20E-131,1,2925,c0af92,1
RF02541,6ylh,1,1,3167,1242.6,0,156,2925,c0af92,0
RF02541,7of4,A,1,1454,372.4,4.50E-122,426,2925,c0af92,1
RF02541,8ova,BG,21,183,61.7,6.40E-19,2652,2817,c0af92,0
RF02541,8rpy,A,1,2903,2876.9,0,1,2925,c0af92,1
RF02543,1vy4,BA,148,2901,1152.1,0,1,3401,c0af92,0
RF02543,3j6y,2S,4,3395,3401.9,0,1,3401,c0af92,1
RF02543,3j7z,A,160,2893,1270.5,0,1,3401,c0af92,0
RF02543,4v6u,B1,149,3039,1616,0,1,3401,c0af92,0
RF02543,4v8b,BA,153,2903,1154.9,0,1,3401,c0af92,0
RF02543,4wt1,14,153,2903,1154.9,0,1,3401,c0af92,0
RF02543,5tbw,AR,2,3149,3266.9,0,1,3401,c0af92,1
RF02543,6az3,4,25,180,104.9,7.90E-27,3007,3161,c0af92,1
RF02543,6ord,RA,148,2901,1152.1,0,1,3401,c0af92,0
RF02543,6xqd,2A,148,2901,1152.1,0,1,3401,c0af92,0
RF02543,6ydp,AA,1915,2080,59.5,2.50E-12,2129,2336,c0af92,0
RF02543,6ydp,AA,2141,2541,134.9,3.90E-33,2396,2998,c0af92,0
RF02543,6ylh,1,4,3396,3401.6,0,1,3401,c0af92,1
RF02543,8ova,BG,25,180,105,7.60E-27,3007,3161,c0af92,1
RF02543,8rpy,A,160,2893,1266.1,0,1,3401,c0af92,0
RF00001,4v4s,BB,5,121,100.7,2.80E-23,1,119,c0af92,1
RF00001,4v6k,AA,3,118,77.2,3.20E-17,1,119,c0af92,1
RF00001,6zvk,d2,1,119,118.9,5.30E-28,1,119,c0af92,1
RF00001,7toq,A5S,1,119,118.9,5.30E-28,1,119,c0af92,1
RF00001,8bf7,1,3,118,77.2,3.20E-17,1,119,c0af92,1
RF00001,8ccs,BB,1,121,88.8,3.30E-20,1,119,c0af92,1
RF00001,8fru,3,1,120,85.7,2.10E-19,1,119,c0af92,1
RF00001,8qoi,L7,1,119,118.9,5.30E-28,1,119,c0af92,1
RF00028,7yga,N,11,317,117.1,5.20E-31,1,251,c0af92,1
RF02541,1yi2,0,3,2921,1748.5,0,1,2925,c0af92,0
RF02541,2o45,A,1,2878,2737.8,0,1,2925,c0af92,1
RF02541,3j0d,A,1,50,50.3,1.20E-15,1097,1146,c0af92,1
RF02541,4d67,2,1245,4801,585.3,7.30E-193,1,2923,c0af92,0
RF02541,4d67,2,5,411,127.9,1.20E-39,30,555,c0af92,0
RF02541,4u4o,1,1,3167,1242.6,0,156,2925,c0af92,0
RF02541,5juo,B,1,3167,1242.6,0,156,2925,c0af92,0
RF02541,5wfk,A,1,2903,2873.2,0,1,2925,c0af92,1
RF02541,6az3,2,1,1459,443.1,9.20E-146,1630,2925,c0af92,0
RF02541,6gb2,BA,1,1457,360.6,4.30E-118,200,2925,c0af92,1
RF02541,6vyw,a,1,2904,2889.7,0,1,2925,c0af92,1
RF02541,6zvk,e2,1,3667,934.5,0,159,2925,c0af92,0
RF02541,7nac,1,1,3167,1242.6,0,156,2925,c0af92,0
RF02541,7nad,1,1,646,124.2,3.00E-39,1238,2044,c0af92,0
RF02541,7o19,BA,1,2897,2871.6,0,1,2925,c0af92,1
RF02541,7uph,I,1501,4391,2802.8,0,1,2925,c0af92,1
RF02541,8apo,A3,1,207,80.1,5.00E-25,701,908,c0af92,1
RF02541,8pv3,C1,1,3151,1258.3,0,155,2925,c0af92,0
RF02543,1yi2,0,132,2915,1471.3,0,1,3401,c0af92,0
RF02543,2o45,A,137,2867,1236,0,1,3401,c0af92,0
RF02543,4d67,2,3,5024,2378.4,0,1,3401,c0af92,1
RF02543,4u4o,1,4,3396,3401.6,0,1,3401,c0af92,1
RF02543,5juo,B,4,3396,3401.6,0,1,3401,c0af92,1
RF02543,5wfk,A,160,2891,1259.8,0,1,3401,c0af92,0
RF02543,6az3,2,1,1438,1022,5.90E-279,1830,3401,c0af92,1
RF02543,6vyw,a,160,2893,1270.5,0,1,3401,c0af92,0
RF02543,6zvk,e2,3,3920,2749.6,0,1,3401,c0af92,1
RF02543,7nac,1,4,3396,3383.3,0,1,3401,c0af92,1
RF02543,7nad,1,1,697,481.6,3.40E-130,1373,2403,c0af92,1
RF02543,7o19,BA,160,2887,1266,0,1,3401,c0af92,0
RF02543,7uph,I,1660,4387,1256.6,0,1,3401,c0af92,0
RF02543,8ibx,A,1,60,70.4,8.80E-18,2237,2296,c0af92,1
RF02543,8pv3,C1,5,3339,3387.9,0,1,3401,c0af92,1
RF00001,1vvj,RB,3,119,100.7,2.80E-23,1,119,c0af92,1
RF00001,3g4s,9,1,121,75.2,1.10E-16,1,119,c0af92,1
RF00001,4lfz,RB,3,119,100.7,2.80E-23,1,119,c0af92,1
RF00001,4v6f,DB,5,121,100.7,2.80E-23,1,119,c0af92,1
RF00001,4wzd,1J,5,121,100.7,2.80E-23,1,119,c0af92,1
RF00001,6hcj,71,1,119,118.9,5.30E-28,1,119,c0af92,1
RF00001,6v3a,B,1,115,83.5,7.30E-19,1,119,c0af92,1
RF00001,7azo,5SA,5,121,100.7,2.80E-23,1,119,c0af92,1
RF00001,7o1a,BB,3,118,77.2,3.20E-17,1,119,c0af92,1
RF00001,8fc6,2B,3,119,100.7,2.80E-23,1,119,c0af92,1
RF00001,8g61,L7,1,119,118.9,5.30E-28,1,119,c0af92,1
RF00001,8y38,B,1,115,75,1.10E-16,1,119,c0af92,1
RF02541,4u25,DA,1,2903,2882.1,0,1,2925,c0af92,1
RF02541,4v4g,DB,1,2825,2645.6,0,1,2925,c0af92,1
RF02541,4v6d,DA,1,2903,2882.1,0,1,2925,c0af92,1
RF02541,4v7b,BA,1,2904,2889.8,0,1,2925,c0af92,1
RF02541,4v8x,DA,1,2848,2576.2,0,6,2918,c0af92,1
RF02541,4v9q,AA,1,2879,2712.2,0,6,2918,c0af92,1
RF02541,5fdu,2A,1,2912,2689.8,0,1,2925,c0af92,1
RF02541,5obm,5,1,3167,1242.6,0,156,2925,c0af92,0
RF02541,6em1,1,1,3167,1242.6,0,156,2925,c0af92,0
RF02541,6eri,AA,1,2810,2419.8,0,1,2818,c0af92,1
RF02541,6pc6,I,1,2904,2887.4,0,1,2925,c0af92,1
RF02541,6xa1,L5,1,3292,984.8,0,159,2925,c0af92,0
RF02541,8fc1,1A,1,2912,2689.8,0,1,2925,c0af92,1
RF02541,8g38,B,1,2903,2882.1,0,1,2925,c0af92,1
RF02541,8ovj,2,1,1459,443.1,9.60E-146,1629,2925,c0af92,0
RF02541,8qoi,L5,1276,4821,598.7,2.30E-197,1,2923,c0af92,0
RF02541,8qoi,L5,5,420,123.7,3.10E-38,30,555,c0af92,0
RF02541,8v83,1,1,3167,1242.6,0,156,2925,c0af92,0
RF02543,4u25,DA,160,2893,1270.5,0,1,3401,c0af92,0
RF02543,4v4g,DB,137,2815,1216.2,0,1,3401,c0af92,0
RF02543,4v6d,DA,160,2893,1270.5,0,1,3401,c0af92,0
RF02543,4v7b,BA,160,2893,1270.5,0,1,3401,c0af92,0
RF02543,4v8x,DA,144,2844,1082,3.10E-295,1,3401,c0af92,0
RF02543,4v9q,AA,148,2875,1160.7,0,1,3401,c0af92,0
RF02543,5fdu,2A,148,2901,1152.1,0,1,3401,c0af92,0
RF02543,5obm,5,4,3396,3401.6,0,1,3401,c0af92,1
RF02543,6em1,1,4,3396,3401.6,0,1,3401,c0af92,1
RF02543,6eri,AA,143,2810,1110.5,0,1,3165,c0af92,0
RF02543,6pc6,I,160,2893,1267.9,0,1,3401,c0af92,0
RF02543,6xa1,L5,3,3510,2765.8,0,1,3401,c0af92,1
RF02543,8fc1,1A,148,2901,1152.1,0,1,3401,c0af92,0
RF02543,8g38,B,160,2893,1270.5,0,1,3401,c0af92,0
RF02543,8ovj,2,1,1438,1022.5,4.40E-279,1829,3401,c0af92,1
RF02543,8qoi,L5,3,5068,2381.4,0,1,3401,c0af92,1
RF02543,8v83,1,4,3396,3401.6,0,1,3401,c0af92,1
RF00001,1nwy,9,5,121,71.6,9.10E-16,1,119,c0af92,1
RF00001,3jbp,AB,1,118,103.9,3.90E-24,1,119,c0af92,1
RF00001,4v7j,BB,3,119,100.7,2.70E-23,1,119,c0af92,1
RF00001,5it8,CB,3,118,77.2,3.20E-17,1,119,c0af92,1
RF00001,5xxb,3,1,122,100.6,3.00E-23,1,119,c0af92,1
RF00001,6cfj,1B,3,119,100.7,2.80E-23,1,119,c0af92,1
RF00001,6cfl,1B,3,119,100.7,2.80E-23,1,119,c0af92,1
RF00001,8cmj,BB,1,121,88.8,3.30E-20,1,119,c0af92,1
RF00001,8fld,L4,1,119,118.9,5.30E-28,1,119,c0af92,1
RF02541,4u26,DA,1,2903,2882.1,0,1,2925,c0af92,1
RF02541,4v8p,H1,1,3251,1190.7,0,160,2925,c0af92,0
RF02541,5dm7,X,2,2879,2737.8,0,1,2925,c0af92,1
RF02541,5hl7,X,1,2923,2979.7,0,1,2925,c0af92,1
RF02541,5jvg,X,1,2877,2729.9,0,1,2925,c0af92,1
RF02541,5vp2,1A,1,2912,2689.8,0,1,2925,c0af92,1
RF02541,6i7o,BQ,1,3167,1242.6,0,156,2925,c0af92,0
RF02541,6qik,A,1,3167,1242.6,0,156,2925,c0af92,0
RF02541,6r6g,5,1,3327,977.6,0,159,2925,c0af92,0
RF02541,6ri5,A,1,3167,1242.6,0,156,2925,c0af92,0
RF02541,7qh7,A,1,1256,226.6,2.60E-73,538,2852,c0af92,1
RF02541,8brm,Lt,1,2580,607,2.10E-200,159,2925,c0af92,0
RF02541,8fzf,A,1,2904,2887.4,0,1,2925,c0af92,1
RF02541,8ip8,RB,1,3172,1129,0,152,2925,c0af92,0
RF02541,8rct,71,1,2904,2885,0,1,2925,c0af92,1
RF02541,8xsy,L5,1277,4822,598,4.00E-197,1,2923,c0af92,0
RF02541,8xsy,L5,5,420,123.7,3.10E-38,30,555,c0af92,0
RF02543,4u26,DA,160,2893,1270.5,0,1,3401,c0af92,0
RF02543,4v8p,H1,2,3352,3119.3,0,1,3401,c0af92,1
RF02543,5dm7,X,138,2868,1236,0,1,3401,c0af92,0
RF02543,5hl7,X,164,2912,1321.4,0,1,3401,c0af92,0
RF02543,5jvg,X,137,2867,1234.2,0,1,3401,c0af92,0
RF02543,5vp2,1A,148,2901,1152.1,0,1,3401,c0af92,0
RF02543,6i7o,BQ,4,3396,3401.6,0,1,3401,c0af92,1
RF02543,6qik,A,4,3396,3401.6,0,1,3401,c0af92,1
RF02543,6r6g,5,3,3544,2779.1,0,1,3401,c0af92,1
RF02543,6ri5,A,4,3396,3401.6,0,1,3401,c0af92,1
RF02543,8brm,Lt,25,2564,1336.2,0,23,3401,c0af92,1
RF02543,8fzf,A,160,2893,1267.9,0,1,3401,c0af92,0
RF02543,8ip8,RB,4,3386,3203.2,0,1,3401,c0af92,1
RF02543,8rct,71,160,2893,1267.9,0,1,3401,c0af92,0
RF02543,8xsy,L5,3,5069,2379.5,0,1,3401,c0af92,1
RF00001,1n8r,B,1,121,77.4,2.90E-17,1,119,c0af92,1
RF00001,4v69,BA,2,117,77.2,3.20E-17,1,119,c0af92,1
RF00001,4wpo,AB,3,119,100.7,2.80E-23,1,119,c0af92,1
RF00001,4wsm,16,5,121,100.7,2.80E-23,1,119,c0af92,1
RF00001,6ouo,3,3,118,77.2,3.20E-17,1,119,c0af92,1
RF00001,6y0g,L7,1,119,118.9,5.30E-28,1,119,c0af92,1
RF00001,7nsq,B,3,118,77.2,3.20E-17,1,119,c0af92,1
RF00001,8hkv,A5S,4,122,58.7,1.90E-12,1,119,c0af92,1
RF02541,1nwx,0,1,2878,2737.8,0,1,2925,c0af92,1
RF02541,3jai,5,1,3441,935.7,0,159,2925,c0af92,0
RF02541,3u4m,B,1,80,59.1,2.10E-18,2131,2210,c0af92,1
RF02541,4v74,BA,1,2903,2882.1,0,1,2925,c0af92,1
RF02541,4v9r,DA,1,2912,2689.8,0,1,2925,c0af92,1
RF02541,5wit,1A,1,2912,2689.8,0,1,2925,c0af92,1
RF02541,6bz8,RA,1,2912,2689.8,0,1,2925,c0af92,1
RF02541,6i7v,CA,1,2904,2889.8,0,1,2925,c0af92,1
RF02541,6s12,A,1,2905,2947.2,0,1,2925,c0af92,1
RF02541,6wd6,1,1,2903,2879.9,0,1,2925,c0af92,1
RF02541,6yws,A,48,3440,887.9,2.10E-294,1,2925,c0af92,1
RF02541,7oi9,A,1,1454,372.4,4.50E-122,426,2925,c0af92,1
RF02541,7pic,3,3,2907,2658.1,0,1,2925,c0af92,1
RF02541,7rqe,1A,1,2912,2689.8,0,1,2925,c0af92,1
RF02541,8bf9,5,1,3441,935.7,0,159,2925,c0af92,0
RF02541,8bhl,0,1,2904,2889.8,0,1,2925,c0af92,1
RF02541,8k2a,L1,1,1454,372.4,4.50E-122,426,2925,c0af92,1
RF02543,1nwx,0,137,2867,1236,0,1,3401,c0af92,0
RF02543,3jai,5,3,3662,2746.4,0,1,3401,c0af92,1
RF02543,4v74,BA,160,2893,1270.5,0,1,3401,c0af92,0
RF02543,4v9r,DA,148,2901,1152.1,0,1,3401,c0af92,0
RF02543,5wit,1A,148,2901,1152.1,0,1,3401,c0af92,0
RF02543,6bz8,RA,148,2901,1152.1,0,1,3401,c0af92,0
RF02543,6i7v,CA,160,2893,1270.5,0,1,3401,c0af92,0
RF02543,6s12,A,162,2897,1310.6,0,1,3401,c0af92,0
RF02543,6wd6,1,160,2893,1269,0,1,3401,c0af92,0
RF02543,6yws,A,332,3358,372.1,2.80E-99,1,3401,c0af92,0
RF02543,7pic,3,167,2896,1188.2,0,1,3401,c0af92,0
RF02543,7rqe,1A,148,2901,1152.1,0,1,3401,c0af92,0
RF02543,8bf9,5,3,3662,2746.4,0,1,3401,c0af92,1
RF02543,8bhl,0,160,2893,1270.5,0,1,3401,c0af92,0
RF00001,4v5j,DB,3,119,100.7,2.80E-23,1,119,c0af92,1
RF00001,4v70,BB,2,117,77.2,3.20E-17,1,119,c0af92,1
RF00001,4v9d,DB,2,117,77.2,3.20E-17,1,119,c0af92,1
RF00001,4www,YB,2,117,77.2,3.20E-17,1,119,c0af92,1
RF00001,5dfe,RB,3,119,100.7,2.80E-23,1,119,c0af92,1
RF00001,6bz6,RB,3,119,100.7,2.80E-23,1,119,c0af92,1
RF00001,6h4n,B,3,118,77.2,3.20E-17,1,119,c0af92,1
RF00001,8.00E+30,J,2,117,77.2,3.20E-17,1,119,c0af92,1
RF00001,8fzd,B,3,118,74.8,1.40E-16,1,119,c0af92,1
RF02541,4u24,BA,1,2903,2882.1,0,1,2925,c0af92,1
RF02541,4v6a,BA,1,2912,2689.8,0,1,2925,c0af92,1
RF02541,4v8a,AA,1,2912,2687,0,1,2925,c0af92,1
RF02541,5dm6,X,2,2879,2737.8,0,1,2925,c0af92,1
RF02541,5j91,DA,1,2904,2883.8,0,1,2925,c0af92,1
RF02541,6ogg,1,1,2903,2879.9,0,1,2925,c0af92,1
RF02541,6s0z,A,1,2905,2947.2,0,1,2925,c0af92,1
RF02541,6wdk,1,1,2903,2879.9,0,1,2925,c0af92,1
RF02541,6xhx,2A,1,2912,2689.8,0,1,2925,c0af92,1
RF02541,6zj3,LI,1,608,166,2.50E-53,2178,2646,c0af92,0
RF02541,7nwg,51,1,3552,1000.9,0,159,2925,c0af92,0
RF02541,7qi4,A,1,1451,373.4,2.10E-122,426,2925,c0af92,1
RF02541,8g29,1A,1,2912,2687.2,0,1,2925,c0af92,1
RF02541,8r3v,71,1,2904,2885,0,1,2925,c0af92,1
RF02541,8yop,L5,1277,4822,598,4.00E-197,1,2923,c0af92,0
RF02541,8yop,L5,5,420,123.7,3.10E-38,30,555,c0af92,0
RF02543,4u24,BA,160,2893,1270.5,0,1,3401,c0af92,0
RF02543,4v6a,BA,148,2901,1152.1,0,1,3401,c0af92,0
RF02543,4v8a,AA,148,2901,1150.8,0,1,3401,c0af92,0
RF02543,5dm6,X,138,2868,1236,0,1,3401,c0af92,0
RF02543,5j91,DA,160,2893,1263.1,0,1,3401,c0af92,0
RF02543,6ogg,1,160,2893,1269,0,1,3401,c0af92,0
RF02543,6s0z,A,162,2897,1310.6,0,1,3401,c0af92,0
RF02543,6wdk,1,160,2893,1269,0,1,3401,c0af92,0
RF02543,6xhx,2A,148,2901,1152.1,0,1,3401,c0af92,0
RF02543,6zj3,LI,1,610,404,8.20E-109,2475,2999,c0af92,1
RF02543,7nwg,51,3,3788,2838.8,0,1,3401,c0af92,1
RF02543,8g29,1A,148,2901,1149.2,0,1,3401,c0af92,0
RF02543,8r3v,71,160,2893,1267.9,0,1,3401,c0af92,0
RF02543,8yop,L5,3,5069,2379.5,0,1,3401,c0af92,1
RF00001,3jah,7,1,119,118.9,5.30E-28,1,119,c0af92,1
RF00001,4v4x,BB,5,121,100.7,2.80E-23,1,119,c0af92,1
RF00001,4v7c,BB,3,118,77.2,3.20E-17,1,119,c0af92,1
RF00001,4v8g,DB,3,119,100.7,2.80E-23,1,119,c0af92,1
RF00001,5h4p,3,1,121,88.8,3.30E-20,1,119,c0af92,1
RF00001,5wis,2B,3,119,100.7,2.80E-23,1,119,c0af92,1
RF00001,6og7,2,3,118,77.2,3.20E-17,1,119,c0af92,1
RF00001,6vz2,d,3,118,77.2,3.20E-17,1,119,c0af92,1
RF00001,7jil,3,2,111,71.9,6.90E-16,1,119,c0af92,1
RF02541,4v6f,AA,1,2909,2694.5,0,1,2923,c0af92,1
RF02541,4v6t,BA,1,2903,2882.1,0,1,2925,c0af92,1
RF02541,4v7f,1,1,3167,1242.6,0,156,2925,c0af92,0
RF02541,4y4o,1A,1,2912,2689.8,0,1,2925,c0af92,1
RF02541,6gbz,A,1,2904,2889.8,0,1,2925,c0af92,1
RF02541,6gzq,A1,1,2912,2697.7,0,1,2923,c0af92,1
RF02541,6ost,1,1,2903,2879.7,0,1,2925,c0af92,1
RF02541,6qtz,A,1,3167,1242.6,0,156,2925,c0af92,0
RF02541,6vwn,2,1,2903,2879.9,0,1,2925,c0af92,1
RF02541,7bl3,A,8,2911,2889.8,0,1,2925,c0af92,1
RF02541,7y7h,a,1,2904,2887.4,0,1,2925,c0af92,1
RF02541,8fn2,A,2,2929,2771.9,0,1,2925,c0af92,1
RF02541,8ipd,2,1277,4806,603.9,4.40E-199,1,2923,c0af92,0
RF02541,8ipd,2,5,420,123.7,3.10E-38,30,555,c0af92,0
RF02543,4v6f,AA,147,2900,1155.4,0,1,3401,c0af92,0
RF02543,4v6t,BA,160,2893,1270.5,0,1,3401,c0af92,0
RF02543,4v7f,1,4,3396,3401.6,0,1,3401,c0af92,1
RF02543,4y4o,1A,148,2901,1152.1,0,1,3401,c0af92,0
RF02543,6gbz,A,160,2893,1270.5,0,1,3401,c0af92,0
RF02543,6gzq,A1,153,2903,1154.9,0,1,3401,c0af92,0
RF02543,6ost,1,160,2893,1267.9,0,1,3401,c0af92,0
RF02543,6qtz,A,4,3396,3401.6,0,1,3401,c0af92,1
RF02543,6vwn,2,160,2893,1269,0,1,3401,c0af92,0
RF02543,7bl3,A,167,2900,1270.5,0,1,3401,c0af92,0
RF02543,7y7h,a,160,2893,1267.9,0,1,3401,c0af92,0
RF02543,8fn2,A,155,2918,1218.4,0,1,3401,c0af92,0
RF02543,8ipd,2,3,5053,2385.5,0,1,3401,c0af92,1
RF00001,1vq5,9,1,121,77.4,2.90E-17,1,119,c0af92,1
RF00001,4v6c,DB,2,117,77.2,3.20E-17,1,119,c0af92,1
RF00001,4v8d,BB,5,121,100.7,2.80E-23,1,119,c0af92,1
RF00001,4zsn,RB,5,121,100.7,2.80E-23,1,119,c0af92,1
RF00001,5kpv,28,3,118,77.2,3.20E-17,1,119,c0af92,1
RF00001,6gqv,3,1,121,88.8,3.30E-20,1,119,c0af92,1
RF00001,8p8u,LE,1,121,88.8,3.30E-20,1,119,c0af92,1
RF02541,4u20,DA,1,2903,2882.1,0,1,2925,c0af92,1
RF02541,4uy8,A,1,2854,2787.7,0,1,2925,c0af92,1
RF02541,4v5p,DA,1,2913,2694.3,0,1,2925,c0af92,1
RF02541,4yzv,RA,1,2913,2699.6,0,1,2925,c0af92,1
RF02541,6xqe,1A,1,2912,2689.8,0,1,2925,c0af92,1
RF02541,7jqm,2A,1,2912,2689.8,0,1,2925,c0af92,1
RF02541,8g7q,A,1,2904,2887.4,0,1,2925,c0af92,1
RF02543,4u20,DA,160,2893,1270.5,0,1,3401,c0af92,0
RF02543,4uy8,A,160,2844,1217.8,0,1,3401,c0af92,0
RF02543,4v5p,DA,149,2902,1146.4,0,1,3401,c0af92,0
RF02543,4yzv,RA,149,2902,1152.1,0,1,3401,c0af92,0
RF02543,6xqe,1A,148,2901,1152.1,0,1,3401,c0af92,0
RF02543,7jqm,2A,148,2901,1152.1,0,1,3401,c0af92,0
RF02543,8g7q,A,160,2893,1267.9,0,1,3401,c0af92,0
RF00010,7uo0,B,1,373,302.2,8.00E-99,1,363,c0af92,1
RF00001,4v8e,AB,5,121,100.7,2.80E-23,1,119,c0af92,1
RF00001,4v9q,AB,3,119,100.7,2.70E-23,1,119,c0af92,1
RF00001,5el5,16,5,121,100.7,2.80E-23,1,119,c0af92,1
RF00001,5lyb,3,1,121,88.8,3.30E-20,1,119,c0af92,1
RF00001,5u9f,2,3,118,77.2,3.20E-17,1,119,c0af92,1
RF00001,6olf,E,1,119,118.9,5.20E-28,1,119,c0af92,1
RF00001,6p5j,7,1,119,118.9,5.20E-28,1,119,c0af92,1
RF00001,6qzp,L7,1,119,118.9,5.30E-28,1,119,c0af92,1
RF00001,6vwl,3,3,118,77.2,3.20E-17,1,119,c0af92,1
RF00001,6wdl,2,3,118,77.2,3.20E-17,1,119,c0af92,1
RF00001,6xgf,d,3,118,77.2,3.20E-17,1,119,c0af92,1
RF00001,8g31,A,2,117,77.2,3.20E-17,1,119,c0af92,1
RF02541,2ogo,0,1,2878,2737.8,0,1,2925,c0af92,1
RF02541,4adx,0,1,2923,1747.5,0,1,2925,c0af92,0
RF02541,4u4o,5,1,3167,1242.6,0,156,2925,c0af92,0
RF02541,4u50,1,1,3167,1242.6,0,156,2925,c0af92,0
RF02541,4v51,BA,1,2784,2566.8,0,1,2925,c0af92,1
RF02541,4v8j,DA,1,2913,2699.6,0,1,2925,c0af92,1
RF02541,4v9o,CA,1,2904,2889.8,0,1,2925,c0af92,1
RF02541,5dge,1,1,3167,1242.6,0,156,2925,c0af92,0
RF02541,5dox,2A,1,2912,2689.8,0,1,2925,c0af92,1
RF02541,6tc3,23S1,1,2897,2871.6,0,1,2925,c0af92,1
RF02541,6wdd,1,1,2903,2879.9,0,1,2925,c0af92,1
RF02541,6wqq,1,1,2923,2985.2,0,1,2925,c0af92,1
RF02541,8cg8,AA,1,3167,1242.6,0,156,2925,c0af92,0
RF02541,8g2d,2A,1,2912,2689.8,0,1,2925,c0af92,1
RF02541,8p8n,A,1,3167,1242.6,0,156,2925,c0af92,0
RF02543,2ogo,0,137,2867,1236,0,1,3401,c0af92,0
RF02543,4adx,0,132,2915,1473.3,0,1,3401,c0af92,0
RF02543,4u4o,5,4,3396,3401.6,0,1,3401,c0af92,1
RF02543,4u50,1,4,3396,3401.6,0,1,3401,c0af92,1
RF02543,4v51,BA,147,2773,1086.7,1.50E-296,1,3401,c0af92,0
RF02543,4v8j,DA,149,2902,1152.1,0,1,3401,c0af92,0
RF02543,4v9o,CA,160,2893,1270.5,0,1,3401,c0af92,0
RF02543,5dge,1,4,3396,3401.6,0,1,3401,c0af92,1
RF02543,5dox,2A,148,2901,1152.1,0,1,3401,c0af92,0
RF02543,6tc3,23S1,160,2887,1266,0,1,3401,c0af92,0
RF02543,6wdd,1,160,2893,1269,0,1,3401,c0af92,0
RF02543,6wqq,1,164,2912,1330.4,0,1,3401,c0af92,0
RF02543,8cg8,AA,4,3396,3401.6,0,1,3401,c0af92,1
RF02543,8g2d,2A,148,2901,1152.1,0,1,3401,c0af92,0
RF02543,8p8n,A,4,3396,3401.6,0,1,3401,c0af92,1
RF00011,1nbs,B,1,154,145.9,2.30E-42,77,230,c0af92,1
RF00001,1qvf,9,1,121,77.4,2.90E-17,1,119,c0af92,1
RF00001,3j78,5S,1,121,88.8,3.30E-20,1,119,c0af92,1
RF00001,4uje,A4,1,119,118.9,5.30E-28,1,119,c0af92,1
RF00001,4v7y,DB,3,119,100.7,2.80E-23,1,119,c0af92,1
RF00001,5j3c,RB,3,119,100.7,2.80E-23,1,119,c0af92,1
RF00001,6ndk,YB,3,119,100.7,2.80E-23,1,119,c0af92,1
RF00001,6v3d,B,1,115,83.5,7.30E-19,1,119,c0af92,1
RF00001,6xu6,A7,1,119,95.2,7.30E-22,1,119,c0af92,1
RF00001,7s1g,J,3,118,77.2,3.20E-17,1,119,c0af92,1
RF00001,7st6,2,3,118,77.2,3.20E-17,1,119,c0af92,1
RF00001,8civ,BB,1,121,88.8,3.30E-20,1,119,c0af92,1
RF00001,8g6y,b,3,118,77.2,3.20E-17,1,119,c0af92,1
RF00001,8uu6,B,1,116,87,9.20E-20,1,119,c0af92,1
RF00001,8uua,B,1,116,87,9.20E-20,1,119,c0af92,1
RF00169,5gaf,1,9,105,65.5,9.60E-16,1,97,c0af92,1
RF02541,1ond,0,1,2878,2737.8,0,1,2925,c0af92,1
RF02541,3cpw,0,2,2920,1743.3,0,1,2925,c0af92,0
RF02541,4v4g,FB,1,2825,2645.6,0,1,2925,c0af92,1
RF02541,4v5k,BA,1,2848,2576.2,0,6,2918,c0af92,1
RF02541,4v7i,A8,1,2904,2889.8,0,1,2925,c0af92,1
RF02541,4wu1,1H,1,2914,2708.4,0,1,2925,c0af92,1
RF02541,6czr,2A,1,2913,2699.6,0,1,2925,c0af92,1
RF02541,6gsl,14,1,2914,2708.4,0,1,2925,c0af92,1
RF02541,6h58,AA,1,2903,2870.8,0,1,2925,c0af92,0
RF02541,7ohs,1,1,3167,1242.6,0,156,2925,c0af92,0
RF02541,7rr5,C1,1,3167,1242.6,0,156,2925,c0af92,0
RF02541,7unw,A,1,2891,2924.9,0,1,2925,c0af92,1
RF02541,7uqb,1,1,3167,1242.6,0,156,2925,c0af92,0
RF02541,8etj,1,1,3327,1197.8,0,156,2925,c0af92,0
RF02541,8whx,A,1,3119,2730,0,1,2925,c0af92,1
RF02543,1ond,0,137,2867,1236,0,1,3401,c0af92,0
RF02543,3cpw,0,131,2914,1466.5,0,1,3401,c0af92,0
RF02543,4v4g,FB,137,2815,1216.2,0,1,3401,c0af92,0
RF02543,4v5k,BA,144,2844,1082,3.10E-295,1,3401,c0af92,0
RF02543,4v7i,A8,160,2893,1270.5,0,1,3401,c0af92,0
RF02543,4wu1,1H,153,2903,1154.9,0,1,3401,c0af92,0
RF02543,6czr,2A,149,2902,1152.1,0,1,3401,c0af92,0
RF02543,6gsl,14,153,2903,1154.9,0,1,3401,c0af92,0
RF02543,6h58,AA,160,2893,1262.5,0,1,3401,c0af92,0
RF02543,7ohs,1,4,3396,3401.6,0,1,3401,c0af92,1
RF02543,7rr5,C1,4,3396,3401.6,0,1,3401,c0af92,1
RF02543,7unw,A,160,2878,1258.9,0,1,3401,c0af92,0
RF02543,7uqb,1,4,3396,3401.6,0,1,3401,c0af92,1
RF02543,8etj,1,4,3497,3330,0,1,3401,c0af92,1
RF02543,8whx,A,158,3112,1216.5,0,1,3401,c0af92,0
RF00001,3cc7,9,1,121,75.2,1.10E-16,1,119,c0af92,1
RF00001,4tuc,RB,3,119,100.7,2.80E-23,1,119,c0af92,1
RF00001,5aj0,A4,1,119,118.9,5.30E-28,1,119,c0af92,1
RF00001,5ib7,1J,5,121,100.7,2.80E-23,1,119,c0af92,1
RF00001,6hrm,3,3,118,77.2,3.20E-17,1,119,c0af92,1
RF00001,6lss,5,1,119,118.9,5.30E-28,1,119,c0af92,1
RF00001,6om0,E,1,119,118.9,5.20E-28,1,119,c0af92,1
RF00001,7p7q,B,1,116,83.5,7.30E-19,1,119,c0af92,1
RF00001,8jdk,E,1,119,118.9,5.30E-28,1,119,c0af92,1
RF02541,1k01,A,1,2878,2737.8,0,1,2925,c0af92,1
RF02541,1vq8,0,2,2920,1740.4,0,1,2925,c0af92,0
RF02541,4ujc,A2,1245,4801,585.3,7.30E-193,1,2923,c0af92,0
RF02541,4ujc,A2,5,411,127.9,1.20E-39,30,555,c0af92,0
RF02541,4v49,B0,1,2885,2720.8,0,1,2925,c0af92,1
RF02541,4v83,DA,1,2879,2712.2,0,6,2918,c0af92,1
RF02541,4v8u,BA,1,2913,2699.6,0,1,2925,c0af92,1
RF02541,4v90,BA,1,2913,2692.4,0,1,2925,c0af92,1
RF02541,5uyl,1,1,2903,2879.9,0,1,2925,c0af92,1
RF02541,6czr,1A,1,2913,2699.6,0,1,2925,c0af92,1
RF02541,6qnr,14,1,2914,2708.4,0,1,2925,c0af92,1
RF02541,6y69,A,1,2903,2870.8,0,1,2925,c0af92,1
RF02541,7q0r,1,1,3136,1228.3,0,159,2925,c0af92,0
RF02541,7v08,1,1,3167,1242.6,0,156,2925,c0af92,0
RF02541,8a63,A,1,2931,2942.3,0,1,2925,c0af92,1
RF02541,8fkw,L3,1277,4822,597.9,4.50E-197,1,2923,c0af92,0
RF02541,8fkw,L3,5,420,123.7,3.10E-38,30,555,c0af92,0
RF02541,8xt1,L1,1,1454,372.4,4.50E-122,426,2925,c0af92,1
RF02543,1k01,A,137,2867,1236,0,1,3401,c0af92,0
RF02543,1vq8,0,131,2914,1469.1,0,1,3401,c0af92,0
RF02543,4ujc,A2,3,5024,2378.4,0,1,3401,c0af92,1
RF02543,4v49,B0,137,2874,1237.9,0,1,3401,c0af92,0
RF02543,4v83,DA,148,2875,1160.6,0,1,3401,c0af92,0
RF02543,4v8u,BA,149,2902,1152.1,0,1,3401,c0af92,0
RF02543,4v90,BA,149,2902,1147.3,0,1,3401,c0af92,0
RF02543,5uyl,1,160,2893,1269,0,1,3401,c0af92,0
RF02543,6czr,1A,149,2902,1152.1,0,1,3401,c0af92,0
RF02543,6qnr,14,153,2903,1154.9,0,1,3401,c0af92,0
RF02543,6y69,A,160,2893,1262.5,0,1,3401,c0af92,0
RF02543,7q0r,1,1,3359,3380.6,0,1,3401,c0af92,1
RF02543,7v08,1,4,3396,3401.6,0,1,3401,c0af92,1
RF02543,8a63,A,162,2921,1245.2,0,1,3401,c0af92,0
RF02543,8fkw,L3,3,5069,2379.3,0,1,3401,c0af92,1
RF00001,3jbo,AB,1,118,103.9,3.90E-24,1,119,c0af92,1
RF00001,4p70,RB,3,119,100.7,2.80E-23,1,119,c0af92,1
RF00001,4u56,7,1,121,88.8,3.30E-20,1,119,c0af92,1
RF00001,4v76,BB,2,117,77.2,3.20E-17,1,119,c0af92,1
RF00001,4v9s,DB,3,119,100.7,2.80E-23,1,119,c0af92,1
RF00001,5.00E+81,16,5,121,100.7,2.80E-23,1,119,c0af92,1
RF00001,5j30,RB,3,119,100.7,2.80E-23,1,119,c0af92,1
RF00001,5t2a,D,2,120,96.6,3.00E-22,1,119,c0af92,1
RF00001,6oxi,RB,5,121,100.7,2.80E-23,1,119,c0af92,1
RF00001,6zu1,BB,3,118,77.2,3.20E-17,1,119,c0af92,1
RF00001,7n31,5,3,118,77.2,3.20E-17,1,119,c0af92,1
RF00001,8a3l,b,3,118,77.2,3.20E-17,1,119,c0af92,1
RF00001,8cvm,b,3,119,92.7,3.20E-21,1,119,c0af92,1
RF00001,8idt,5,1,119,118.9,5.30E-28,1,119,c0af92,1
RF00001,8uu4,B,1,116,87,9.20E-20,1,119,c0af92,1
RF02541,3dg5,B,1,2904,2889.8,0,1,2925,c0af92,1
RF02541,4l71,RA,1,2913,2699.6,0,1,2925,c0af92,1
RF02541,5dc3,5,1,3167,1242.6,0,156,2925,c0af92,0
RF02541,5ot7,4,1,2901,2666,0,6,2918,c0af92,1
RF02541,5v8i,1A,1,2891,2735.8,0,1,2925,c0af92,1
RF02541,6t59,54,1,3326,977.8,0,159,2925,c0af92,0
RF02541,7a01,e2,1,3595,962.7,0,159,2925,c0af92,0
RF02541,7mpi,A1,1,2908,1195.6,0,158,2925,c0af92,0
RF02541,8btr,Lt,1,2580,607,2.10E-200,159,2925,c0af92,0
RF02541,8ccs,AA,1,3167,1242.6,0,156,2925,c0af92,0
RF02541,8evt,A1,1,3131,1242.5,0,158,2925,c0af92,0
RF02543,3dg5,B,160,2893,1270.5,0,1,3401,c0af92,0
RF02543,4l71,RA,149,2902,1152.1,0,1,3401,c0af92,0
RF02543,5dc3,5,4,3396,3401.6,0,1,3401,c0af92,1
RF02543,5ot7,4,144,2897,1147.3,0,1,3401,c0af92,0
RF02543,5v8i,1A,153,2880,1160.6,0,1,3401,c0af92,0
RF02543,6t59,54,3,3543,2779.4,0,1,3401,c0af92,1
RF02543,7a01,e2,3,3825,2762.4,0,1,3401,c0af92,1
RF02543,7mpi,A1,2,3137,3218.5,0,1,3401,c0af92,1
RF02543,8btr,Lt,25,2564,1336.2,0,23,3401,c0af92,1
RF02543,8ccs,AA,4,3396,3401.6,0,1,3401,c0af92,1
RF02543,8evt,A1,2,3360,3395.8,0,1,3401,c0af92,1
RF00001,1q7y,B,1,121,77.4,2.90E-17,1,119,c0af92,1
RF00001,3pio,Y,5,121,71.6,9.10E-16,1,119,c0af92,1
RF00001,4v5m,BB,5,121,100.7,2.80E-23,1,119,c0af92,1
RF00001,4v6y,BB,2,117,77.2,3.20E-17,1,119,c0af92,1
RF00001,5aka,A,3,118,77.2,3.20E-17,1,119,c0af92,1
RF00001,5i4l,7,1,121,88.8,3.30E-20,1,119,c0af92,1
RF00001,6ogg,2,3,118,77.2,3.20E-17,1,119,c0af92,1
RF00001,6oxi,YB,5,121,100.7,2.80E-23,1,119,c0af92,1
RF00001,6pcq,J,2,117,77.2,3.20E-17,1,119,c0af92,1
RF00001,7jql,1B,3,119,100.7,2.80E-23,1,119,c0af92,1
RF00001,7u2i,1B,3,119,100.7,2.80E-23,1,119,c0af92,1
RF00001,8bh4,1,3,118,77.2,3.20E-17,1,119,c0af92,1
RF00001,8fc5,2B,3,119,100.7,2.80E-23,1,119,c0af92,1
RF00001,8phj,b,3,118,77.2,3.20E-17,1,119,c0af92,1
RF02541,1vqn,0,2,2920,1740.4,0,1,2925,c0af92,0
RF02541,1yjw,0,3,2921,1748.5,0,1,2925,c0af92,0
RF02541,5mgp,A,1,2903,2870.8,0,1,2925,c0af92,1
RF02541,6bu8,1,1,2903,2879.9,0,1,2925,c0af92,1
RF02541,6p5n,5,1,3377,1022.3,0,159,2925,c0af92,0
RF02541,6xhv,2A,1,2912,2689.8,0,1,2925,c0af92,1
RF02541,6zs9,XA,1,1454,371.3,1.10E-121,426,2925,c0af92,1
RF02541,7a5h,A,1,1454,372.4,4.50E-122,426,2925,c0af92,1
RF02541,7nhl,A,1,2923,2983.9,0,1,2925,c0af92,1
RF02541,7oht,1,1,3167,1242.6,0,156,2925,c0af92,0
RF02541,7rqb,2A,1,2912,2689.8,0,1,2925,c0af92,1
RF02541,8fl7,L3,1277,4822,597.9,4.50E-197,1,2923,c0af92,0
RF02541,8fl7,L3,5,420,123.7,3.10E-38,30,555,c0af92,0
RF02541,8ovj,1,1,1782,390.9,3.50E-128,160,1518,c0af92,0
RF02541,8r3v,72,1,2904,2885,0,1,2925,c0af92,1
RF02541,8ud7,2A,1,2912,2689.8,0,1,2925,c0af92,1
RF02541,8vtw,2A,1,2912,2689.8,0,1,2925,c0af92,1
RF02543,1vqn,0,131,2914,1469.1,0,1,3401,c0af92,0
RF02543,1yjw,0,132,2915,1471.3,0,1,3401,c0af92,0
RF02543,5mgp,A,160,2893,1262.5,0,1,3401,c0af92,0
RF02543,6bu8,1,160,2893,1269,0,1,3401,c0af92,0
RF02543,6p5n,5,3,3594,2862.8,0,1,3401,c0af92,1
RF02543,6xhv,2A,148,2901,1152.1,0,1,3401,c0af92,0
RF02543,7nhl,A,164,2912,1322.2,0,1,3401,c0af92,0
RF02543,7oht,1,4,3396,3401.6,0,1,3401,c0af92,1
RF02543,7rqb,2A,148,2901,1152.1,0,1,3401,c0af92,0
RF02543,8fl7,L3,3,5069,2379.3,0,1,3401,c0af92,1
RF02543,8ovj,1,2,1782,926.4,1.70E-252,1,1647,c0af92,1
RF02543,8r3v,72,160,2893,1267.9,0,1,3401,c0af92,0
RF02543,8ud7,2A,148,2901,1152.1,0,1,3401,c0af92,0
RF02543,8vtw,2A,148,2901,1152.1,0,1,3401,c0af92,0
RF00010,2a2e,A,1,338,259.8,1.00E-84,1,367,c0af92,1
RF00001,4v5k,BB,3,119,100.7,2.80E-23,1,119,c0af92,1
RF00001,5x8t,B,4,120,52.2,9.50E-11,1,119,c0af92,1
RF00001,6gzz,B1,5,121,100.7,2.80E-23,1,119,c0af92,1
RF00001,6nsh,YB,3,119,100.7,2.80E-23,1,119,c0af92,1
RF00001,8b5l,7,1,119,118.9,5.30E-28,1,119,c0af92,1
RF00001,8.00E+41,J,2,117,77.2,3.20E-17,1,119,c0af92,1
RF02541,3cc2,0,1,2923,1747.5,0,1,2925,c0af92,0
RF02541,3dll,X,1,2878,2737.8,0,1,2925,c0af92,1
RF02541,4v61,BA,1,2810,2420.2,0,1,2818,c0af92,1
RF02541,5nd8,A,1,2918,2968.2,0,1,2925,c0af92,1
RF02541,5u4j,A,1,2904,2889.7,0,1,2925,c0af92,1
RF02541,6nuo,YA,1,2912,2689.8,0,1,2925,c0af92,1
RF02541,6o8z,A,1,2909,2929.5,0,1,2925,c0af92,1
RF02541,6spb,A,1,2888,2908,0,1,2925,c0af92,1
RF02541,7jt2,1,1,2903,2879.9,0,1,2925,c0af92,1
RF02541,7nhn,A,1,2928,2933.7,0,1,2925,c0af92,1
RF02541,7ode,I,1,2904,2887.4,0,1,2925,c0af92,1
RF02541,7rq9,1A,1,2912,2689.8,0,1,2925,c0af92,1
RF02541,8ev7,2A,1,2912,2689.8,0,1,2925,c0af92,1
RF02541,8fl0,L3,1277,4822,597.9,4.50E-197,1,2923,c0af92,0
RF02541,8fl0,L3,5,420,123.7,3.10E-38,30,555,c0af92,0
RF02541,8ink,2,1277,4806,603.9,4.40E-199,1,2923,c0af92,0
RF02541,8ink,2,5,420,123.7,3.10E-38,30,555,c0af92,0
RF02541,8xsz,L5,1277,4822,598,4.00E-197,1,2923,c0af92,0
RF02541,8xsz,L5,5,420,123.7,3.10E-38,30,555,c0af92,0
RF02543,3cc2,0,132,2915,1473.3,0,1,3401,c0af92,0
RF02543,3dll,X,137,2867,1236,0,1,3401,c0af92,0
RF02543,4v61,BA,143,2810,1111.3,0,1,3165,c0af92,0
RF02543,5nd8,A,162,2910,1322.2,0,1,3401,c0af92,0
RF02543,5u4j,A,160,2893,1270.5,0,1,3401,c0af92,0
RF02543,6nuo,YA,148,2901,1152.1,0,1,3401,c0af92,0
RF02543,6o8z,A,160,2901,1255.3,0,1,3401,c0af92,0
RF02543,6spb,A,159,2877,1256.1,0,1,3401,c0af92,0
RF02543,7jt2,1,160,2893,1269,0,1,3401,c0af92,0
RF02543,7nhn,A,160,2919,1245.1,0,1,3401,c0af92,0
RF02543,7ode,I,160,2893,1267.9,0,1,3401,c0af92,0
RF02543,7rq9,1A,148,2901,1152.1,0,1,3401,c0af92,0
RF02543,8ev7,2A,148,2901,1152.1,0,1,3401,c0af92,0
RF02543,8fl0,L3,3,5069,2379.3,0,1,3401,c0af92,1
RF02543,8ink,2,3,5053,2385.5,0,1,3401,c0af92,1
RF02543,8xsz,L5,3,5069,2379.5,0,1,3401,c0af92,1
RF00001,1vy7,DB,3,119,100.7,2.80E-23,1,119,c0af92,1
RF00001,3jq4,B,2,118,71.6,8.70E-16,1,119,c0af92,1
RF00001,4lnt,YB,3,119,100.7,2.80E-23,1,119,c0af92,1
RF00001,4w2h,DB,3,119,100.7,2.80E-23,1,119,c0af92,1
RF00001,4woi,CB,3,118,77.2,3.20E-17,1,119,c0af92,1
RF00001,5fci,3,1,121,88.8,3.30E-20,1,119,c0af92,1
RF00001,5ngm,AB,1,115,75,1.10E-16,1,119,c0af92,1
RF00001,6t7i,C4,1,121,88.8,3.30E-20,1,119,c0af92,1
RF00001,6vz7,d,3,118,77.2,3.20E-17,1,119,c0af92,1
RF00001,7nwi,7,1,119,118.9,5.30E-28,1,119,c0af92,1
RF00001,8g5z,L7,1,119,118.9,5.30E-28,1,119,c0af92,1
RF00001,8uqp,d,3,118,77.2,3.20E-17,1,119,c0af92,1
RF00028,7ych,N,11,317,117.1,5.20E-31,1,251,c0af92,1
RF02541,1qvf,0,2,2920,1740.4,0,1,2925,c0af92,0
RF02541,3jcn,A,1,2904,2889.8,0,1,2925,c0af92,1
RF02541,4v79,BA,1,2903,2882.1,0,1,2925,c0af92,1
RF02541,4v8z,B5,1,3167,1242.6,0,156,2925,c0af92,0
RF02541,5j4d,GB,1,2880,2709.2,0,6,2918,c0af92,1
RF02541,6c4h,A,1,2904,2887.4,0,1,2925,c0af92,1
RF02541,6dnc,B,1,2903,2876.9,0,1,2925,c0af92,1
RF02541,6gsl,1H,1,2914,2708.4,0,1,2925,c0af92,1
RF02541,6n8m,A,1,3167,1242.6,0,156,2925,c0af92,0
RF02541,6sgc,54,1,3386,1017.6,0,159,2925,c0af92,0
RF02541,6vyy,a,1,2904,2889.7,0,1,2925,c0af92,1
RF02541,6xii,a,1,2904,2889.7,0,1,2925,c0af92,1
RF02541,7rq9,2A,1,2912,2689.8,0,1,2925,c0af92,1
RF02541,7s1k,I,1,2904,2885.1,0,1,2925,c0af92,1
RF02541,8bip,1,1,3166,1242.8,0,156,2925,c0af92,0
RF02541,8cmj,AA,1,3167,1242.6,0,156,2925,c0af92,0
RF02541,8etg,1,1,3327,1200.4,0,156,2925,c0af92,0
RF02543,1qvf,0,131,2914,1469.1,0,1,3401,c0af92,0
RF02543,3jcn,A,160,2893,1270.5,0,1,3401,c0af92,0
RF02543,4v79,BA,160,2893,1270.5,0,1,3401,c0af92,0
RF02543,4v8z,B5,4,3396,3401.6,0,1,3401,c0af92,1
RF02543,5j4d,GB,146,2876,1162,0,1,3401,c0af92,0
RF02543,6c4h,A,160,2893,1267.9,0,1,3401,c0af92,0
RF02543,6dnc,B,160,2893,1266.1,0,1,3401,c0af92,0
RF02543,6gsl,1H,153,2903,1154.9,0,1,3401,c0af92,0
RF02543,6n8m,A,4,3396,3401.6,0,1,3401,c0af92,1
RF02543,6sgc,54,3,3603,2857.2,0,1,3401,c0af92,1
RF02543,6vyy,a,160,2893,1270.5,0,1,3401,c0af92,0
RF02543,6xii,a,160,2893,1270.5,0,1,3401,c0af92,0
RF02543,7rq9,2A,148,2901,1152.1,0,1,3401,c0af92,0
RF02543,7s1k,I,160,2893,1265.2,0,1,3401,c0af92,0
RF02543,8bip,1,4,3395,3401.9,0,1,3401,c0af92,1
RF02543,8cmj,AA,4,3396,3401.6,0,1,3401,c0af92,1
RF02543,8etg,1,4,3497,3332.7,0,1,3401,c0af92,1
RF00001,4u27,DB,3,118,77.2,3.20E-17,1,119,c0af92,1
RF00001,4u3u,7,1,121,88.8,3.30E-20,1,119,c0af92,1
RF00001,4v4n,A3,1,120,77.9,2.20E-17,3,119,c0af92,1
RF00001,4v7m,DB,3,119,100.7,2.80E-23,1,119,c0af92,1
RF00001,4wqr,1J,5,121,100.7,2.80E-23,1,119,c0af92,1
RF00001,5j30,YB,3,119,100.7,2.80E-23,1,119,c0af92,1
RF00001,6n1d,B5S,3,119,100.7,2.70E-23,1,119,c0af92,1
RF00001,6tc3,05S1,3,118,77.2,3.20E-17,1,119,c0af92,1
RF00001,7bhp,L7,1,119,118.9,5.30E-28,1,119,c0af92,1
RF00001,7p7s,B,1,116,83.5,7.30E-19,1,119,c0af92,1
RF00001,7pan,4,1,108,63.9,7.60E-14,1,119,c0af92,1
RF00001,7u2j,2B,3,119,100.7,2.80E-23,1,119,c0af92,1
RF00001,8htz,b,3,118,77.2,3.20E-17,1,119,c0af92,1
RF00001,8inf,5,1,119,118.9,5.30E-28,1,119,c0af92,1
RF02541,4v65,BB,1,2903,2882.1,0,1,2925,c0af92,1
RF02541,4v7l,DA,1,2912,2689.8,0,1,2925,c0af92,1
RF02541,4v8e,CA,1,2912,2697.7,0,1,2923,c0af92,1
RF02541,4v9d,DA,1,2903,2882.1,0,1,2925,c0af92,1
RF02541,4v9f,0,1,2910,1732.4,0,1,2925,c0af92,0
RF02541,4v9l,BA,1,2879,2712.2,0,6,2918,c0af92,1
RF02541,6nd6,1A,1,2912,2689.8,0,1,2925,c0af92,1
RF02541,7n2c,23,1,2904,2887.4,0,1,2925,c0af92,1
RF02541,7zjx,L5,1187,4808,640.6,2.10E-211,1,2856,c0af92,0
RF02541,7zjx,L5,5,420,128.6,6.90E-40,30,555,c0af92,0
RF02541,7zux,5,1,3167,1242.6,0,156,2925,c0af92,0
RF02541,8bhf,A2,1255,5051,550.6,3.10E-181,1,2856,c0af92,0
RF02541,8bhf,A2,5,420,127.7,1.40E-39,30,555,c0af92,0
RF02541,8eiu,a,1,2904,2882.1,0,1,2925,c0af92,1
RF02541,8upr,a,1,2904,2889.7,0,1,2925,c0af92,1
RF02543,4v65,BB,160,2893,1270.5,0,1,3401,c0af92,0
RF02543,4v7l,DA,148,2901,1152.1,0,1,3401,c0af92,0
RF02543,4v8e,CA,153,2903,1154.9,0,1,3401,c0af92,0
RF02543,4v9d,DA,160,2893,1270.5,0,1,3401,c0af92,0
RF02543,4v9f,0,125,2908,1467.3,0,1,3401,c0af92,0
RF02543,4v9l,BA,148,2875,1160.6,0,1,3401,c0af92,0
RF02543,6nd6,1A,148,2901,1152.1,0,1,3401,c0af92,0
RF02543,7n2c,23,160,2893,1267.9,0,1,3401,c0af92,0
RF02543,7zjx,L5,3,4808,2516.6,0,1,3401,c0af92,1
RF02543,7zux,5,4,3396,3401.6,0,1,3401,c0af92,1
RF02543,8bhf,A2,3,5051,2398.3,0,1,3401,c0af92,1
RF02543,8eiu,a,160,2893,1260.8,0,1,3401,c0af92,0
RF02543,8upr,a,160,2893,1270.5,0,1,3401,c0af92,0
RF00001,1yj9,9,1,121,75.2,1.10E-16,1,119,c0af92,1
RF00001,1yjw,9,1,121,75.2,1.10E-16,1,119,c0af92,1
RF00001,4w2f,DB,3,119,100.7,2.80E-23,1,119,c0af92,1
RF00001,5afi,B,3,118,77.2,3.20E-17,1,119,c0af92,1
RF00001,6mtd,7,1,119,118.9,5.30E-28,1,119,c0af92,1
RF00001,7nbu,b,3,118,77.2,3.20E-17,1,119,c0af92,1
RF00001,7z3n,3,1,120,98.6,9.60E-23,1,119,c0af92,1
RF00001,8eiu,b,3,118,77.2,3.20E-17,1,119,c0af92,1
RF00001,8ury,d,3,118,77.2,3.20E-17,1,119,c0af92,1
RF02541,2ftc,R,81,1466,434.9,5.60E-143,1,2925,c0af92,1
RF02541,4lnt,RA,1,2913,2699.6,0,1,2925,c0af92,1
RF02541,4v7p,BA,1,2879,2712.2,0,6,2918,c0af92,1
RF02541,5hcp,2A,1,2912,2689.8,0,1,2925,c0af92,1
RF02541,5lzd,A,1,2903,2879.8,0,1,2925,c0af92,1
RF02541,5tbw,1,1,2920,1222.5,0,158,2925,c0af92,0
RF02541,6n9e,2A,1,2912,2689.8,0,1,2925,c0af92,1
RF02541,6s05,A,1,3167,1242.6,0,156,2925,c0af92,0
RF02541,6v3a,AN1,8,2900,2895.4,0,1,2925,c0af92,1
RF02541,7of3,A,1,1454,372.4,4.50E-122,426,2925,c0af92,1
RF02541,7pjv,A,1,2903,2874.4,0,1,2925,c0af92,1
RF02541,7qh6,A,1,1454,372.4,4.50E-122,426,2925,c0af92,1
RF02541,8fc4,2A,1,2912,2689.8,0,1,2925,c0af92,1
RF02541,8fks,L3,1277,4822,597.9,4.50E-197,1,2923,c0af92,0
RF02541,8fks,L3,5,420,123.7,3.10E-38,30,555,c0af92,0
RF02541,8rd8,Z2,8,2870,2865.4,0,1,2925,c0af92,1
RF02541,8why,A,1,3119,2730,0,1,2925,c0af92,1
RF02543,4lnt,RA,149,2902,1152.1,0,1,3401,c0af92,0
RF02543,4v7p,BA,148,2875,1160.6,0,1,3401,c0af92,0
RF02543,5hcp,2A,148,2901,1152.1,0,1,3401,c0af92,0
RF02543,5lzd,A,160,2893,1267.9,0,1,3401,c0af92,0
RF02543,5tbw,1,2,3149,3266.9,0,1,3401,c0af92,1
RF02543,6n9e,2A,148,2901,1152.1,0,1,3401,c0af92,0
RF02543,6s05,A,4,3396,3401.6,0,1,3401,c0af92,1
RF02543,6v3a,AN1,167,2888,1272.4,0,1,3401,c0af92,0
RF02543,7pjv,A,160,2893,1263.6,0,1,3401,c0af92,0
RF02543,8fc4,2A,148,2901,1152.1,0,1,3401,c0af92,0
RF02543,8fks,L3,3,5069,2379.3,0,1,3401,c0af92,1
RF02543,8rd8,Z2,159,2858,1271.8,0,1,3401,c0af92,0
RF02543,8why,A,158,3112,1216.5,0,1,3401,c0af92,0
RF00001,1c2x,C,3,118,77.2,3.20E-17,1,119,c0af92,1
RF00001,3cma,9,1,121,75.2,1.10E-16,1,119,c0af92,1
RF00001,5wfs,B,3,118,77.2,3.20E-17,1,119,c0af92,1
RF00001,7k54,2,3,118,77.2,3.20E-17,1,119,c0af92,1
RF00001,7m4v,B,1,115,83.5,7.30E-19,1,119,c0af92,1
RF00001,7pha,4,1,108,63.9,7.60E-14,1,119,c0af92,1
RF00001,8e3m,J,2,117,77.2,3.20E-17,1,119,c0af92,1
RF00028,7xsn,N,31,312,115.6,1.40E-30,1,251,c0af92,1
RF02541,2o44,A,1,2878,2737.8,0,1,2925,c0af92,1
RF02541,3jah,5,1,3441,935.7,0,159,2925,c0af92,0
RF02541,4lel,YA,1,2913,2699.6,0,1,2925,c0af92,1
RF02541,4v5y,DB,1,2904,2889.8,0,1,2925,c0af92,1
RF02541,4w2e,A,1,2912,2689.8,0,1,2925,c0af92,1
RF02541,4y4p,1A,1,2912,2689.8,0,1,2925,c0af92,1
RF02541,5dgf,1,1,3167,1242.6,0,156,2925,c0af92,0
RF02541,5uq8,A,1,2912,2689.8,0,1,2925,c0af92,1
RF02541,6pc5,I,1,2904,2887.4,0,1,2925,c0af92,1
RF02541,6ztm,BA,1,2904,2886.7,0,1,2925,c0af92,1
RF02541,7a0s,X,1,2878,2732.9,0,1,2925,c0af92,1
RF02541,7asa,A,1,2926,3004,0,1,2923,c0af92,1
RF02541,8fld,L3,1277,4822,597.9,4.50E-197,1,2923,c0af92,0
RF02541,8fld,L3,5,420,123.7,3.10E-38,30,555,c0af92,0
RF02541,8ie3,2,1277,4806,603.9,4.40E-199,1,2923,c0af92,0
RF02541,8ie3,2,5,420,123.7,3.10E-38,30,555,c0af92,0
RF02541,8oin,B8,1,1457,360.6,4.30E-118,200,2925,c0af92,1
RF02543,2o44,A,137,2867,1236,0,1,3401,c0af92,0
RF02543,3jah,5,3,3662,2746.4,0,1,3401,c0af92,1
RF02543,4lel,YA,149,2902,1152.1,0,1,3401,c0af92,0
RF02543,4v5y,DB,160,2893,1270.5,0,1,3401,c0af92,0
RF02543,4w2e,A,148,2901,1152.1,0,1,3401,c0af92,0
RF02543,4y4p,1A,148,2901,1152.1,0,1,3401,c0af92,0
RF02543,5dgf,1,4,3396,3401.6,0,1,3401,c0af92,1
RF02543,5uq8,A,148,2901,1152.1,0,1,3401,c0af92,0
RF02543,6pc5,I,160,2893,1267.9,0,1,3401,c0af92,0
RF02543,6ztm,BA,160,2891,1267.3,0,1,3401,c0af92,0
RF02543,7a0s,X,137,2867,1236.5,0,1,3401,c0af92,0
RF02543,7asa,A,163,2917,1278.8,0,1,3401,c0af92,0
RF02543,8fld,L3,3,5069,2379.3,0,1,3401,c0af92,1
RF02543,8ie3,2,3,5053,2385.5,0,1,3401,c0af92,1
RF00001,4v52,DA,3,118,77.2,3.20E-17,1,119,c0af92,1
RF00001,5d8b,WC,4,120,100.7,2.80E-23,1,119,c0af92,1
RF00001,5nd9,B,1,114,60.1,8.00E-13,1,119,c0af92,1
RF00001,6n9f,1B,3,119,100.7,2.80E-23,1,119,c0af92,1
RF00001,6xa1,L7,1,119,118.9,5.30E-28,1,119,c0af92,1
RF00001,7acr,3,3,118,77.2,3.20E-17,1,119,c0af92,1
RF00001,7lv0,2,3,118,77.2,3.20E-17,1,119,c0af92,1
RF00001,7rq9,1B,3,119,100.7,2.80E-23,1,119,c0af92,1
RF00001,8fc3,2B,3,119,100.7,2.80E-23,1,119,c0af92,1
RF00001,8fl0,L4,1,119,118.9,5.30E-28,1,119,c0af92,1
RF00001,8p2k,B7,1,119,118.9,5.30E-28,1,119,c0af92,1
RF00001,8pv5,C4,1,119,87.6,6.60E-20,1,118,c0af92,1
RF00001,8t8c,1B,3,119,100.7,2.80E-23,1,119,c0af92,1
RF00028,1x8w,B,1,237,101.5,1.00E-26,49,251,c0af92,1
RF00028,7yc8,N,11,317,117.1,5.20E-31,1,251,c0af92,1
RF02541,4v4q,BB,1,2904,2889.8,0,1,2925,c0af92,1
RF02541,5lzt,5,1,3326,977.8,0,159,2925,c0af92,0
RF02541,6p5i,5,1,3377,1022.3,0,159,2925,c0af92,0
RF02541,6xhy,1A,1,2912,2689.8,0,1,2925,c0af92,1
RF02543,4v4q,BB,160,2893,1270.5,0,1,3401,c0af92,0
RF02543,5lzt,5,3,3543,2779.4,0,1,3401,c0af92,1
RF02543,6p5i,5,3,3594,2862.8,0,1,3401,c0af92,1
RF02543,6xhy,1A,148,2901,1152.1,0,1,3401,c0af92,0
RF00001,1vqp,9,1,121,77.4,2.90E-17,1,119,c0af92,1
RF00001,4v6g,BB,5,121,100.7,2.80E-23,1,119,c0af92,1
RF00001,4v7r,B2,1,121,88.8,3.30E-20,1,119,c0af92,1
RF00001,4wq1,1J,5,121,100.7,2.80E-23,1,119,c0af92,1
RF00001,5el4,16,5,121,100.7,2.80E-23,1,119,c0af92,1
RF00001,5lzw,7,1,119,118.9,5.30E-28,1,119,c0af92,1
RF00001,6n8k,2,1,121,88.8,3.30E-20,1,119,c0af92,1
RF00001,7qgh,O,3,118,77.2,3.20E-17,1,119,c0af92,1
RF00001,8bip,C4,1,121,88.8,3.30E-20,1,119,c0af92,1
RF00001,8fc1,1B,3,119,100.7,2.80E-23,1,119,c0af92,1
RF00001,8hl5,A5S,4,122,58.7,1.90E-12,1,119,c0af92,1
RF00001,8y39,B,1,115,75,1.10E-16,1,119,c0af92,1
RF00001,9b00,1B,3,119,100.7,2.80E-23,1,119,c0af92,1
RF00029,1kxk,A,18,70,44.9,6.50E-09,1,49,c0af92,1
RF02541,1yit,0,3,2921,1745.2,0,1,2925,c0af92,0
RF02541,3ccj,0,1,2923,1749.1,0,1,2925,c0af92,0
RF02541,4u6f,5,1,3167,1242.6,0,156,2925,c0af92,0
RF02541,5e7k,1H,1,2914,2708.4,0,1,2925,c0af92,1
RF02541,5jc9,CA,1,2904,2883.8,0,1,2925,c0af92,1
RF02541,6o3m,YA,1,2912,2689.8,0,1,2925,c0af92,1
RF02541,6o9j,B,1,2841,2769.9,0,1,2925,c0af92,1
RF02541,6ogi,1,1,2903,2879.9,0,1,2925,c0af92,1
RF02541,6qnq,1H,1,2914,2708.4,0,1,2925,c0af92,1
RF02541,6spg,A,1,2888,2908,0,1,2925,c0af92,1
RF02541,7p7u,A,1,2912,2943.2,0,1,2925,c0af92,1
RF02541,8fl6,L3,1277,4822,597.9,4.50E-197,1,2923,c0af92,0
RF02541,8fl6,L3,5,420,123.7,3.10E-38,30,555,c0af92,0
RF02541,8g2u,B,1,2903,2882.1,0,1,2925,c0af92,1
RF02541,8i9z,C1,1,3150,1260.1,0,156,2925,c0af92,0
RF02541,8xsx,L5,1277,4822,598,4.00E-197,1,2923,c0af92,0
RF02541,8xsx,L5,5,420,123.7,3.10E-38,30,555,c0af92,0
RF02543,1yit,0,132,2915,1473.3,0,1,3401,c0af92,0
RF02543,3ccj,0,132,2915,1475.1,0,1,3401,c0af92,0
RF02543,4u6f,5,4,3396,3401.6,0,1,3401,c0af92,1
RF02543,5e7k,1H,153,2903,1154.9,0,1,3401,c0af92,0
RF02543,5jc9,CA,160,2893,1263.1,0,1,3401,c0af92,0
RF02543,6o3m,YA,148,2901,1152.1,0,1,3401,c0af92,0
RF02543,6o9j,B,160,2831,1216.8,0,1,3401,c0af92,0
RF02543,6ogi,1,160,2893,1269,0,1,3401,c0af92,0
RF02543,6qnq,1H,153,2903,1154.9,0,1,3401,c0af92,0
RF02543,6spg,A,159,2877,1256.1,0,1,3401,c0af92,0
RF02543,7p7u,A,162,2902,1255,0,1,3401,c0af92,0
RF02543,8fl6,L3,3,5069,2379.3,0,1,3401,c0af92,1
RF02543,8g2u,B,160,2893,1270.5,0,1,3401,c0af92,0
RF02543,8i9z,C1,4,3338,3387.9,0,1,3401,c0af92,1
RF02543,8xsx,L5,3,5069,2379.5,0,1,3401,c0af92,1
RF00001,1vy6,DB,3,119,100.7,2.80E-23,1,119,c0af92,1
RF00001,4u51,7,1,121,88.8,3.30E-20,1,119,c0af92,1
RF00001,6b4v,GB,3,119,100.7,2.80E-23,1,119,c0af92,1
RF00001,6o9j,A,2,117,77.2,3.20E-17,1,119,c0af92,1
RF00001,6pct,J,2,117,77.2,3.20E-17,1,119,c0af92,1
RF00001,6qnq,16,5,121,100.7,2.80E-23,1,119,c0af92,1
RF00001,6wdd,2,3,118,77.2,3.20E-17,1,119,c0af92,1
RF00001,6x7f,d,3,118,77.2,3.20E-17,1,119,c0af92,1
RF00001,7bt6,3,1,121,88.8,3.30E-20,1,119,c0af92,1
RF00001,8bqx,BR,1,121,88.8,3.30E-20,1,119,c0af92,1
RF00001,8btk,B7,1,119,118.9,5.30E-28,1,119,c0af92,1
RF00001,9c4g,b,3,119,92.7,3.20E-21,1,119,c0af92,1
RF02541,4v7s,BA,1,2903,2882.1,0,1,2925,c0af92,1
RF02541,4wzd,14,1,2914,2708.4,0,1,2925,c0af92,1
RF02541,5j3c,YA,1,2912,2689.8,0,1,2925,c0af92,1
RF02541,6lsr,2,1277,4822,598,4.00E-197,1,2923,c0af92,0
RF02541,6lsr,2,5,420,123.7,3.10E-38,30,555,c0af92,0
RF02541,6ord,YA,1,2912,2689.8,0,1,2925,c0af92,1
RF02541,6osi,YA,5,2905,2673.2,0,6,2918,c0af92,1
RF02541,6t4q,C1,1,2955,1224.6,0,158,2925,c0af92,0
RF02541,7a5f,A3,1,1454,372.4,4.50E-122,426,2925,c0af92,1
RF02541,7f0d,A,1,3138,2762.8,0,1,2925,c0af92,1
RF02541,7o1a,BA,1,2897,2871.6,0,1,2925,c0af92,1
RF02541,8p2f,A,1,2923,2983.9,0,1,2925,c0af92,1
RF02541,8q87,B5,1202,4230,749.5,6.40E-248,1,2923,c0af92,0
RF02541,8q87,B5,6,421,123.4,3.50E-38,30,555,c0af92,0
RF02541,8xz3,A,1,3119,2730,0,1,2925,c0af92,1
RF02543,4v7s,BA,160,2893,1270.5,0,1,3401,c0af92,0
RF02543,4wzd,14,153,2903,1154.9,0,1,3401,c0af92,0
RF02543,5j3c,YA,148,2901,1152.1,0,1,3401,c0af92,0
RF02543,6lsr,2,3,5069,2379.5,0,1,3401,c0af92,1
RF02543,6ord,YA,148,2901,1152.1,0,1,3401,c0af92,0
RF02543,6osi,YA,148,2901,1152.1,0,1,3401,c0af92,0
RF02543,6t4q,C1,2,3184,3284.5,0,1,3401,c0af92,1
RF02543,7f0d,A,162,3127,1211.7,0,1,3401,c0af92,0
RF02543,7o1a,BA,160,2887,1266,0,1,3401,c0af92,0
RF02543,8p2f,A,164,2912,1324.3,0,1,3401,c0af92,0
RF02543,8q87,B5,3,4440,2536.7,0,1,3401,c0af92,1
RF02543,8xz3,A,158,3112,1216.5,0,1,3401,c0af92,0
RF00001,3j7o,7,1,119,118.9,5.30E-28,1,119,c0af92,1
RF00001,4v47,A9,3,118,77.2,3.20E-17,1,119,c0af92,1
RF00001,4v53,DA,3,118,77.2,3.20E-17,1,119,c0af92,1
RF00001,4v7t,BB,2,117,77.2,3.20E-17,1,119,c0af92,1
RF00001,4v8j,DB,3,119,100.7,2.80E-23,1,119,c0af92,1
RF00001,5hau,1B,3,119,100.7,2.80E-23,1,119,c0af92,1
RF00001,6wd6,2,3,118,77.2,3.20E-17,1,119,c0af92,1
RF00001,7uvw,B,1,115,83.5,7.30E-19,1,119,c0af92,1
RF00001,8jiv,Ab,1,119,120.7,1.80E-28,1,119,c0af92,1
RF02541,1vqk,0,2,2920,1740.4,0,1,2925,c0af92,0
RF02541,3cma,0,1,2923,1747.5,0,1,2925,c0af92,0
RF02541,4v5e,BA,1,2898,2689.1,0,1,2925,c0af92,1
RF02541,5h4p,1,1,3167,1242.6,0,156,2925,c0af92,0
RF02541,6ip5,1A,1277,4822,598,4.00E-197,1,2923,c0af92,0
RF02541,6ip5,1A,5,420,123.7,3.10E-38,30,555,c0af92,0
RF02541,6lss,2,1277,4822,598,4.00E-197,1,2923,c0af92,0
RF02541,6lss,2,5,420,123.7,3.10E-38,30,555,c0af92,0
RF02541,6s0k,A,1,2883,2848.9,0,1,2925,c0af92,1
RF02541,6zse,XA,1,1454,372.4,4.50E-122,426,2925,c0af92,1
RF02541,7msh,A,1,3138,2762.8,0,1,2925,c0af92,1
RF02541,7oh3,1,1,3167,1242.6,0,156,2925,c0af92,0
RF02541,7p3k,a,1,2753,2685.2,0,1,2925,c0af92,1
RF02541,7r7a,1,1,3167,1242.6,0,156,2925,c0af92,0
RF02541,8bjq,1,1,3166,1242.8,0,156,2925,c0af92,0
RF02541,8c98,A,1,2904,2889.8,0,1,2925,c0af92,1
RF02541,8cdr,AA,1,3167,1242.6,0,156,2925,c0af92,0
RF02541,8cgn,AA,1,3167,1242.6,0,156,2925,c0af92,0
RF02541,8ury,a,1,2904,2889.7,0,1,2925,c0af92,1
RF02543,1vqk,0,131,2914,1469.1,0,1,3401,c0af92,0
RF02543,3cma,0,132,2915,1473.3,0,1,3401,c0af92,0
RF02543,4v5e,BA,147,2887,1156.3,0,1,3401,c0af92,0
RF02543,5h4p,1,4,3396,3401.6,0,1,3401,c0af92,1
RF02543,6ip5,1A,3,5069,2379.5,0,1,3401,c0af92,1
RF02543,6lss,2,3,5069,2379.5,0,1,3401,c0af92,1
RF02543,6s0k,A,160,2873,1249.5,0,1,3401,c0af92,0
RF02543,7msh,A,162,3127,1211.7,0,1,3401,c0af92,0
RF02543,7oh3,1,4,3396,3401.6,0,1,3401,c0af92,1
RF02543,7p3k,a,160,2743,1153.6,0,1,3401,c0af92,0
RF02543,7r7a,1,4,3396,3383.3,0,1,3401,c0af92,1
RF02543,8bjq,1,4,3395,3401.9,0,1,3401,c0af92,1
RF02543,8c98,A,160,2893,1270.5,0,1,3401,c0af92,0
RF02543,8cdr,AA,4,3396,3401.6,0,1,3401,c0af92,1
RF02543,8cgn,AA,4,3396,3401.6,0,1,3401,c0af92,1
RF02543,8ury,a,160,2893,1270.5,0,1,3401,c0af92,0
RF00001,4u20,DB,3,118,77.2,3.20E-17,1,119,c0af92,1
RF00001,4u55,3,1,121,88.8,3.30E-20,1,119,c0af92,1
RF00001,4v5s,BB,5,121,100.7,2.80E-23,1,119,c0af92,1
RF00001,4v74,BB,2,117,77.2,3.20E-17,1,119,c0af92,1
RF00001,4v8g,BB,3,119,100.7,2.80E-23,1,119,c0af92,1
RF00001,5.00E+81,1J,5,121,100.7,2.80E-23,1,119,c0af92,1
RF00001,5xym,B,3,116,77.3,3.00E-17,1,119,c0af92,1
RF00001,6xii,d,3,118,77.2,3.20E-17,1,119,c0af92,1
RF00001,7pjx,B,3,118,77.2,3.20E-17,1,119,c0af92,1
RF00001,8ceu,b,3,118,77.2,3.20E-17,1,119,c0af92,1
RF00169,2xxa,G,4,102,67.6,2.30E-16,1,97,c0af92,1
RF02541,1q82,A,2,2920,1740.4,0,1,2925,c0af92,0
RF02541,1vq5,0,2,2920,1740.4,0,1,2925,c0af92,0
RF02541,4v5n,BA,1,2913,2699.6,0,1,2925,c0af92,1
RF02541,4v6v,BA,1,2904,2887.4,0,1,2925,c0af92,1
RF02541,4v7e,Aa,1,3177,1109.9,0,152,2925,c0af92,0
RF02541,5el4,14,1,2914,2708.4,0,1,2925,c0af92,1
RF02541,5el6,1H,1,2912,2697.7,0,1,2923,c0af92,1
RF02541,5ibb,14,1,2914,2708.4,0,1,2925,c0af92,1
RF02541,5it8,DA,1,2903,2879.8,0,1,2925,c0af92,1
RF02541,5j30,RA,1,2912,2689.8,0,1,2925,c0af92,1
RF02541,6c0f,1,1,3166,1230.8,0,156,2925,c0af92,0
RF02541,7nrc,LA,1,3165,1242.6,0,158,2925,c0af92,0
RF02541,7nwi,5,1,3554,936.5,0,159,2925,c0af92,0
RF02541,7ood,3,3,2907,2658.1,0,1,2925,c0af92,1
RF02541,7xam,A,1,3120,2730.5,0,1,2925,c0af92,1
RF02541,8uu9,A,1,2932,2946.5,0,1,2925,c0af92,1
RF02541,8y38,A,1,2921,2974,0,1,2925,c0af92,1
RF02543,1q82,A,131,2914,1469.1,0,1,3401,c0af92,0
RF02543,1vq5,0,131,2914,1469.1,0,1,3401,c0af92,0
RF02543,4v5n,BA,149,2902,1152.1,0,1,3401,c0af92,0
RF02543,4v6v,BA,160,2893,1267.9,0,1,3401,c0af92,0
RF02543,4v7e,Aa,4,3391,3184.2,0,1,3401,c0af92,1
RF02543,5el4,14,153,2903,1154.9,0,1,3401,c0af92,0
RF02543,5el6,1H,153,2903,1154.9,0,1,3401,c0af92,0
RF02543,5ibb,14,153,2903,1154.9,0,1,3401,c0af92,0
RF02543,5it8,DA,160,2893,1267.9,0,1,3401,c0af92,0
RF02543,5j30,RA,148,2901,1152.1,0,1,3401,c0af92,0
RF02543,6c0f,1,4,3395,3382.9,0,1,3401,c0af92,1
RF02543,7nrc,LA,2,3394,3401.6,0,1,3401,c0af92,1
RF02543,7nwi,5,3,3788,2744.6,0,1,3401,c0af92,1
RF02543,7ood,3,167,2896,1188.2,0,1,3401,c0af92,0
RF02543,7xam,A,159,3113,1216.5,0,1,3401,c0af92,0
RF02543,8uu9,A,162,2921,1244.8,0,1,3401,c0af92,0
RF02543,8y38,A,162,2910,1326.6,0,1,3401,c0af92,0
RF00001,4wro,1J,5,121,100.7,2.80E-23,1,119,c0af92,1
RF00001,5mgp,B,3,118,77.2,3.20E-17,1,119,c0af92,1
RF00001,7ls1,B2,1,119,118.9,5.30E-28,1,119,c0af92,1
RF00001,7st2,2,3,118,77.2,3.20E-17,1,119,c0af92,1
RF00001,7tut,u,1,119,118.9,5.30E-28,1,119,c0af92,1
RF00001,7y7d,b,3,118,77.2,3.20E-17,1,119,c0af92,1
RF00001,7zuw,4,1,121,88.8,3.30E-20,1,119,c0af92,1
RF00001,8bn3,3,1,121,88.8,3.30E-20,1,119,c0af92,1
RF00001,8buu,B,1,116,88.7,3.40E-20,1,119,c0af92,1
RF00001,8g6w,b,3,118,77.2,3.20E-17,1,119,c0af92,1
RF00001,8y0x,L7,1,119,118.9,5.30E-28,1,119,c0af92,1
RF02541,1q81,A,2,2920,1740.4,0,1,2925,c0af92,0
RF02541,3cce,0,1,2923,1747.8,0,1,2925,c0af92,0
RF02541,4v6m,B8,1,2904,2889.8,0,1,2925,c0af92,1
RF02541,4v88,A1,1,3167,1242.6,0,156,2925,c0af92,0
RF02541,5m1j,14,1,3167,1242.6,0,156,2925,c0af92,0
RF02541,6gc7,A,1,2904,2889.8,0,1,2925,c0af92,1
RF02541,6prv,B,1,58,60,7.90E-19,1093,1150,c0af92,1
RF02541,6x7f,a,1,2904,2889.7,0,1,2925,c0af92,1
RF02541,7jt3,1,1,2903,2879.9,0,1,2925,c0af92,1
RF02541,7qgh,N,1,2903,2882.1,0,1,2925,c0af92,1
RF02541,7rq8,1A,1,2912,2689.8,0,1,2925,c0af92,1
RF02541,7tm3,K,1,3326,977.8,0,159,2925,c0af92,0
RF02541,7xnx,L1,1277,4822,596.2,1.60E-196,1,2923,c0af92,0
RF02541,7xnx,L1,5,420,123.7,3.10E-38,30,555,c0af92,0
RF02541,7z34,1,1,3167,1242.6,0,156,2925,c0af92,0
RF02541,8hky,A23S,4,3022,1914,0,1,2925,c0af92,0
RF02541,8ia0,C1,1,3150,1260.1,0,156,2925,c0af92,0
RF02541,8qpp,X,1,2928,3016.3,0,1,2925,c0af92,1
RF02541,8t5d,B,1,2903,2882.1,0,1,2925,c0af92,1
RF02543,1q81,A,131,2914,1469.1,0,1,3401,c0af92,0
RF02543,3cce,0,132,2915,1467.3,0,1,3401,c0af92,0
RF02543,4v6m,B8,160,2893,1270.5,0,1,3401,c0af92,0
RF02543,4v88,A1,4,3396,3401.6,0,1,3401,c0af92,1
RF02543,5m1j,14,4,3396,3401.6,0,1,3401,c0af92,1
RF02543,6gc7,A,160,2893,1270.5,0,1,3401,c0af92,0
RF02543,6x7f,a,160,2893,1270.5,0,1,3401,c0af92,0
RF02543,7jt3,1,160,2893,1269,0,1,3401,c0af92,0
RF02543,7qgh,N,160,2893,1270.5,0,1,3401,c0af92,0
RF02543,7rq8,1A,148,2901,1152.1,0,1,3401,c0af92,0
RF02543,7tm3,K,3,3543,2779.4,0,1,3401,c0af92,1
RF02543,7xnx,L1,3,5069,2376.6,0,1,3401,c0af92,1
RF02543,7z34,1,4,3396,3401.6,0,1,3401,c0af92,1
RF02543,8hky,A23S,139,3018,1666,0,1,3401,c0af92,0
RF02543,8ia0,C1,4,3338,3387.9,0,1,3401,c0af92,1
RF02543,8qpp,X,163,2917,1278.8,0,1,3401,c0af92,0
RF02543,8t5d,B,160,2893,1270.5,0,1,3401,c0af92,0
RF00001,4v4y,BB,5,121,100.7,2.80E-23,1,119,c0af92,1
RF00001,4v5e,DB,3,119,100.7,2.80E-23,1,119,c0af92,1
RF00001,4v8o,BB,5,121,100.7,2.80E-23,1,119,c0af92,1
RF00001,4v9p,EB,3,118,77.2,3.20E-17,1,119,c0af92,1
RF00001,5ndg,7,1,121,88.8,3.30E-20,1,119,c0af92,1
RF00001,6q8y,BR,1,121,88.8,3.30E-20,1,119,c0af92,1
RF00001,7bl6,B,3,118,77.2,3.20E-17,1,119,c0af92,1
RF00001,7cpu,L7,1,119,118.9,5.30E-28,1,119,c0af92,1
RF00001,7qiz,5,1,119,131.8,2.50E-31,1,119,c0af92,1
RF00001,8bil,1,3,118,77.2,3.20E-17,1,119,c0af92,1
RF00001,8g2b,2B,3,119,100.7,2.80E-23,1,119,c0af92,1
RF00001,8i9r,C4,1,119,87.6,6.60E-20,1,118,c0af92,1
RF00001,8ipy,3,1,119,111.3,4.80E-26,1,119,c0af92,1
RF00001,8pv3,C4,1,119,87.6,6.60E-20,1,118,c0af92,1
RF00029,8k0p,A,563,633,41.1,5.10E-07,1,93,c0af92,1
RF02541,3j5l,A,1,2904,2889.8,0,1,2925,c0af92,1
RF02541,4v8d,DA,1,2912,2697.7,0,1,2923,c0af92,1
RF02541,6by1,DA,1,2904,2889.8,0,1,2925,c0af92,1
RF02541,6vyq,a,1,2904,2889.7,0,1,2925,c0af92,1
RF02541,7d6z,A,1,2903,2882.1,0,1,2925,c0af92,1
RF02541,7oyc,51,1,3841,796.2,1.40E-263,159,2913,c0af92,0
RF02541,7y7f,a,1,2904,2887.4,0,1,2925,c0af92,1
RF02541,7zs5,1,1,3167,1242.6,0,156,2925,c0af92,0
RF02541,8a98,1,1,1782,385.9,1.60E-126,160,1518,c0af92,0
RF02541,8cgr,a,1,2904,2887.4,0,1,2925,c0af92,1
RF02541,8.00E+30,I,1,2904,2887.4,0,1,2925,c0af92,1
RF02541,8fku,L3,1277,4822,597.9,4.50E-197,1,2923,c0af92,0
RF02541,8fku,L3,5,420,123.7,3.10E-38,30,555,c0af92,0
RF02541,8g6w,a,1,2904,2887.4,0,1,2925,c0af92,1
RF02541,8qcq,A,1,2925,3002.2,0,1,2922,c0af92,1
RF02541,8urx,a,1,2904,2889.7,0,1,2925,c0af92,1
RF02543,3j5l,A,160,2893,1270.5,0,1,3401,c0af92,0
RF02543,4v8d,DA,153,2903,1154.9,0,1,3401,c0af92,0
RF02543,6by1,DA,160,2893,1270.5,0,1,3401,c0af92,0
RF02543,6vyq,a,160,2893,1270.5,0,1,3401,c0af92,0
RF02543,7d6z,A,160,2893,1270.5,0,1,3401,c0af92,0
RF02543,7oyc,51,3,4114,2695.2,0,1,3401,c0af92,1
RF02543,7y7f,a,160,2893,1267.9,0,1,3401,c0af92,0
RF02543,7zs5,1,4,3396,3401.6,0,1,3401,c0af92,1
RF02543,8a98,1,2,1782,919.9,1.00E-250,1,1647,c0af92,1
RF02543,8cgr,a,160,2893,1267.9,0,1,3401,c0af92,0
RF02543,8.00E+30,I,160,2893,1267.9,0,1,3401,c0af92,0
RF02543,8fku,L3,3,5069,2379.3,0,1,3401,c0af92,1
RF02543,8g6w,a,160,2893,1267.9,0,1,3401,c0af92,0
RF02543,8qcq,A,163,2917,1278.8,0,1,3401,c0af92,0
RF02543,8urx,a,160,2893,1270.5,0,1,3401,c0af92,0
RF00001,1ml5,b,5,121,100.7,2.80E-23,1,119,c0af92,1
RF00001,4v8i,DB,3,119,100.7,2.80E-23,1,119,c0af92,1
RF00001,4v8y,B7,1,121,88.8,3.30E-20,1,119,c0af92,1
RF00001,4w2e,B,3,119,100.7,2.80E-23,1,119,c0af92,1
RF00001,4yzv,YB,5,121,100.7,2.80E-23,1,119,c0af92,1
RF00001,5apo,7,1,121,88.8,3.30E-20,1,119,c0af92,1
RF00001,5m1j,34,1,121,88.8,3.30E-20,1,119,c0af92,1
RF00001,5mei,AS,1,121,88.8,3.30E-20,1,119,c0af92,1
RF00001,6bok,FB,3,119,100.7,2.80E-23,1,119,c0af92,1
RF00001,6h58,B,3,118,77.2,3.20E-17,1,119,c0af92,1
RF00001,6o3m,RB,3,119,100.7,2.80E-23,1,119,c0af92,1
RF00001,8fc5,1B,3,119,100.7,2.80E-23,1,119,c0af92,1
RF00001,8p2f,B,1,115,75,1.10E-16,1,119,c0af92,1
RF00001,8q7z,B7,1,119,116.7,1.90E-27,1,119,c0af92,1
RF00028,7xsl,N,31,312,115.6,1.40E-30,1,251,c0af92,1
RF02541,3u56,B,1,80,59.1,2.10E-18,2131,2210,c0af92,1
RF02541,4l47,RA,1,2913,2699.6,0,1,2925,c0af92,1
RF02541,4v72,BA,1,2903,2882.1,0,1,2925,c0af92,1
RF02541,4wu1,14,1,2914,2708.4,0,1,2925,c0af92,1
RF02541,4xej,B23S,1,2879,2712.2,0,6,2918,c0af92,1
RF02541,5ndj,14,1,2914,2708.4,0,1,2925,c0af92,1
RF02541,5zeb,A,1,3120,2730.5,0,1,2925,c0af92,1
RF02541,6oxa,YA,1,2912,2689.8,0,1,2925,c0af92,1
RF02541,6wdl,1,1,2903,2879.9,0,1,2925,c0af92,1
RF02541,7mpj,A1,1,2908,1196.5,0,158,2925,c0af92,0
RF02541,7pwo,1,1,2429,595,2.10E-196,32,2925,c0af92,0
RF02541,8apn,A7,1,534,243.4,2.70E-79,1640,2430,c0af92,1
RF02541,8cgv,a,1,2904,2887.4,0,1,2925,c0af92,1
RF02541,8g2b,2A,1,2912,2687.2,0,1,2925,c0af92,1
RF02541,8ipy,2,1277,4806,603.9,4.40E-199,1,2923,c0af92,0
RF02541,8ipy,2,5,420,123.7,3.10E-38,30,555,c0af92,0
RF02543,4l47,RA,149,2902,1152.1,0,1,3401,c0af92,0
RF02543,4v72,BA,160,2893,1270.5,0,1,3401,c0af92,0
RF02543,4wu1,14,153,2903,1154.9,0,1,3401,c0af92,0
RF02543,4xej,B23S,148,2875,1160.6,0,1,3401,c0af92,0
RF02543,5ndj,14,153,2903,1154.9,0,1,3401,c0af92,0
RF02543,5zeb,A,159,3113,1216.5,0,1,3401,c0af92,0
RF02543,6oxa,YA,148,2901,1152.1,0,1,3401,c0af92,0
RF02543,6wdl,1,160,2893,1269,0,1,3401,c0af92,0
RF02543,7mpj,A1,2,3137,3217.6,0,1,3401,c0af92,1
RF02543,7pwo,1,25,2566,1311.7,0,23,3401,c0af92,1
RF02543,8apn,A7,47,298,108.5,2.50E-27,1895,2354,c0af92,0
RF02543,8cgv,a,160,2893,1267.9,0,1,3401,c0af92,0
RF02543,8g2b,2A,148,2901,1149.2,0,1,3401,c0af92,0
RF02543,8ipy,2,3,5053,2385.5,0,1,3401,c0af92,1
RF00001,3j6x,5S,1,121,88.8,3.30E-20,1,119,c0af92,1
RF00001,4v6d,DB,2,117,77.2,3.20E-17,1,119,c0af92,1
RF00001,4z8c,2B,3,119,100.7,2.80E-23,1,119,c0af92,1
RF00001,5on6,3,1,121,88.8,3.30E-20,1,119,c0af92,1
RF00001,6yst,B,3,118,77.2,3.20E-17,1,119,c0af92,1
RF00001,7b5k,B,3,118,77.2,3.20E-17,1,119,c0af92,1
RF00001,7ls2,B2,1,119,118.9,5.30E-28,1,119,c0af92,1
RF00001,7o19,BB,3,118,77.2,3.20E-17,1,119,c0af92,1
RF00001,7ucj,7,1,119,118.9,5.30E-28,1,119,c0af92,1
RF00001,8flf,L4,1,119,118.9,5.30E-28,1,119,c0af92,1
RF00001,8t5d,A,2,117,77.2,3.20E-17,1,119,c0af92,1
RF02541,1qvg,0,2,2920,1740.4,0,1,2925,c0af92,0
RF02541,3ccm,0,1,2923,1748.6,0,1,2925,c0af92,0
RF02541,3g71,0,1,2923,1747.5,0,1,2925,c0af92,0
RF02541,3-Jan,5,1,3441,935.7,0,159,2925,c0af92,0
RF02541,4u4z,5,1,3167,1242.6,0,156,2925,c0af92,0
RF02541,4v5g,DA,1,2913,2699.6,0,1,2925,c0af92,1
RF02541,4v5q,DA,1,2913,2694.3,0,1,2925,c0af92,1
RF02541,4wpo,CA,1,2912,2689.8,0,1,2925,c0af92,1
RF02541,5hcq,1A,1,2912,2689.8,0,1,2925,c0af92,1
RF02541,5nd9,A,1,2923,2983.9,0,1,2925,c0af92,1
RF02541,5xxb,1,1,3316,1232.3,0,158,2925,c0af92,0
RF02541,6bz6,RA,1,2912,2689.8,0,1,2925,c0af92,1
RF02541,6bz7,RA,1,2912,2689.8,0,1,2925,c0af92,1
RF02541,6ftj,u,1,3441,935.7,0,159,2925,c0af92,0
RF02541,6vmi,A,1,1454,372.4,4.50E-122,426,2925,c0af92,1
RF02541,7lv0,1,1,2903,2879.9,0,1,2925,c0af92,1
RF02541,7pi9,3,3,2907,2658.1,0,1,2925,c0af92,1
RF02541,8esq,1,1,3327,1202.5,0,156,2925,c0af92,0
RF02541,8evs,A1,1,2970,1257.7,0,158,2925,c0af92,0
RF02543,1qvg,0,131,2914,1469.1,0,1,3401,c0af92,0
RF02543,3ccm,0,132,2915,1468.4,0,1,3401,c0af92,0
RF02543,3g71,0,132,2915,1473.3,0,1,3401,c0af92,0
RF02543,3-Jan,5,3,3658,2740.4,0,1,3401,c0af92,1
RF02543,4u4z,5,4,3396,3401.6,0,1,3401,c0af92,1
RF02543,4v5g,DA,149,2902,1152.1,0,1,3401,c0af92,0
RF02543,4v5q,DA,149,2902,1146.4,0,1,3401,c0af92,0
RF02543,4wpo,CA,148,2901,1152.1,0,1,3401,c0af92,0
RF02543,5hcq,1A,148,2901,1152.1,0,1,3401,c0af92,0
RF02543,5nd9,A,164,2912,1322.2,0,1,3401,c0af92,0
RF02543,5xxb,1,4,3477,3284.8,0,1,3401,c0af92,1
RF02543,6bz6,RA,148,2901,1152.1,0,1,3401,c0af92,0
RF02543,6bz7,RA,148,2901,1152.1,0,1,3401,c0af92,0
RF02543,6ftj,u,3,3662,2746.4,0,1,3401,c0af92,1
RF02543,7lv0,1,160,2893,1269,0,1,3401,c0af92,0
RF02543,7pi9,3,167,2896,1188.2,0,1,3401,c0af92,0
RF02543,8esq,1,4,3497,3334.2,0,1,3401,c0af92,1
RF02543,8evs,A1,2,3199,3323.8,0,1,3401,c0af92,1
RF00010,1u9s,A,1,161,118.1,9.40E-38,69,218,c0af92,1
RF00001,4v4j,x,3,119,100.7,2.80E-23,1,119,c0af92,1
RF00001,4v7m,BB,3,119,100.7,2.80E-23,1,119,c0af92,1
RF00001,6wd9,2,3,118,77.2,3.20E-17,1,119,c0af92,1
RF00001,6xhw,2B,3,119,100.7,2.80E-23,1,119,c0af92,1
RF00001,7nww,3,3,118,77.2,3.20E-17,1,119,c0af92,1
RF00001,7pip,4,1,108,63.9,7.60E-14,1,119,c0af92,1
RF00001,7y41,B,3,116,77,3.50E-17,1,119,c0af92,1
RF00001,8a57,B,1,113,73.3,3.10E-16,2,117,c0af92,1
RF00001,8ove,BD,1,119,93.2,2.30E-21,1,119,c0af92,1
RF00001,8urx,d,3,118,77.2,3.20E-17,1,119,c0af92,1
RF00169,5gag,1,9,105,65.5,9.60E-16,1,97,c0af92,1
RF02541,1vy6,DA,1,2912,2689.8,0,1,2925,c0af92,1
RF02541,1w2b,0,2,2920,1740.4,0,1,2925,c0af92,0
RF02541,4p6f,RA,1,2912,2689.8,0,1,2925,c0af92,1
RF02541,4v7m,DA,1,2912,2689.8,0,1,2925,c0af92,1
RF02541,4v8h,BA,1,2910,2687,0,1,2925,c0af92,1
RF02541,4w2i,BA,1,2912,2689.8,0,1,2925,c0af92,1
RF02541,4wzo,14,1,2914,2708.4,0,1,2925,c0af92,1
RF02541,4y4o,2A,1,2912,2689.8,0,1,2925,c0af92,1
RF02541,5lyb,5,1,3165,1242.6,0,158,2925,c0af92,0
RF02541,5xym,A,1,3127,2743.8,0,1,2925,c0af92,1
RF02541,6bok,B,1,2880,2709.2,0,6,2918,c0af92,1
RF02541,6lu8,2,1277,4822,598,4.00E-197,1,2923,c0af92,0
RF02541,6lu8,2,5,420,123.7,3.10E-38,30,555,c0af92,0
RF02541,7pib,3,3,2907,2658.1,0,1,2925,c0af92,1
RF02541,7u2j,1A,1,2912,2689.8,0,1,2925,c0af92,1
RF02541,7zod,b,1,2904,2875,0,1,2925,c0af92,1
RF02541,8pv8,C1,1,3151,1258.3,0,155,2925,c0af92,0
RF02541,9bdl,A28S,1,3384,1017.7,0,159,2925,c0af92,0
RF02543,1vy6,DA,148,2901,1152.1,0,1,3401,c0af92,0
RF02543,1w2b,0,131,2914,1469.1,0,1,3401,c0af92,0
RF02543,4p6f,RA,148,2901,1152.1,0,1,3401,c0af92,0
RF02543,4v7m,DA,148,2901,1152.1,0,1,3401,c0af92,0
RF02543,4v8h,BA,146,2899,1154.6,0,1,3401,c0af92,0
RF02543,4w2i,BA,148,2901,1152.1,0,1,3401,c0af92,0
RF02543,4wzo,14,153,2903,1154.9,0,1,3401,c0af92,0
RF02543,4y4o,2A,148,2901,1152.1,0,1,3401,c0af92,0
RF02543,5lyb,5,2,3394,3401.6,0,1,3401,c0af92,1
RF02543,5xym,A,162,3116,1219,0,1,3401,c0af92,0
RF02543,6bok,B,146,2876,1162,0,1,3401,c0af92,0
RF02543,6lu8,2,3,5069,2379.5,0,1,3401,c0af92,1
RF02543,7pib,3,167,2896,1188.2,0,1,3401,c0af92,0
RF02543,7u2j,1A,148,2901,1152.1,0,1,3401,c0af92,0
RF02543,7zod,b,160,2893,1257.9,0,1,3401,c0af92,0
RF02543,8pv8,C1,5,3339,3387.9,0,1,3401,c0af92,1
RF02543,9bdl,A28S,3,3601,2855.6,0,1,3401,c0af92,1
RF00001,3jaj,7,1,119,118.9,5.30E-28,1,119,c0af92,1
RF00001,4v7i,A7,3,118,77.2,3.20E-17,1,119,c0af92,1
RF00001,4v8d,DB,5,121,100.7,2.80E-23,1,119,c0af92,1
RF00001,6boh,C,3,119,100.7,2.80E-23,1,119,c0af92,1
RF00001,6gz5,A4,1,119,118.9,5.20E-28,1,119,c0af92,1
RF00001,6wd7,2,3,118,77.2,3.20E-17,1,119,c0af92,1
RF00001,6z6l,L7,1,119,118.9,5.30E-28,1,119,c0af92,1
RF00001,7a18,Y,4,120,71.6,9.00E-16,1,119,c0af92,1
RF00001,8fmw,AB,2,112,68.4,5.50E-15,1,119,c0af92,1
RF00028,8i7n,N,32,338,111,3.10E-29,1,251,c0af92,1
RF02541,1kqs,0,2,2920,1740.4,0,1,2925,c0af92,0
RF02541,4ioc,X,1,2878,2737.8,0,1,2925,c0af92,1
RF02541,4lfz,RA,1,2913,2699.6,0,1,2925,c0af92,1
RF02541,4uje,A2,1245,4801,585.3,7.30E-193,1,2923,c0af92,0
RF02541,4uje,A2,5,411,127.9,1.20E-39,30,555,c0af92,0
RF02541,4wpo,AA,1,2912,2689.8,0,1,2925,c0af92,1
RF02541,4wro,1H,1,2914,2708.4,0,1,2925,c0af92,1
RF02541,5oom,A,1,1454,372.4,4.50E-122,426,2925,c0af92,1
RF02541,6bz8,YA,1,2912,2689.8,0,1,2925,c0af92,1
RF02541,6spd,A,1,2888,2909.4,0,1,2925,c0af92,1
RF02541,6ysu,A,1,2903,2874.5,0,1,2925,c0af92,1
RF02541,7o7z,B5,1187,4808,639,7.00E-211,1,2856,c0af92,0
RF02541,7o7z,B5,5,420,128.6,6.90E-40,30,555,c0af92,0
RF02541,7oia,A,1,1454,372.4,4.50E-122,426,2925,c0af92,1
RF02541,7rqb,1A,1,2912,2689.8,0,1,2925,c0af92,1
RF02541,7rqd,2A,1,2912,2689.8,0,1,2925,c0af92,1
RF02541,7uqz,1,1,3167,1242.6,0,156,2925,c0af92,0
RF02541,7zuw,5,1,3167,1242.6,0,156,2925,c0af92,0
RF02541,8b0x,a,1,2908,2876.9,0,1,2925,c0af92,1
RF02541,8fc4,1A,1,2912,2689.8,0,1,2925,c0af92,1
RF02541,8fr8,A,1,3119,2730,0,1,2925,c0af92,1
RF02541,8qsj,A,1,1453,371.2,1.20E-121,426,2925,c0af92,1
RF02543,1kqs,0,131,2914,1469.1,0,1,3401,c0af92,0
RF02543,4ioc,X,137,2867,1236,0,1,3401,c0af92,0
RF02543,4lfz,RA,149,2902,1152.1,0,1,3401,c0af92,0
RF02543,4uje,A2,3,5024,2378.4,0,1,3401,c0af92,1
RF02543,4wpo,AA,148,2901,1152.1,0,1,3401,c0af92,0
RF02543,4wro,1H,153,2903,1154.9,0,1,3401,c0af92,0
RF02543,6bz8,YA,148,2901,1152.1,0,1,3401,c0af92,0
RF02543,6spd,A,159,2877,1256.8,0,1,3401,c0af92,0
RF02543,6ysu,A,160,2893,1263.6,0,1,3401,c0af92,0
RF02543,7o7z,B5,3,4808,2513.9,0,1,3401,c0af92,1
RF02543,7rqb,1A,148,2901,1152.1,0,1,3401,c0af92,0
RF02543,7rqd,2A,148,2901,1152.1,0,1,3401,c0af92,0
RF02543,7uqz,1,4,3396,3401.6,0,1,3401,c0af92,1
RF02543,7zuw,5,4,3396,3401.6,0,1,3401,c0af92,1
RF02543,8b0x,a,160,2895,1264.4,0,1,3401,c0af92,0
RF02543,8fc4,1A,148,2901,1152.1,0,1,3401,c0af92,0
RF02543,8fr8,A,158,3112,1216.5,0,1,3401,c0af92,0
RF00001,4v77,BB,2,117,77.2,3.20E-17,1,119,c0af92,1
RF00001,5lzv,7,1,119,118.9,5.30E-28,1,119,c0af92,1
RF00001,6qnq,1J,5,121,100.7,2.80E-23,1,119,c0af92,1
RF00001,6tpq,V,5,120,88.7,3.50E-20,1,119,c0af92,1
RF00001,6z6k,C4,1,121,88.8,3.30E-20,1,119,c0af92,1
RF00001,7mt2,B,2,114,77.4,2.70E-17,1,119,c0af92,1
RF00001,8vtv,1B,3,119,100.7,2.80E-23,1,119,c0af92,1
RF02541,1yjn,0,3,2921,1748.5,0,1,2925,c0af92,0
RF02541,4u1v,BA,1,2903,2882.1,0,1,2925,c0af92,1
RF02541,4u55,1,1,3167,1242.6,0,156,2925,c0af92,0
RF02541,5kcr,1A,1,2904,2886.8,0,1,2925,c0af92,1
RF02541,5mei,AR,1,3167,1242.6,0,156,2925,c0af92,0
RF02541,6o90,A,1,2903,2933.3,0,1,2925,c0af92,1
RF02541,7too,A25S,1,3167,1242.6,0,156,2925,c0af92,0
RF02541,7y7c,a,1,2904,2887.4,0,1,2925,c0af92,1
RF02541,8cvl,2A,1,2912,2689.8,0,1,2925,c0af92,1
RF02541,8uu6,A,1,2932,2946.5,0,1,2925,c0af92,1
RF02543,1yjn,0,132,2915,1471.3,0,1,3401,c0af92,0
RF02543,4u1v,BA,160,2893,1270.5,0,1,3401,c0af92,0
RF02543,4u55,1,4,3396,3401.6,0,1,3401,c0af92,1
RF02543,5kcr,1A,160,2893,1267.6,0,1,3401,c0af92,0
RF02543,5mei,AR,4,3396,3401.6,0,1,3401,c0af92,1
RF02543,6o90,A,160,2895,1255.1,0,1,3401,c0af92,0
RF02543,7too,A25S,4,3396,3401.6,0,1,3401,c0af92,1
RF02543,7y7c,a,160,2893,1267.9,0,1,3401,c0af92,0
RF02543,8cvl,2A,148,2901,1152.1,0,1,3401,c0af92,0
RF02543,8uu6,A,162,2921,1244.8,0,1,3401,c0af92,0
RF00001,4tud,RB,3,119,100.7,2.80E-23,1,119,c0af92,1
RF00001,4v61,BB,2,117,45.8,3.90E-09,1,118,c0af92,1
RF00001,4v7z,DB,3,119,100.7,2.80E-23,1,119,c0af92,1
RF00001,4v8f,AB,5,121,100.7,2.80E-23,1,119,c0af92,1
RF00001,4v9c,BB,3,118,77.2,3.20E-17,1,119,c0af92,1
RF00001,4wzo,1J,5,121,100.7,2.80E-23,1,119,c0af92,1
RF00001,5gad,B,3,118,77.2,3.20E-17,1,119,c0af92,1
RF00001,6wru,2,1,115,59.8,9.40E-13,1,119,c0af92,1
RF00001,7n2v,5,3,118,77.2,3.20E-17,1,119,c0af92,1
RF00001,7nrc,LB,1,121,88.8,3.30E-20,1,119,c0af92,1
RF00001,8rdv,D8,1,115,80.7,3.90E-18,1,119,c0af92,1
RF00001,8uqm,d,3,118,77.2,3.20E-17,1,119,c0af92,1
RF02541,3ja1,LA,1,2904,2880,0,1,2925,c0af92,1
RF02541,4v5d,DA,1,2819,2617.5,0,1,2925,c0af92,1
RF02541,4v9p,EA,1,2904,2889.8,0,1,2925,c0af92,1
RF02541,6az3,1,1,1778,386.8,8.20E-127,162,1521,c0af92,0
RF02541,6wd1,1,1,2903,2879.9,0,1,2925,c0af92,1
RF02541,6x6t,a,1,2904,2889.7,0,1,2925,c0af92,1
RF02541,6xu7,A5,1,3720,974.2,0,138,2925,c0af92,0
RF02541,7a5i,A3,1,1454,372.4,4.50E-122,426,2925,c0af92,1
RF02541,7oif,1,1,2903,2879.7,0,1,2925,c0af92,1
RF02541,7qvp,L6,1,4896,627.7,4.60E-207,1,2925,c0af92,0
RF02541,7ttw,1,1,2923,2986.8,0,1,2925,c0af92,1
RF02541,8c95,A,1,2904,2889.8,0,1,2925,c0af92,1
RF02541,8ev6,2A,1,2912,2689.8,0,1,2925,c0af92,1
RF02541,8fc5,1A,1,2912,2689.8,0,1,2925,c0af92,1
RF02541,8ir3,2,1277,4806,603.9,4.40E-199,1,2923,c0af92,0
RF02541,8ir3,2,5,420,123.7,3.10E-38,30,555,c0af92,0
RF02541,8rcl,72,1,2904,2885,0,1,2925,c0af92,1
RF02541,8vtv,1A,1,2912,2689.8,0,1,2925,c0af92,1
RF02543,3ja1,LA,160,2893,1258,0,1,3401,c0af92,0
RF02543,4v5d,DA,147,2808,1088.3,5.60E-297,1,3401,c0af92,0
RF02543,4v9p,EA,160,2893,1270.5,0,1,3401,c0af92,0
RF02543,6az3,1,1,1778,920.4,7.40E-251,1,1639,c0af92,1
RF02543,6wd1,1,160,2893,1269,0,1,3401,c0af92,0
RF02543,6x6t,a,160,2893,1270.5,0,1,3401,c0af92,0
RF02543,6xu7,A5,8,3974,2814.4,0,1,3401,c0af92,1
RF02543,7oif,1,160,2893,1267.9,0,1,3401,c0af92,0
RF02543,7qvp,L6,160,5226,2379.3,0,1,3401,c0af92,1
RF02543,7ttw,1,164,2912,1327.7,0,1,3401,c0af92,0
RF02543,8c95,A,160,2893,1270.5,0,1,3401,c0af92,0
RF02543,8ev6,2A,148,2901,1152.1,0,1,3401,c0af92,0
RF02543,8fc5,1A,148,2901,1152.1,0,1,3401,c0af92,0
RF02543,8ir3,2,3,5053,2385.5,0,1,3401,c0af92,1
RF02543,8rcl,72,160,2893,1267.9,0,1,3401,c0af92,0
RF02543,8vtv,1A,148,2901,1152.1,0,1,3401,c0af92,0
RF00001,3g71,9,1,121,75.2,1.10E-16,1,119,c0af92,1
RF00001,4v4h,BA,3,118,77.2,3.20E-17,1,119,c0af92,1
RF00001,4v8q,AB,5,121,100.7,2.80E-23,1,119,c0af92,1
RF00001,6xir,3,1,121,81.6,2.40E-18,1,119,c0af92,1
RF00001,6zm7,L7,1,119,118.9,5.30E-28,1,119,c0af92,1
RF00001,8c8z,B,3,118,77.2,3.20E-17,1,119,c0af92,1
RF00001,8g2d,1B,3,119,100.7,2.80E-23,1,119,c0af92,1
RF00001,8y36,B,1,115,75,1.10E-16,1,119,c0af92,1
RF02541,1oln,C,1,58,58.8,2.00E-18,1093,1150,c0af92,1
RF02541,4qg3,B,1,80,59.1,2.10E-18,2131,2210,c0af92,1
RF02541,4v5l,BA,1,2913,2694.3,0,1,2925,c0af92,1
RF02541,4v64,DB,1,2904,2889.8,0,1,2925,c0af92,1
RF02541,4v9c,DA,1,2904,2889.8,0,1,2925,c0af92,1
RF02541,4w29,BA,1,2879,2712.2,0,6,2918,c0af92,1
RF02541,4w4g,RA,1,2913,2699.6,0,1,2925,c0af92,1
RF02541,4wf1,BA,1,2903,2882.1,0,1,2925,c0af92,1
RF02541,5t7v,B,1,2919,2971.9,0,1,2922,c0af92,1
RF02541,6p5k,5,1,3377,1022.3,0,159,2925,c0af92,0
RF02541,7ohp,1,1,3167,1242.6,0,156,2925,c0af92,0
RF02541,7osm,25S,1,3167,1244.6,0,156,2925,c0af92,0
RF02541,7ow7,A,1277,4822,599,1.90E-197,1,2923,c0af92,0
RF02541,7ow7,A,5,420,123.7,3.10E-38,30,555,c0af92,0
RF02541,7r72,1,1,641,74.4,1.30E-22,1238,2080,c0af92,0
RF02541,8c9c,A,1,2904,2889.8,0,1,2925,c0af92,1
RF02541,8fc6,1A,1,2912,2689.8,0,1,2925,c0af92,1
RF02541,9f1d,B5,1187,4808,639,7.00E-211,1,2856,c0af92,0
RF02541,9f1d,B5,5,420,128.6,6.90E-40,30,555,c0af92,0
RF02543,4v5l,BA,149,2902,1146.4,0,1,3401,c0af92,0
RF02543,4v64,DB,160,2893,1270.5,0,1,3401,c0af92,0
RF02543,4v9c,DA,160,2893,1270.5,0,1,3401,c0af92,0
RF02543,4w29,BA,148,2875,1160.6,0,1,3401,c0af92,0
RF02543,4w4g,RA,149,2902,1152.1,0,1,3401,c0af92,0
RF02543,4wf1,BA,160,2893,1270.5,0,1,3401,c0af92,0
RF02543,5t7v,B,164,2911,1327.8,0,1,3401,c0af92,0
RF02543,6p5k,5,3,3594,2862.8,0,1,3401,c0af92,1
RF02543,7ohp,1,4,3396,3401.6,0,1,3401,c0af92,1
RF02543,7osm,25S,4,3396,3403.5,0,1,3401,c0af92,1
RF02543,7ow7,A,3,5069,2380.1,0,1,3401,c0af92,1
RF02543,7r72,1,1,641,403.2,1.40E-108,1373,2192,c0af92,1
RF02543,8c9c,A,160,2893,1270.5,0,1,3401,c0af92,0
RF02543,8fc6,1A,148,2901,1152.1,0,1,3401,c0af92,0
RF02543,9f1d,B5,3,4808,2513.9,0,1,3401,c0af92,1
RF00001,1vqm,9,1,121,77.4,2.90E-17,1,119,c0af92,1
RF00001,1y69,9,5,121,71.6,9.10E-16,1,119,c0af92,1
RF00001,3cpw,9,1,121,77.4,2.90E-17,1,119,c0af92,1
RF00001,3jcn,B,3,118,77.2,3.20E-17,1,119,c0af92,1
RF00001,4v4t,BB,5,121,100.7,2.80E-23,1,119,c0af92,1
RF00001,4v5y,BA,3,118,77.2,3.20E-17,1,119,c0af92,1
RF00001,6nd5,2B,3,119,100.7,2.80E-23,1,119,c0af92,1
RF00001,6nwy,RB,3,119,100.7,2.80E-23,1,119,c0af92,1
RF00001,6ppf,B,1,116,88.7,3.40E-20,1,119,c0af92,1
RF00001,6vyr,d,3,118,77.2,3.20E-17,1,119,c0af92,1
RF00001,7oii,3,3,118,77.2,3.20E-17,1,119,c0af92,1
RF00001,7uvv,B,1,115,83.5,7.30E-19,1,119,c0af92,1
RF00001,8eui,9,51,169,109.5,2.70E-25,1,119,c0af92,1
RF00001,8hky,A5S,4,122,58.7,1.90E-12,1,119,c0af92,1
RF00001,8q4f,b,3,118,77.2,3.20E-17,1,119,c0af92,1
RF00001,8r6c,b,3,118,77.2,3.20E-17,1,119,c0af92,1
RF02541,3ccq,0,1,2923,1748.3,0,1,2925,c0af92,0
RF02541,4u53,1,1,3167,1242.6,0,156,2925,c0af92,0
RF02541,4v52,BB,1,2904,2889.8,0,1,2925,c0af92,1
RF02541,4v5a,BA,1,2779,2569.6,0,1,2925,c0af92,1
RF02541,4v5k,DA,1,2848,2576.2,0,6,2918,c0af92,1
RF02541,4v67,DA,1,2891,2738.6,0,1,2925,c0af92,1
RF02541,4v89,BA,1,2903,2882.1,0,1,2925,c0af92,1
RF02541,5lzx,5,1,3326,977.8,0,159,2925,c0af92,0
RF02541,6ft6,1,1,3167,1242.6,0,156,2925,c0af92,0
RF02541,7lh5,DA,1,2836,2663.3,0,1,2925,c0af92,1
RF02541,7nhk,A,1,2912,2943.2,0,1,2925,c0af92,1
RF02541,7toq,A25S,1,3428,992.5,0,159,2925,c0af92,0
RF02541,8fkv,L3,1277,4822,597.9,4.50E-197,1,2923,c0af92,0
RF02541,8fkv,L3,5,420,123.7,3.10E-38,30,555,c0af92,0
RF02541,8g2c,1A,1,2912,2687.2,0,1,2925,c0af92,1
RF02541,8xt0,L1,1,1454,372.4,4.50E-122,426,2925,c0af92,1
RF02543,3ccq,0,132,2915,1475.2,0,1,3401,c0af92,0
RF02543,4u53,1,4,3396,3401.6,0,1,3401,c0af92,1
RF02543,4v52,BB,160,2893,1270.5,0,1,3401,c0af92,0
RF02543,4v5a,BA,147,2768,1084.8,5.10E-296,1,3401,c0af92,0
RF02543,4v5k,DA,144,2844,1082,3.10E-295,1,3401,c0af92,0
RF02543,4v67,DA,153,2880,1160.6,0,1,3401,c0af92,0
RF02543,4v89,BA,160,2893,1270.5,0,1,3401,c0af92,0
RF02543,5lzx,5,3,3543,2779.4,0,1,3401,c0af92,1
RF02543,6ft6,1,4,3396,3401.6,0,1,3401,c0af92,1
RF02543,7lh5,DA,147,2825,1156.3,0,1,3401,c0af92,0
RF02543,7nhk,A,162,2902,1255,0,1,3401,c0af92,0
RF02543,7toq,A25S,3,3649,2859.2,0,1,3401,c0af92,1
RF02543,8fkv,L3,3,5069,2379.3,0,1,3401,c0af92,1
RF02543,8g2c,1A,148,2901,1149.2,0,1,3401,c0af92,0
RF00001,4tud,YB,3,119,100.7,2.80E-23,1,119,c0af92,1
RF00001,4u1u,BB,3,118,77.2,3.20E-17,1,119,c0af92,1
RF00001,4v55,DA,3,118,77.2,3.20E-17,1,119,c0af92,1
RF00001,4v6n,AA,3,118,77.2,3.20E-17,1,119,c0af92,1
RF00001,4v71,BB,2,117,77.2,3.20E-17,1,119,c0af92,1
RF00001,5obm,7,1,121,88.8,3.30E-20,1,119,c0af92,1
RF00001,7uvx,B,1,115,83.5,7.30E-19,1,119,c0af92,1
RF00001,8evr,A3,1,121,88.8,3.30E-20,1,119,c0af92,1
RF00029,8t2r,B,559,638,46.8,2.00E-08,1,93,c0af92,1
RF02541,1qa6,D,1,58,58.2,3.10E-18,1093,1150,c0af92,1
RF02541,3jcs,1,1,1782,391.1,2.90E-128,160,1521,c0af92,0
RF02541,4tub,YA,1,2912,2689.8,0,1,2925,c0af92,1
RF02541,4tue,RA,1,2912,2689.8,0,1,2925,c0af92,1
RF02541,4u56,1,1,3167,1242.6,0,156,2925,c0af92,0
RF02541,4v7v,DA,1,2903,2882.1,0,1,2925,c0af92,1
RF02541,4v7w,BA,1,2784,2566.8,0,1,2925,c0af92,1
RF02541,4wfn,X,1,2878,2737.8,0,1,2925,c0af92,1
RF02541,5dgv,1,1,3167,1242.6,0,156,2925,c0af92,0
RF02541,5u9f,1,1,2903,2879.1,0,1,2925,c0af92,1
RF02541,6hcm,52,1,3417,1013.3,0,159,2925,c0af92,0
RF02541,6ip6,1A,1277,4822,598,4.00E-197,1,2923,c0af92,0
RF02541,6ip6,1A,5,420,123.7,3.10E-38,30,555,c0af92,0
RF02541,6p5j,5,1,3377,1022.3,0,159,2925,c0af92,0
RF02541,6s0x,A,1,2905,2947.2,0,1,2925,c0af92,1
RF02541,6vz5,a,1,2904,2889.7,0,1,2925,c0af92,1
RF02541,6xhw,2A,1,2912,2689.8,0,1,2925,c0af92,1
RF02541,6xz7,A,1,2897,2871.6,0,1,2925,c0af92,1
RF02541,7qg8,N,1,2903,2882.1,0,1,2925,c0af92,1
RF02541,8a3w,2,1,1459,443.1,9.60E-146,1629,2925,c0af92,0
RF02541,8b7y,I,1,2904,2889.8,0,1,2925,c0af92,1
RF02541,8g60,L5,1434,4837,555.6,6.70E-183,15,2913,c0af92,0
RF02541,8g60,L5,5,420,123.7,3.10E-38,30,555,c0af92,0
RF02541,8glp,L5,1434,4837,555.6,6.70E-183,15,2913,c0af92,0
RF02541,8glp,L5,5,420,123.7,3.10E-38,30,555,c0af92,0
RF02541,8hl3,A23S,4,3022,1914,0,1,2925,c0af92,0
RF02543,3jcs,1,2,1782,927.5,8.40E-253,1,1639,c0af92,1
RF02543,4tub,YA,148,2901,1152.1,0,1,3401,c0af92,0
RF02543,4tue,RA,148,2901,1152.1,0,1,3401,c0af92,0
RF02543,4u56,1,4,3396,3401.6,0,1,3401,c0af92,1
RF02543,4v7v,DA,160,2893,1270.5,0,1,3401,c0af92,0
RF02543,4v7w,BA,147,2773,1086.7,1.50E-296,1,3401,c0af92,0
RF02543,4wfn,X,137,2867,1236,0,1,3401,c0af92,0
RF02543,5dgv,1,4,3396,3401.6,0,1,3401,c0af92,1
RF02543,5u9f,1,160,2893,1267.6,0,1,3401,c0af92,0
RF02543,6hcm,52,3,3634,2852,0,1,3401,c0af92,1
RF02543,6ip6,1A,3,5069,2379.5,0,1,3401,c0af92,1
RF02543,6p5j,5,3,3594,2862.8,0,1,3401,c0af92,1
RF02543,6s0x,A,162,2897,1310.6,0,1,3401,c0af92,0
RF02543,6vz5,a,160,2893,1270.5,0,1,3401,c0af92,0
RF02543,6xhw,2A,148,2901,1152.1,0,1,3401,c0af92,0
RF02543,6xz7,A,160,2887,1266,0,1,3401,c0af92,0
RF02543,7qg8,N,160,2893,1270.5,0,1,3401,c0af92,0
RF02543,8a3w,2,1,1438,1022.5,4.40E-279,1829,3401,c0af92,1
RF02543,8b7y,I,160,2893,1270.5,0,1,3401,c0af92,0
RF02543,8g60,L5,3,5069,2376.6,0,1,3401,c0af92,1
RF02543,8glp,L5,3,5069,2376.6,0,1,3401,c0af92,1
RF02543,8hl3,A23S,139,3018,1666,0,1,3401,c0af92,0
RF00001,4v7x,DB,3,119,100.7,2.80E-23,1,119,c0af92,1
RF00001,5tgm,3,1,121,88.8,3.30E-20,1,119,c0af92,1
RF00001,5xy3,3,2,118,62,2.60E-13,1,119,c0af92,1
RF00001,6gzx,B1,5,121,100.7,2.80E-23,1,119,c0af92,1
RF00001,8bgh,1,3,118,77.2,3.20E-17,1,119,c0af92,1
RF00001,8ipb,TB,1,119,120.7,1.80E-28,1,119,c0af92,1
RF02541,1k73,A,2,2920,1740.4,0,1,2925,c0af92,0
RF02541,1ml5,a,1,2914,2686.5,0,1,2925,c0af92,1
RF02541,4lfz,YA,1,2913,2699.6,0,1,2925,c0af92,1
RF02541,4v63,BA,1,2891,2738.6,0,1,2925,c0af92,1
RF02541,4v6x,A5,1277,4822,597.9,4.50E-197,1,2923,c0af92,0
RF02541,4v6x,A5,5,420,123.7,3.10E-38,30,555,c0af92,0
RF02541,4v8p,A1,1,3251,1190.7,0,160,2925,c0af92,0
RF02541,5lzu,5,1,3326,977.8,0,159,2925,c0af92,0
RF02541,5mc6,BQ,1,3167,1242.6,0,156,2925,c0af92,0
RF02541,5mrf,A,186,3136,396.4,8.70E-130,1,2925,c0af92,1
RF02541,6fxc,BA,1,2923,2986.7,0,1,2925,c0af92,1
RF02541,6o97,1A,1,2912,2689.8,0,1,2925,c0af92,1
RF02541,6vzj,a,1,2904,2889.7,0,1,2925,c0af92,1
RF02541,7bt6,1,1,3167,1242.6,0,156,2925,c0af92,0
RF02541,7k51,1,1,2903,2879.9,0,1,2925,c0af92,1
RF02541,7m4z,A,8,2900,2893.9,0,1,2925,c0af92,1
RF02541,7p7t,A,1,2912,2943.2,0,1,2925,c0af92,1
RF02541,7qca,L50,1,2587,1116,0,1,2925,c0af92,0
RF02541,8uvs,1A,1,2912,2689.8,0,1,2925,c0af92,1
RF02541,8v9l,A,1,3127,2743.8,0,1,2925,c0af92,1
RF02543,1k73,A,131,2914,1469.1,0,1,3401,c0af92,0
RF02543,1ml5,a,149,2903,1134.5,0,1,3401,c0af92,0
RF02543,4lfz,YA,149,2902,1152.1,0,1,3401,c0af92,0
RF02543,4v63,BA,153,2880,1160.6,0,1,3401,c0af92,0
RF02543,4v6x,A5,3,5069,2379.3,0,1,3401,c0af92,1
RF02543,4v8p,A1,2,3352,3119.3,0,1,3401,c0af92,1
RF02543,5lzu,5,3,3543,2779.4,0,1,3401,c0af92,1
RF02543,5mc6,BQ,4,3396,3401.6,0,1,3401,c0af92,1
RF02543,5mrf,A,1600,1940,121.9,3.00E-30,1891,2388,c0af92,0
RF02543,5mrf,A,223,302,58.3,1.10E-12,24,103,c0af92,0
RF02543,5mrf,A,2713,2873,96.5,3.10E-23,2825,2984,c0af92,0
RF02543,6fxc,BA,164,2912,1326.6,0,1,3401,c0af92,0
RF02543,6o97,1A,148,2901,1152.1,0,1,3401,c0af92,0
RF02543,6vzj,a,160,2893,1270.5,0,1,3401,c0af92,0
RF02543,7bt6,1,4,3396,3401.6,0,1,3401,c0af92,1
RF02543,7k51,1,160,2893,1269,0,1,3401,c0af92,0
RF02543,7m4z,A,167,2888,1271.3,0,1,3401,c0af92,0
RF02543,7p7t,A,162,2902,1255,0,1,3401,c0af92,0
RF02543,7qca,L50,96,2613,1664,0,1,3401,c0af92,1
RF02543,8uvs,1A,148,2901,1152.1,0,1,3401,c0af92,0
RF02543,8v9l,A,162,3116,1219,0,1,3401,c0af92,0
RF00001,4u4o,7,1,121,88.8,3.30E-20,1,119,c0af92,1
RF00001,4v7w,BB,3,119,100.7,2.80E-23,1,119,c0af92,1
RF00001,4v8h,BB,3,119,100.7,2.80E-23,1,119,c0af92,1
RF00001,5jut,D,1,121,88.8,3.30E-20,1,119,c0af92,1
RF00001,6wde,2,3,118,77.2,3.20E-17,1,119,c0af92,1
RF00001,7nwg,71,1,119,118.9,5.30E-28,1,119,c0af92,1
RF00001,7y7h,b,3,118,77.2,3.20E-17,1,119,c0af92,1
RF00001,8p60,K70,1,119,93.6,1.80E-21,1,119,c0af92,1
RF02541,4w2h,DA,1,2912,2689.8,0,1,2925,c0af92,1
RF02541,4wqr,14,1,2914,2708.4,0,1,2925,c0af92,1
RF02541,4wsd,14,1,2914,2708.4,0,1,2925,c0af92,1
RF02541,5it7,5,1,3042,1256.4,0,158,2925,c0af92,0
RF02541,5jcs,x,1,3167,1242.6,0,156,2925,c0af92,0
RF02541,5juu,B,1,3167,1242.6,0,156,2925,c0af92,0
RF02541,5mmi,A,1,2810,2419.8,0,1,2818,c0af92,1
RF02541,6hcq,51,1,3417,1013.3,0,159,2925,c0af92,0
RF02541,6pch,I,1,2904,2887.4,0,1,2925,c0af92,1
RF02541,7old,1,1,3151,1258.3,0,155,2925,c0af92,0
RF02541,8e5t,1,1,3167,1242.6,0,156,2925,c0af92,0
RF02541,8g2a,2A,1,2912,2687.2,0,1,2925,c0af92,1
RF02541,8g61,L5,1434,4837,555.6,6.70E-183,15,2913,c0af92,0
RF02541,8g61,L5,5,420,123.7,3.10E-38,30,555,c0af92,0
RF02541,8i9y,C1,1,3150,1260.1,0,156,2925,c0af92,0
RF02541,8uu8,A,1,2932,2946.5,0,1,2925,c0af92,1
RF02543,4w2h,DA,148,2901,1152.1,0,1,3401,c0af92,0
RF02543,4wqr,14,153,2903,1154.9,0,1,3401,c0af92,0
RF02543,4wsd,14,153,2903,1154.9,0,1,3401,c0af92,0
RF02543,5it7,5,2,3270,3359.6,0,1,3401,c0af92,1
RF02543,5jcs,x,4,3396,3401.6,0,1,3401,c0af92,1
RF02543,5juu,B,4,3396,3401.6,0,1,3401,c0af92,1
RF02543,5mmi,A,143,2810,1110.5,0,1,3165,c0af92,0
RF02543,6hcq,51,3,3635,2851.8,0,1,3401,c0af92,1
RF02543,6pch,I,160,2893,1267.9,0,1,3401,c0af92,0
RF02543,7old,1,5,3337,3383.2,0,1,3401,c0af92,1
RF02543,8e5t,1,4,3396,3401.6,0,1,3401,c0af92,1
RF02543,8g2a,2A,148,2901,1149.2,0,1,3401,c0af92,0
RF02543,8g61,L5,3,5069,2376.6,0,1,3401,c0af92,1
RF02543,8i9y,C1,4,3338,3387.9,0,1,3401,c0af92,1
RF02543,8uu8,A,162,2921,1244.8,0,1,3401,c0af92,0
RF00001,1nwx,9,5,121,71.6,9.10E-16,1,119,c0af92,1
RF00001,1vy7,BB,3,119,100.7,2.80E-23,1,119,c0af92,1
RF00001,3cf5,Z,5,121,71.6,9.10E-16,1,119,c0af92,1
RF00001,4ujc,A4,1,119,118.9,5.30E-28,1,119,c0af92,1
RF00001,4v52,BA,3,118,77.2,3.20E-17,1,119,c0af92,1
RF00001,4v85,BB,2,117,77.2,3.20E-17,1,119,c0af92,1
RF00001,4z3s,2B,3,119,100.7,2.80E-23,1,119,c0af92,1
RF00001,5dgv,3,1,121,88.8,3.30E-20,1,119,c0af92,1
RF00001,5j7l,CB,3,118,77.2,3.20E-17,1,119,c0af92,1
RF00001,5juu,D,1,121,88.8,3.30E-20,1,119,c0af92,1
RF00001,5lzb,B,3,118,77.2,3.20E-17,1,119,c0af92,1
RF00001,6ip5,1B,1,119,118.9,5.30E-28,1,119,c0af92,1
RF00001,7cpj,B,3,118,77.2,3.20E-17,1,119,c0af92,1
RF00001,7oht,3,1,121,88.8,3.30E-20,1,119,c0af92,1
RF00001,8uql,d,3,118,77.2,3.20E-17,1,119,c0af92,1
RF00169,4ue4,A,116,215,76,2.10E-18,1,97,c0af92,0
RF02541,4ioa,X,1,2878,2737.8,0,1,2925,c0af92,1
RF02541,4p70,YA,1,2913,2699.6,0,1,2925,c0af92,1
RF02541,4v9a,BA,1,2912,2697.7,0,1,2923,c0af92,1
RF02541,5myj,BA,2,2896,2861.6,0,1,2925,c0af92,1
RF02541,6c4i,A,1,2904,2887.4,0,1,2925,c0af92,1
RF02541,6cae,2A,1,2912,2689.8,0,1,2925,c0af92,1
RF02541,6n9f,1A,1,2912,2689.8,0,1,2925,c0af92,1
RF02541,6swa,q,1,3393,1023,0,159,2925,c0af92,0
RF02541,6ucq,1A,1,2912,2689.8,0,1,2925,c0af92,1
RF02541,6vyz,a,1,2904,2889.7,0,1,2925,c0af92,1
RF02541,6zmo,L5,1277,4818,599,1.80E-197,1,2923,c0af92,0
RF02541,6zmo,L5,5,420,123.7,3.10E-38,30,555,c0af92,0
RF02541,7nso,A,1,2903,2882.1,0,1,2925,c0af92,1
RF02541,8agu,f,1,3166,1231.9,0,156,2925,c0af92,0
RF02541,8fon,YA,1,2912,2689.8,0,1,2925,c0af92,1
RF02541,8r8m,a,1,2903,2880.4,0,1,2925,c0af92,1
RF02543,4ioa,X,137,2867,1236,0,1,3401,c0af92,0
RF02543,4p70,YA,149,2902,1152.1,0,1,3401,c0af92,0
RF02543,4v9a,BA,153,2903,1154.9,0,1,3401,c0af92,0
RF02543,5myj,BA,156,2888,1267,0,1,3401,c0af92,0
RF02543,6c4i,A,160,2893,1267.9,0,1,3401,c0af92,0
RF02543,6cae,2A,148,2901,1152.1,0,1,3401,c0af92,0
RF02543,6n9f,1A,148,2901,1152.1,0,1,3401,c0af92,0
RF02543,6swa,q,3,3611,2834,0,1,3401,c0af92,1
RF02543,6ucq,1A,148,2901,1152.1,0,1,3401,c0af92,0
RF02543,6vyz,a,160,2893,1270.5,0,1,3401,c0af92,0
RF02543,6zmo,L5,3,5065,2382.7,0,1,3401,c0af92,1
RF02543,7nso,A,160,2893,1270.5,0,1,3401,c0af92,0
RF02543,8agu,f,4,3395,3374.5,0,1,3401,c0af92,1
RF02543,8fon,YA,148,2901,1152.1,0,1,3401,c0af92,0
RF02543,8r8m,a,160,2893,1267,0,1,3401,c0af92,0
RF00001,3-Jan,7,1,119,118.9,5.30E-28,1,119,c0af92,1
RF00001,5j4b,2B,3,119,100.7,2.80E-23,1,119,c0af92,1
RF00001,5ndj,1J,5,121,100.7,2.80E-23,1,119,c0af92,1
RF00001,7btb,3,1,121,88.8,3.30E-20,1,119,c0af92,1
RF00001,7obr,7,1,119,118.9,5.30E-28,1,119,c0af92,1
RF00001,7osa,AB,1,121,88.8,3.30E-20,1,119,c0af92,1
RF00001,7ot5,3,3,118,77.2,3.20E-17,1,119,c0af92,1
RF00001,7unv,B,3,118,86.6,1.20E-19,1,119,c0af92,1
RF00001,8ir3,5,1,119,118.9,5.30E-28,1,119,c0af92,1
RF00028,6wls,A,31,312,115.6,1.40E-30,1,251,c0af92,1
RF02541,1vy7,BA,1,2912,2689.8,0,1,2925,c0af92,1
RF02541,4tub,RA,1,2912,2689.8,0,1,2925,c0af92,1
RF02541,4u3n,1,1,3167,1242.6,0,156,2925,c0af92,0
RF02541,4u4u,1,1,3167,1242.6,0,156,2925,c0af92,0
RF02541,4v4h,BB,1,2904,2889.8,0,1,2925,c0af92,1
RF02541,4v4s,BA,1,2914,2686.5,0,1,2925,c0af92,1
RF02541,4v5g,BA,1,2913,2699.6,0,1,2925,c0af92,1
RF02541,4v6k,AB,1,2904,2887.4,0,1,2925,c0af92,1
RF02541,4v8i,DA,1,2912,2689.8,0,1,2925,c0af92,1
RF02541,4v9m,BA,1,2879,2712.2,0,6,2918,c0af92,1
RF02541,5a8l,A,1245,4801,582.1,8.70E-192,1,2923,c0af92,0
RF02541,5a8l,A,5,411,127.9,1.20E-39,30,555,c0af92,0
RF02541,5jus,B,1,3167,1242.6,0,156,2925,c0af92,0
RF02541,5we6,A,1,2903,2873.2,0,1,2925,c0af92,1
RF02541,5x8p,A,1,2810,2419.8,0,1,2818,c0af92,1
RF02541,6uo1,1A,1,2912,2689.8,0,1,2925,c0af92,1
RF02541,6ywx,A,48,3440,887.9,2.10E-294,1,2925,c0af92,1
RF02541,6z1p,Ab,1,2232,1041.7,0,410,2925,c0af92,1
RF02541,7azs,23SB,1,2911,2695,0,1,2925,c0af92,1
RF02541,7pai,3,3,2907,2658.1,0,1,2925,c0af92,1
RF02541,7y7g,a,1,2904,2887.4,0,1,2925,c0af92,1
RF02541,8.00E+48,I,1,2904,2887.4,0,1,2925,c0af92,1
RF02541,8euy,1,1,3327,1200.4,0,156,2925,c0af92,0
RF02541,8hu1,a,1,2904,2887.4,0,1,2925,c0af92,1
RF02541,8ud8,1A,1,2912,2687.2,0,1,2925,c0af92,1
RF02543,1vy7,BA,148,2901,1152.1,0,1,3401,c0af92,0
RF02543,3j16,K,1,64,67.6,1.30E-16,1241,1304,c0af92,1
RF02543,4tub,RA,148,2901,1152.1,0,1,3401,c0af92,0
RF02543,4u3n,1,4,3396,3401.6,0,1,3401,c0af92,1
RF02543,4u4u,1,4,3396,3401.6,0,1,3401,c0af92,1
RF02543,4v4h,BB,160,2893,1270.5,0,1,3401,c0af92,0
RF02543,4v4s,BA,149,2903,1134.5,0,1,3401,c0af92,0
RF02543,4v5g,BA,149,2902,1152.1,0,1,3401,c0af92,0
RF02543,4v6k,AB,160,2893,1267.9,0,1,3401,c0af92,0
RF02543,4v8i,DA,148,2901,1152.1,0,1,3401,c0af92,0
RF02543,4v9m,BA,148,2875,1160.6,0,1,3401,c0af92,0
RF02543,5a8l,A,3,5024,2373.7,0,1,3401,c0af92,1
RF02543,5jus,B,4,3396,3401.6,0,1,3401,c0af92,1
RF02543,5we6,A,160,2891,1259.8,0,1,3401,c0af92,0
RF02543,5x8p,A,143,2810,1110.5,0,1,3165,c0af92,0
RF02543,6uo1,1A,148,2901,1152.1,0,1,3401,c0af92,0
RF02543,6ywx,A,332,3358,372.1,2.80E-99,1,3401,c0af92,0
RF02543,6z1p,Ab,1,2215,483.8,2.80E-130,248,3401,c0af92,0
RF02543,7azs,23SB,152,2902,1154.9,0,1,3401,c0af92,0
RF02543,7pai,3,167,2896,1188.2,0,1,3401,c0af92,0
RF02543,7y7g,a,160,2893,1267.9,0,1,3401,c0af92,0
RF02543,8.00E+48,I,160,2893,1267.9,0,1,3401,c0af92,0
RF02543,8euy,1,4,3497,3332.7,0,1,3401,c0af92,1
RF02543,8hu1,a,160,2893,1267.9,0,1,3401,c0af92,0
RF02543,8ud8,1A,148,2901,1149.2,0,1,3401,c0af92,0
RF00001,4v5a,DB,3,119,100.7,2.80E-23,1,119,c0af92,1
RF00001,4v8h,DB,3,119,100.7,2.80E-23,1,119,c0af92,1
RF00001,4v9c,DB,3,118,77.2,3.20E-17,1,119,c0af92,1
RF00001,4v9o,AB,3,118,77.2,3.20E-17,1,119,c0af92,1
RF00001,6snt,4,1,121,88.8,3.30E-20,1,119,c0af92,1
RF00001,6wrs,2,1,115,59.8,9.40E-13,1,119,c0af92,1
RF00001,8hku,A5S,4,122,58.7,1.90E-12,1,119,c0af92,1
RF00001,8s1p,B,1,111,75.9,6.60E-17,3,116,c0af92,1
RF00028,7ygc,N,11,317,117.1,5.20E-31,1,251,c0af92,1
RF02541,5dfe,RA,1,2912,2689.8,0,1,2925,c0af92,1
RF02541,5j4c,2A,1,2912,2689.8,0,1,2925,c0af92,1
RF02541,5wfs,A,1,2903,2873.2,0,1,2925,c0af92,1
RF02541,6lqm,2,1277,4822,598,4.00E-197,1,2923,c0af92,0
RF02541,6lqm,2,5,420,123.7,3.10E-38,30,555,c0af92,0
RF02541,6prv,C,1,58,60,7.90E-19,1093,1150,c0af92,1
RF02541,6q8y,BQ,1,3167,1242.6,0,156,2925,c0af92,0
RF02541,6ylg,1,1,3167,1242.6,0,156,2925,c0af92,0
RF02541,7n2v,23,1,2904,2887.4,0,1,2925,c0af92,1
RF02541,7q0f,1,1,3136,1228.3,0,159,2925,c0af92,0
RF02541,8.00E+47,I,1,2904,2887.4,0,1,2925,c0af92,1
RF02541,8ipx,2,1277,4806,603.9,4.40E-199,1,2923,c0af92,0
RF02541,8ipx,2,5,420,123.7,3.10E-38,30,555,c0af92,0
RF02543,5dfe,RA,148,2901,1152.1,0,1,3401,c0af92,0
RF02543,5j4c,2A,148,2901,1152.1,0,1,3401,c0af92,0
RF02543,5wfs,A,160,2891,1259.8,0,1,3401,c0af92,0
RF02543,6lqm,2,3,5069,2379.5,0,1,3401,c0af92,1
RF02543,6q8y,BQ,4,3396,3401.6,0,1,3401,c0af92,1
RF02543,6ylg,1,4,3396,3401.6,0,1,3401,c0af92,1
RF02543,7n2v,23,160,2893,1267.9,0,1,3401,c0af92,0
RF02543,7q0f,1,1,3359,3380.6,0,1,3401,c0af92,1
RF02543,8.00E+47,I,160,2893,1267.9,0,1,3401,c0af92,0
RF02543,8ipx,2,3,5053,2385.5,0,1,3401,c0af92,1
RF00010,7uo5,B,1,373,302.2,8.00E-99,1,363,c0af92,1
RF00001,3jai,7,1,119,118.9,5.30E-28,1,119,c0af92,1
RF00001,4tub,RB,3,119,100.7,2.80E-23,1,119,c0af92,1
RF00001,4v8c,AB,5,121,100.7,2.80E-23,1,119,c0af92,1
RF00001,4v8x,DB,3,119,100.7,2.70E-23,1,119,c0af92,1
RF00001,4wr6,1J,5,121,100.7,2.80E-23,1,119,c0af92,1
RF00001,5jte,BB,3,118,77.2,3.20E-17,1,119,c0af92,1
RF00001,6wd1,2,3,118,77.2,3.20E-17,1,119,c0af92,1
RF00001,7a0r,Y,3,119,71.6,8.80E-16,1,119,c0af92,1
RF00001,7asm,B,1,115,75,1.10E-16,1,119,c0af92,1
RF00001,7mpj,A3,1,121,88.8,3.30E-20,1,119,c0af92,1
RF00001,7uoo,3,1,121,88.8,3.30E-20,1,119,c0af92,1
RF00001,7y7f,b,3,118,77.2,3.20E-17,1,119,c0af92,1
RF00001,8cdr,BB,1,121,88.8,3.30E-20,1,119,c0af92,1
RF00001,8fl3,L4,1,119,118.9,5.30E-28,1,119,c0af92,1
RF00029,5g2y,A,595,692,51.1,2.00E-09,1,93,c0af92,1
RF00029,6cih,A,548,621,67.7,1.50E-13,1,93,c0af92,1
RF00028,7r6l,A,14,322,112.1,1.40E-29,1,251,c0af92,1
RF02541,1r2w,C,1,58,58.8,2.00E-18,1093,1150,c0af92,1
RF02541,3cc7,0,1,2923,1749.1,0,1,2925,c0af92,0
RF02541,4v5c,BA,1,2819,2617.5,0,1,2925,c0af92,1
RF02541,4v9b,DA,1,2912,2697.7,0,1,2923,c0af92,1
RF02541,4w2h,BA,1,2912,2689.8,0,1,2925,c0af92,1
RF02541,7lvk,I,1,2904,2885.1,0,1,2925,c0af92,1
RF02541,7o9m,A,1,1454,372.4,4.50E-122,426,2925,c0af92,1
RF02541,7pjz,A,1,2903,2874.4,0,1,2925,c0af92,1
RF02541,7unr,A,1,2891,2924.9,0,1,2925,c0af92,1
RF02541,8q7z,B5,1202,4230,749.5,6.40E-248,1,2923,c0af92,0
RF02541,8q7z,B5,6,421,123.4,3.50E-38,30,555,c0af92,0
RF02543,3cc7,0,132,2915,1469.3,0,1,3401,c0af92,0
RF02543,4v5c,BA,147,2808,1088.3,5.60E-297,1,3401,c0af92,0
RF02543,4v9b,DA,153,2903,1154.9,0,1,3401,c0af92,0
RF02543,4w2h,BA,148,2901,1152.1,0,1,3401,c0af92,0
RF02543,7lvk,I,160,2893,1265.2,0,1,3401,c0af92,0
RF02543,7pjz,A,160,2893,1263.6,0,1,3401,c0af92,0
RF02543,7unr,A,160,2878,1258.9,0,1,3401,c0af92,0
RF02543,8q7z,B5,3,4440,2536.7,0,1,3401,c0af92,1
RF00001,4v56,BA,3,118,77.2,3.20E-17,1,119,c0af92,1
RF00001,4v6t,BB,3,118,77.2,3.20E-17,1,119,c0af92,1
RF00001,4v6z,BB,2,117,77.2,3.20E-17,1,119,c0af92,1
RF00001,5doy,2B,3,119,100.7,2.80E-23,1,119,c0af92,1
RF00001,6wd8,2,3,118,77.2,3.20E-17,1,119,c0af92,1
RF00001,8bhn,1,3,118,77.2,3.20E-17,1,119,c0af92,1
RF00029,7uim,B,559,638,46.8,2.00E-08,1,93,c0af92,1
RF02541,4u3n,5,1,3167,1242.6,0,156,2925,c0af92,0
RF02541,5apn,5,1,3167,1227.7,0,156,2925,c0af92,0
RF02541,6nta,YA,1,2912,2689.8,0,1,2925,c0af92,1
RF02541,6nu2,A,1,1381,391.8,1.40E-128,426,2925,c0af92,1
RF02541,6oj2,YA,1,2912,2689.8,0,1,2925,c0af92,1
RF02541,7n31,23,1,2904,2887.4,0,1,2925,c0af92,1
RF02541,8eug,1,1,3327,1201.9,0,156,2925,c0af92,0
RF02541,8rdw,Z2,8,2870,2866,0,1,2925,c0af92,1
RF02541,8ur0,a,1,2904,2889.7,0,1,2925,c0af92,1
RF02541,8y0u,C1,1,3167,1242.6,0,156,2925,c0af92,0
RF02543,4u3n,5,4,3396,3401.6,0,1,3401,c0af92,1
RF02543,5apn,5,4,3396,3334.2,0,1,3401,c0af92,1
RF02543,6nta,YA,148,2901,1152.1,0,1,3401,c0af92,0
RF02543,6nu2,A,747,1472,144.1,1.00E-36,1889,3220,c0af92,0
RF02543,6oj2,YA,148,2901,1152.1,0,1,3401,c0af92,0
RF02543,7n31,23,160,2893,1267.9,0,1,3401,c0af92,0
RF02543,8eug,1,4,3498,3338,0,1,3401,c0af92,1
RF02543,8rdw,Z2,159,2858,1272.3,0,1,3401,c0af92,0
RF02543,8ur0,a,160,2893,1270.5,0,1,3401,c0af92,0
RF02543,8y0u,C1,4,3396,3401.6,0,1,3401,c0af92,1
RF00001,4v8p,E3,1,119,117,1.60E-27,1,119,c0af92,1
RF00001,4v8t,7,1,121,88.8,3.30E-20,1,119,c0af92,1
RF00001,5aa0,AB,5,121,100.7,2.80E-23,1,119,c0af92,1
RF00001,5iqr,3,2,117,77.2,3.20E-17,1,119,c0af92,1
RF00001,5j91,DB,3,118,77.2,3.20E-17,1,119,c0af92,1
RF00001,5vp2,1B,3,119,100.7,2.80E-23,1,119,c0af92,1
RF00001,6ndk,RB,3,119,100.7,2.80E-23,1,119,c0af92,1
RF00001,6ylg,3,1,121,88.8,3.30E-20,1,119,c0af92,1
RF00001,7paj,4,1,108,63.9,7.60E-14,1,119,c0af92,1
RF00001,7qg8,O,3,118,77.2,3.20E-17,1,119,c0af92,1
RF00001,8p17,3,3,118,77.2,3.20E-17,1,119,c0af92,1
RF00001,8pv7,C4,1,119,87.6,6.60E-20,1,118,c0af92,1
RF00001,8wib,B,3,116,77,3.50E-17,1,119,c0af92,1
RF00029,8k0q,A,563,633,41.1,5.10E-07,1,93,c0af92,1
RF02541,3ccv,0,1,2923,1748.4,0,1,2925,c0af92,0
RF02541,4u52,5,1,3167,1242.6,0,156,2925,c0af92,0
RF02541,4u67,X,1,2878,2737.8,0,1,2925,c0af92,1
RF02541,7nwt,1,1,2904,2887.4,0,1,2925,c0af92,1
RF02541,8fze,A,1,2904,2887.4,0,1,2925,c0af92,1
RF02541,8rdv,Z2,8,2870,2863.4,0,1,2925,c0af92,1
RF02543,3ccv,0,132,2915,1468.9,0,1,3401,c0af92,0
RF02543,4u52,5,4,3396,3401.6,0,1,3401,c0af92,1
RF02543,4u67,X,137,2867,1236,0,1,3401,c0af92,0
RF02543,7nwt,1,160,2893,1267.9,0,1,3401,c0af92,0
RF02543,8fze,A,160,2893,1267.9,0,1,3401,c0af92,0
RF02543,8rdv,Z2,159,2858,1269,0,1,3401,c0af92,0
RF00001,3ccm,9,1,121,75.2,1.10E-16,1,119,c0af92,1
RF00001,3cxc,9,1,121,77.4,2.90E-17,1,119,c0af92,1
RF00001,4v4b,B4,4,124,77.4,2.90E-17,1,119,c0af92,1
RF00001,4v6x,A7,1,119,118.9,5.30E-28,1,119,c0af92,1
RF00001,4v9k,DB,3,119,100.7,2.70E-23,1,119,c0af92,1
RF00001,4wqu,AB,3,119,100.7,2.80E-23,1,119,c0af92,1
RF00001,5t62,B,1,121,88.8,3.30E-20,1,119,c0af92,1
RF00001,6fti,v,1,119,118.9,5.30E-28,1,119,c0af92,1
RF00001,6ucq,1B,3,119,100.7,2.80E-23,1,119,c0af92,1
RF00001,7osm,AB,1,121,88.8,3.30E-20,1,119,c0af92,1
RF00001,8fl7,L4,1,119,118.9,5.30E-28,1,119,c0af92,1
RF02541,4tue,YA,1,2912,2689.8,0,1,2925,c0af92,1
RF02541,4v5b,AB,1,2904,2889.8,0,1,2925,c0af92,1
RF02541,4v83,BA,1,2879,2712.2,0,6,2918,c0af92,1
RF02541,5gad,A,1,2903,2882.1,0,1,2925,c0af92,1
RF02541,6hcf,52,1,3417,1013.3,0,159,2925,c0af92,0
RF02541,6xzb,A2,1,2897,2871.6,0,1,2925,c0af92,1
RF02541,6zsb,XA,1,1454,372.4,4.50E-122,426,2925,c0af92,1
RF02541,7n8b,A1,1,2927,1195,0,158,2925,c0af92,0
RF02541,7oie,A,1,1454,372.4,4.50E-122,426,2925,c0af92,1
RF02541,7rq8,2A,1,2912,2689.8,0,1,2925,c0af92,1
RF02541,7ug6,1,1,3167,1242.6,0,156,2925,c0af92,0
RF02541,8fc6,2A,1,2912,2689.8,0,1,2925,c0af92,1
RF02541,8ovj,4,21,183,69.4,1.70E-21,2652,2817,c0af92,0
RF02541,8rxh,L4,21,184,69.5,1.60E-21,2652,2818,c0af92,0
RF02543,4tue,YA,148,2901,1152.1,0,1,3401,c0af92,0
RF02543,4v5b,AB,160,2893,1270.5,0,1,3401,c0af92,0
RF02543,4v83,BA,148,2875,1160.6,0,1,3401,c0af92,0
RF02543,5gad,A,160,2893,1270.5,0,1,3401,c0af92,0
RF02543,6hcf,52,3,3634,2852,0,1,3401,c0af92,1
RF02543,6xzb,A2,160,2887,1266,0,1,3401,c0af92,0
RF02543,7n8b,A1,2,3156,3221.8,0,1,3401,c0af92,1
RF02543,7rq8,2A,148,2901,1152.1,0,1,3401,c0af92,0
RF02543,7ug6,1,4,3396,3401.6,0,1,3401,c0af92,1
RF02543,8fc6,2A,148,2901,1152.1,0,1,3401,c0af92,0
RF02543,8ovj,4,25,180,104.9,7.90E-27,3007,3161,c0af92,1
RF02543,8rxh,L4,25,184,105,7.70E-27,3007,3165,c0af92,1
RF00001,4v87,AB,5,121,100.7,2.80E-23,1,119,c0af92,1
RF00001,4v89,BB,2,117,77.2,3.20E-17,1,119,c0af92,1
RF00001,4wsd,1J,5,121,100.7,2.80E-23,1,119,c0af92,1
RF00001,5j4d,C,3,119,100.7,2.80E-23,1,119,c0af92,1
RF00001,6of6,YB,3,119,100.7,2.80E-23,1,119,c0af92,1
RF00001,6r7q,7,1,119,118.9,5.30E-28,1,119,c0af92,1
RF00001,6xqe,2B,3,119,100.7,2.80E-23,1,119,c0af92,1
RF00001,7as8,B,1,116,88.7,3.40E-20,1,119,c0af92,1
RF00001,8hl3,A5S,4,122,58.7,1.90E-12,1,119,c0af92,1
RF00028,7ycg,N,11,317,117.1,5.20E-31,1,251,c0af92,1
RF02541,3cme,0,1,2923,1747.5,0,1,2925,c0af92,0
RF02541,4u3m,1,1,3167,1242.6,0,156,2925,c0af92,0
RF02541,5hkv,X,1,2923,2979.7,0,1,2925,c0af92,1
RF02541,5kps,28,1,2903,2876.9,0,1,2925,c0af92,1
RF02541,6y0g,L5,1277,4822,598,4.00E-197,1,2923,c0af92,0
RF02541,6y0g,L5,5,420,123.7,3.10E-38,30,555,c0af92,0
RF02541,6ydw,BA,1176,2737,404.1,1.20E-131,1,2925,c0af92,1
RF02541,8cd1,A,1,2888,2908,0,1,2925,c0af92,1
RF02541,8.00E+49,I,1,2904,2887.4,0,1,2925,c0af92,1
RF02541,8fzd,A,1,2904,2887.4,0,1,2925,c0af92,1
RF02541,8vs9,23S,1,2903,2879.9,0,1,2925,c0af92,1
RF02543,3cme,0,132,2915,1473.3,0,1,3401,c0af92,0
RF02543,4u3m,1,4,3396,3401.6,0,1,3401,c0af92,1
RF02543,5hkv,X,164,2912,1321.4,0,1,3401,c0af92,0
RF02543,5kps,28,160,2893,1266.1,0,1,3401,c0af92,0
RF02543,6y0g,L5,3,5069,2379.5,0,1,3401,c0af92,1
RF02543,6ydw,BA,1915,2080,59.5,2.50E-12,2129,2336,c0af92,0
RF02543,6ydw,BA,2141,2541,134.9,3.90E-33,2396,2998,c0af92,0
RF02543,8cd1,A,159,2877,1256.1,0,1,3401,c0af92,0
RF02543,8.00E+49,I,160,2893,1267.9,0,1,3401,c0af92,0
RF02543,8fzd,A,160,2893,1267.9,0,1,3401,c0af92,0
RF02543,8vs9,23S,160,2893,1269,0,1,3401,c0af92,0
RF00001,5d8b,AD,4,120,100.7,2.80E-23,1,119,c0af92,1
RF00001,7ac7,3,3,118,77.2,3.20E-17,1,119,c0af92,1
RF00001,7qh4,B,1,116,88.7,3.40E-20,1,119,c0af92,1
RF00001,8flc,L4,1,119,118.9,5.30E-28,1,119,c0af92,1
RF00001,8hl4,A5S,4,122,58.7,1.90E-12,1,119,c0af92,1
RF00001,8pv6,C4,1,119,87.6,6.60E-20,1,118,c0af92,1
RF00028,7yg9,N,11,317,117.1,5.20E-31,1,251,c0af92,1
RF02541,1hc8,C,1,58,58.2,3.10E-18,1093,1150,c0af92,1
RF02541,1s72,0,2,2920,1740.4,0,1,2925,c0af92,0
RF02541,4wsm,1H,1,2914,2708.4,0,1,2925,c0af92,1
RF02541,5ngm,AA,1,2923,2986.7,0,1,2925,c0af92,1
RF02541,6y57,L5,1277,4822,598,4.00E-197,1,2923,c0af92,0
RF02541,6y57,L5,5,420,123.7,3.10E-38,30,555,c0af92,0
RF02541,7of2,A,1,1454,372.4,4.50E-122,426,2925,c0af92,1
RF02541,8any,A,1,1454,372.4,4.50E-122,426,2925,c0af92,1
RF02541,8i9w,C1,1,3150,1260.1,0,156,2925,c0af92,0
RF02543,1s72,0,131,2914,1469.1,0,1,3401,c0af92,0
RF02543,4wsm,1H,153,2903,1154.9,0,1,3401,c0af92,0
RF02543,5ngm,AA,164,2912,1326.6,0,1,3401,c0af92,0
RF02543,6y57,L5,3,5069,2379.5,0,1,3401,c0af92,1
RF02543,8i9w,C1,4,3338,3387.9,0,1,3401,c0af92,1
RF00001,1k8a,B,1,121,77.4,2.90E-17,1,119,c0af92,1
RF00001,3ccr,9,1,121,75.2,1.10E-16,1,119,c0af92,1
RF00001,3g6e,9,1,121,75.2,1.10E-16,1,119,c0af92,1
RF00001,4v6p,BA,3,118,77.2,3.20E-17,1,119,c0af92,1
RF00001,4v8a,BB,3,119,100.7,2.80E-23,1,119,c0af92,1
RF00001,4v9a,BB,5,121,100.7,2.80E-23,1,119,c0af92,1
RF00001,4v9o,CB,3,118,77.2,3.20E-17,1,119,c0af92,1
RF00001,5v93,B,2,114,77.4,2.70E-17,1,119,c0af92,1
RF00001,5wit,2B,3,119,100.7,2.80E-23,1,119,c0af92,1
RF00001,6c5l,DB,3,119,100.7,2.80E-23,1,119,c0af92,1
RF00001,6pcr,J,2,117,77.2,3.20E-17,1,119,c0af92,1
RF00001,6tbv,05S1,3,118,77.2,3.20E-17,1,119,c0af92,1
RF00001,7f0d,B,2,114,77.4,2.70E-17,1,119,c0af92,1
RF00001,7lvk,J,3,118,77.2,3.20E-17,1,119,c0af92,1
RF00001,7rqa,1B,3,119,100.7,2.80E-23,1,119,c0af92,1
RF00001,8cvj,1B,3,119,100.7,2.80E-23,1,119,c0af92,1
RF00001,8cvl,1B,3,119,100.7,2.80E-23,1,119,c0af92,1
RF00001,8ffz,I,51,171,88.8,4.60E-20,1,119,c0af92,1
RF00001,8q87,B7,1,119,116.7,1.90E-27,1,119,c0af92,1
RF02541,4v5m,BA,1,2913,2699.6,0,1,2925,c0af92,1
RF02541,5aj0,A2,1248,4805,584.3,1.60E-192,1,2923,c0af92,0
RF02541,5aj0,A2,5,414,132.4,3.70E-41,30,555,c0af92,0
RF02541,5j4b,1A,1,2912,2689.8,0,1,2925,c0af92,1
RF02541,6gzx,A1,1,2912,2697.7,0,1,2923,c0af92,1
RF02541,6r86,1,1,3031,1249.8,0,158,2925,c0af92,0
RF02541,6vyu,a,1,2904,2889.7,0,1,2925,c0af92,1
RF02541,7pi8,3,3,2907,2658.1,0,1,2925,c0af92,1
RF02541,7zw0,LA,1,3167,1242.6,0,156,2925,c0af92,0
RF02543,4v5m,BA,149,2902,1152.1,0,1,3401,c0af92,0
RF02543,5aj0,A2,3,5028,2390.4,0,1,3401,c0af92,1
RF02543,5j4b,1A,148,2901,1152.1,0,1,3401,c0af92,0
RF02543,6gzx,A1,153,2903,1154.9,0,1,3401,c0af92,0
RF02543,6r86,1,2,3260,3365.7,0,1,3401,c0af92,1
RF02543,6vyu,a,160,2893,1270.5,0,1,3401,c0af92,0
RF02543,7pi8,3,167,2896,1188.2,0,1,3401,c0af92,0
RF02543,7zw0,LA,4,3396,3401.6,0,1,3401,c0af92,1
RF00001,4l71,YB,3,119,100.7,2.80E-23,1,119,c0af92,1
RF00001,5dgv,7,1,121,88.8,3.30E-20,1,119,c0af92,1
RF00001,5j8a,CB,3,118,77.2,3.20E-17,1,119,c0af92,1
RF00001,5wfk,B,3,118,77.2,3.20E-17,1,119,c0af92,1
RF00001,6gc0,B,3,118,77.2,3.20E-17,1,119,c0af92,1
RF00001,6gz4,A4,1,119,118.9,5.20E-28,1,119,c0af92,1
RF00001,7aso,C,1,114,60.1,8.00E-13,1,119,c0af92,1
RF00001,7n30,5,3,118,77.2,3.20E-17,1,119,c0af92,1
RF00001,7xam,B,3,116,77,3.50E-17,1,119,c0af92,1
RF00001,8bge,1,3,118,77.2,3.20E-17,1,119,c0af92,1
RF00001,8c8y,B,3,118,77.2,3.20E-17,1,119,c0af92,1
RF00001,8e3l,J,2,117,77.2,3.20E-17,1,119,c0af92,1
RF00028,2rkj,K,1,209,80.2,1.30E-20,21,251,c0af92,1
RF02541,4v8g,DA,1,2912,2689.8,0,1,2925,c0af92,1
RF02541,4zer,1A,1,2912,2689.8,0,1,2925,c0af92,1
RF02541,5ib8,1H,1,2914,2708.4,0,1,2925,c0af92,1
RF02541,6bok,EB,1,2880,2709.2,0,6,2918,c0af92,1
RF02541,6cfk,1A,1,2912,2689.8,0,1,2925,c0af92,1
RF02541,7azo,23SB,1,2911,2695,0,1,2925,c0af92,1
RF02541,7pio,3,3,2907,2658.1,0,1,2925,c0af92,1
RF02541,7qi5,A,1,1454,372.4,4.50E-122,426,2925,c0af92,1
RF02541,8ewb,A1,1,3131,1242.5,0,158,2925,c0af92,0
RF02541,8rcm,71,1,2904,2885,0,1,2925,c0af92,1
RF02543,4v8g,DA,148,2901,1152.1,0,1,3401,c0af92,0
RF02543,4zer,1A,148,2901,1152.1,0,1,3401,c0af92,0
RF02543,5ib8,1H,153,2903,1154.9,0,1,3401,c0af92,0
RF02543,6bok,EB,146,2876,1162,0,1,3401,c0af92,0
RF02543,6cfk,1A,148,2901,1152.1,0,1,3401,c0af92,0
RF02543,7azo,23SB,152,2902,1154.9,0,1,3401,c0af92,0
RF02543,7pio,3,167,2896,1188.2,0,1,3401,c0af92,0
RF02543,8ewb,A1,2,3360,3395.8,0,1,3401,c0af92,1
RF02543,8rcm,71,160,2893,1267.9,0,1,3401,c0af92,0
RF02679,6ufj,C,1,51,39.2,1.40E-07,1,70,c0af92,1
RF00001,4v5j,BB,3,119,100.7,2.80E-23,1,119,c0af92,1
RF00001,4v6l,BA,3,118,77.2,3.20E-17,1,119,c0af92,1
RF00001,4v9i,BB,3,119,100.7,2.70E-23,1,119,c0af92,1
RF00001,4wzd,16,5,121,100.7,2.80E-23,1,119,c0af92,1
RF00001,5ndv,3,1,121,88.8,3.30E-20,1,119,c0af92,1
RF00001,7n2c,5,3,118,77.2,3.20E-17,1,119,c0af92,1
RF00001,7rq9,2B,3,119,100.7,2.80E-23,1,119,c0af92,1
RF00001,8g2c,1B,3,119,100.7,2.80E-23,1,119,c0af92,1
RF00001,8g7p,B,3,118,74.8,1.40E-16,1,119,c0af92,1
RF02541,1nwy,0,1,2878,2737.8,0,1,2925,c0af92,1
RF02541,4v6r,BB,1,2904,2887.4,0,1,2925,c0af92,1
RF02541,4v76,BA,1,2903,2882.1,0,1,2925,c0af92,1
RF02541,5mdw,1,1,2904,2887.4,0,1,2925,c0af92,1
RF02541,6d90,5,1,3377,1012.7,0,159,2925,c0af92,0
RF02541,6ope,YA,1,2912,2689.8,0,1,2925,c0af92,1
RF02541,7obr,5,1,3272,899.5,2.80E-298,159,2925,c0af92,0
RF02541,7qiw,2,1,3177,1175.8,0,160,2925,c0af92,0
RF02541,7ss9,1,1,2903,2879.9,0,1,2925,c0af92,1
RF02541,8xt3,L1,1,1454,372.4,4.50E-122,426,2925,c0af92,1
RF02543,1nwy,0,137,2867,1236,0,1,3401,c0af92,0
RF02543,4v6r,BB,160,2893,1267.9,0,1,3401,c0af92,0
RF02543,4v76,BA,160,2893,1270.5,0,1,3401,c0af92,0
RF02543,5mdw,1,160,2893,1267.9,0,1,3401,c0af92,0
RF02543,6d90,5,3,3594,2852.8,0,1,3401,c0af92,1
RF02543,6ope,YA,148,2901,1152.1,0,1,3401,c0af92,0
RF02543,7obr,5,3,3493,2660.4,0,1,3401,c0af92,1
RF02543,7qiw,2,2,3391,3364.1,0,1,3401,c0af92,1
RF02543,7ss9,1,160,2893,1269,0,1,3401,c0af92,0
RF00001,4v7a,BB,2,117,77.2,3.20E-17,1,119,c0af92,1
RF00001,4wro,16,5,121,100.7,2.80E-23,1,119,c0af92,1
RF00001,5dox,1B,3,119,100.7,2.80E-23,1,119,c0af92,1
RF00001,5j7l,DB,3,118,77.2,3.20E-17,1,119,c0af92,1
RF00001,6fxc,BB,1,115,75,1.10E-16,1,119,c0af92,1
RF00001,6ope,RB,3,119,100.7,2.80E-23,1,119,c0af92,1
RF00001,7lh5,BB,3,119,100.7,2.80E-23,1,119,c0af92,1
RF00001,7pi9,4,1,108,63.9,7.60E-14,1,119,c0af92,1
RF00001,8.00E+43,J,2,117,77.2,3.20E-17,1,119,c0af92,1
RF00001,8r3v,82,3,118,77.2,3.20E-17,1,119,c0af92,1
RF00001,8rdw,D8,1,115,80.7,3.90E-18,1,119,c0af92,1
RF00169,2xxa,F,4,102,67.6,2.30E-16,1,97,c0af92,1
RF00028,2rkj,C,1,209,80.2,1.30E-20,21,251,c0af92,1
RF02541,4v7x,DA,1,2784,2566.8,0,1,2925,c0af92,1
RF02541,5j88,DA,1,2904,2883.8,0,1,2925,c0af92,1
RF02541,5umd,A,1,3553,986,0,157,2925,c0af92,0
RF02541,6v3b,AN1,8,2900,2895.4,0,1,2925,c0af92,1
RF02541,7olc,1,1,3151,1258.3,0,155,2925,c0af92,0
RF02541,7r81,A1,1,3324,1260.5,0,156,2925,c0af92,0
RF02541,8fru,1,1,2578,614.7,5.40E-203,32,2925,c0af92,0
RF02543,4v7x,DA,147,2773,1086.7,1.50E-296,1,3401,c0af92,0
RF02543,5j88,DA,160,2893,1263.1,0,1,3401,c0af92,0
RF02543,5umd,A,4,3788,2656.6,0,1,3401,c0af92,1
RF02543,6v3b,AN1,167,2888,1272.4,0,1,3401,c0af92,0
RF02543,7olc,1,5,3337,3383.2,0,1,3401,c0af92,1
RF02543,7r81,A1,4,3338,3378.4,0,1,3401,c0af92,1
RF02543,8fru,1,24,2562,1340.8,0,23,3401,c0af92,1
RF02679,6uey,C,1,50,37,4.60E-07,1,70,c0af92,1
RF00001,3cme,9,1,121,75.2,1.10E-16,1,119,c0af92,1
RF00001,4u4z,3,1,121,88.8,3.30E-20,1,119,c0af92,1
RF00001,4v5g,DB,5,121,100.7,2.80E-23,1,119,c0af92,1
RF00001,5tgm,7,1,121,88.8,3.30E-20,1,119,c0af92,1
RF00001,5umd,B,1,119,111.7,3.90E-26,1,119,c0af92,1
RF00001,6cae,1B,3,119,100.7,2.80E-23,1,119,c0af92,1
RF00001,6frk,7,1,119,118.9,5.30E-28,1,119,c0af92,1
RF00001,6m62,3,1,121,88.8,3.30E-20,1,119,c0af92,1
RF00001,8c3a,AT,1,121,78.2,1.70E-17,1,119,c0af92,1
RF00001,8fla,L4,1,119,118.9,5.30E-28,1,119,c0af92,1
RF00001,8pv8,C4,1,119,87.6,6.60E-20,1,118,c0af92,1
RF00028,8hd7,N,32,338,111,3.10E-29,1,251,c0af92,1
RF02541,4v9h,BA,1,2913,2699.6,0,1,2925,c0af92,1
RF02541,5w4k,2A,1,2912,2689.8,0,1,2925,c0af92,1
RF02541,6tnn,U,3,2930,3013.6,0,1,2925,c0af92,1
RF02541,6vz7,a,1,2903,2879.7,0,1,2925,c0af92,1
RF02541,6xhx,1A,1,2912,2689.8,0,1,2925,c0af92,1
RF02541,8fom,RA,1,2912,2689.8,0,1,2925,c0af92,1
RF02541,8p8m,A,1,3167,1242.6,0,156,2925,c0af92,0
RF02541,8vsa,23S,1,2903,2879.9,0,1,2925,c0af92,1
RF02543,4v9h,BA,149,2902,1152.1,0,1,3401,c0af92,0
RF02543,5w4k,2A,148,2901,1152.1,0,1,3401,c0af92,0
RF02543,6tnn,U,165,2919,1278,0,1,3401,c0af92,0
RF02543,6vz7,a,160,2893,1267.9,0,1,3401,c0af92,0
RF02543,6xhx,1A,148,2901,1152.1,0,1,3401,c0af92,0
RF02543,7naf,1,1,378,65.3,1.40E-15,1772,3151,c0af92,1
RF02543,8fom,RA,148,2901,1152.1,0,1,3401,c0af92,0
RF02543,8p8m,A,4,3396,3399.1,0,1,3401,c0af92,1
RF02543,8vsa,23S,160,2893,1269,0,1,3401,c0af92,0
RF00001,4u4q,7,1,121,88.8,3.30E-20,1,119,c0af92,1
RF00001,4u4z,7,1,121,88.8,3.30E-20,1,119,c0af92,1
RF00001,4v48,A9,3,118,77.2,3.20E-17,1,119,c0af92,1
RF00001,4v7y,BB,3,119,100.7,2.80E-23,1,119,c0af92,1
RF00001,4v84,BB,3,119,100.7,2.70E-23,1,119,c0af92,1
RF00001,5vpo,RB,3,119,100.7,2.80E-23,1,119,c0af92,1
RF00001,6nd5,1B,3,119,100.7,2.80E-23,1,119,c0af92,1
RF00001,7bl4,B,3,118,77.2,3.20E-17,1,119,c0af92,1
RF00001,8ewb,A3,1,121,88.8,3.30E-20,1,119,c0af92,1
RF00001,8hkz,A5S,4,122,58.7,1.90E-12,1,119,c0af92,1
RF00001,8uu7,B,1,116,87,9.20E-20,1,119,c0af92,1
RF02541,4p70,RA,1,2913,2699.6,0,1,2925,c0af92,1
RF02541,4u4y,1,1,3167,1242.6,0,156,2925,c0af92,0
RF02541,6gxp,A,1,2903,2876.9,0,1,2925,c0af92,1
RF02541,6of1,1A,1,2912,2689.8,0,1,2925,c0af92,1
RF02541,6ydw,AA,1176,2737,404.1,1.20E-131,1,2925,c0af92,1
RF02541,7azo,23SA,1,2911,2695,0,1,2925,c0af92,1
RF02541,7p6z,3,3,2907,2658.1,0,1,2925,c0af92,1
RF02541,8bhn,0,1,2904,2889.8,0,1,2925,c0af92,1
RF02541,8e3m,I,1,2904,2887.4,0,1,2925,c0af92,1
RF02541,8g31,B,1,2903,2882.1,0,1,2925,c0af92,1
RF02541,9bdp,A28S,1,3384,1017.7,0,159,2925,c0af92,0
RF02543,4p70,RA,149,2902,1152.1,0,1,3401,c0af92,0
RF02543,4u4y,1,4,3396,3401.6,0,1,3401,c0af92,1
RF02543,6gxp,A,160,2893,1266.1,0,1,3401,c0af92,0
RF02543,6of1,1A,148,2901,1152.1,0,1,3401,c0af92,0
RF02543,6ydw,AA,1915,2080,59.5,2.50E-12,2129,2336,c0af92,0
RF02543,6ydw,AA,2141,2541,134.9,3.90E-33,2396,2998,c0af92,0
RF02543,7azo,23SA,152,2902,1154.9,0,1,3401,c0af92,0
RF02543,7p6z,3,167,2896,1188.2,0,1,3401,c0af92,0
RF02543,8bhn,0,160,2893,1270.5,0,1,3401,c0af92,0
RF02543,8e3m,I,160,2893,1267.9,0,1,3401,c0af92,0
RF02543,8g31,B,160,2893,1270.5,0,1,3401,c0af92,0
RF02543,9bdp,A28S,3,3601,2855.6,0,1,3401,c0af92,1
RF00001,4tue,YB,3,119,100.7,2.80E-23,1,119,c0af92,1
RF00001,4v51,BB,3,119,100.7,2.80E-23,1,119,c0af92,1
RF00001,4v9a,DB,5,121,100.7,2.80E-23,1,119,c0af92,1
RF00001,4wu1,16,5,121,100.7,2.80E-23,1,119,c0af92,1
RF00001,5on6,AS,1,121,88.8,3.30E-20,1,119,c0af92,1
RF00001,6t83,4b,1,121,88.8,3.30E-20,1,119,c0af92,1
RF00001,7pic,4,1,108,63.9,7.60E-14,1,119,c0af92,1
RF00001,8cf5,BB,1,121,88.8,3.30E-20,1,119,c0af92,1
RF02541,4u4r,5,1,3167,1242.6,0,156,2925,c0af92,0
RF02541,4v9a,DA,1,2912,2697.7,0,1,2923,c0af92,1
RF02541,4v9o,EA,1,2904,2889.8,0,1,2925,c0af92,1
RF02541,4wqr,1H,1,2914,2708.4,0,1,2925,c0af92,1
RF02541,5hd1,2A,1,2912,2689.8,0,1,2925,c0af92,1
RF02541,6bz6,YA,1,2912,2689.8,0,1,2925,c0af92,1
RF02541,6z6k,C1,1,3167,1242.6,0,156,2925,c0af92,0
RF02541,7k55,1,1,2903,2879.9,0,1,2925,c0af92,1
RF02541,8a3d,A,1434,4837,557.2,1.90E-183,15,2913,c0af92,0
RF02541,8a3d,A,5,420,123.7,3.10E-38,30,555,c0af92,0
RF02541,8uu7,A,1,2932,2946.5,0,1,2925,c0af92,1
RF02543,4u4r,5,4,3396,3401.6,0,1,3401,c0af92,1
RF02543,4v9a,DA,153,2903,1154.9,0,1,3401,c0af92,0
RF02543,4v9o,EA,160,2893,1270.5,0,1,3401,c0af92,0
RF02543,4wqr,1H,153,2903,1154.9,0,1,3401,c0af92,0
RF02543,5hd1,2A,148,2901,1152.1,0,1,3401,c0af92,0
RF02543,6bz6,YA,148,2901,1152.1,0,1,3401,c0af92,0
RF02543,6z6k,C1,4,3396,3401.6,0,1,3401,c0af92,1
RF02543,7k55,1,160,2893,1269,0,1,3401,c0af92,0
RF02543,8a3d,A,3,5069,2380.5,0,1,3401,c0af92,1
RF02543,8gh6,T,1,70,77.7,1.00E-19,2233,2302,c0af92,1
RF02543,8uu7,A,162,2921,1244.8,0,1,3401,c0af92,0
RF00001,2otj,9,1,121,77.4,2.90E-17,1,119,c0af92,1
RF00001,4v6v,Ba,3,118,77.2,3.20E-17,1,119,c0af92,1
RF00001,5czp,RB,3,119,100.7,2.80E-23,1,119,c0af92,1
RF00001,5it8,DB,3,118,77.2,3.20E-17,1,119,c0af92,1
RF00001,7nhm,B,1,115,75,1.10E-16,1,119,c0af92,1
RF00001,7nrd,LB,1,121,88.8,3.30E-20,1,119,c0af92,1
RF00001,8kab,B,3,116,77,3.50E-17,1,119,c0af92,1
RF00001,8p18,3,3,118,77.2,3.20E-17,1,119,c0af92,1
RF00001,8wi7,B,3,116,77,3.50E-17,1,119,c0af92,1
RF02541,3j0q,2,1,112,55,7.10E-17,1861,1988,c0af92,0
RF02541,3j77,2S,1,3166,1242.8,0,156,2925,c0af92,0
RF02541,4tud,YA,1,2912,2689.8,0,1,2925,c0af92,1
RF02541,4v4n,A1,2,3049,1957.4,0,1,2925,c0af92,0
RF02541,4wfa,X,1,2923,2979.7,0,1,2925,c0af92,1
RF02541,5dgv,5,1,3167,1242.6,0,156,2925,c0af92,0
RF02541,6zu1,BA,1,2904,2886.7,0,1,2925,c0af92,1
RF02541,8fla,L3,1277,4822,597.9,4.50E-197,1,2923,c0af92,0
RF02541,8fla,L3,5,420,123.7,3.10E-38,30,555,c0af92,0
RF02541,8t8b,2A,1,2912,2689.8,0,1,2925,c0af92,1
RF02543,3j0q,2,1,112,149.1,3.10E-39,2200,2311,c0af92,1
RF02543,3j77,2S,4,3395,3401.9,0,1,3401,c0af92,1
RF02543,4tud,YA,148,2901,1152.1,0,1,3401,c0af92,0
RF02543,4v4n,A1,149,3039,1616,0,1,3401,c0af92,0
RF02543,4wfa,X,164,2912,1321.4,0,1,3401,c0af92,0
RF02543,5dgv,5,4,3396,3401.6,0,1,3401,c0af92,1
RF02543,6zu1,BA,160,2891,1267.3,0,1,3401,c0af92,0
RF02543,8fla,L3,3,5069,2379.3,0,1,3401,c0af92,1
RF02543,8t8b,2A,148,2901,1152.1,0,1,3401,c0af92,0
RF00001,3jcd,B,3,118,77.2,3.20E-17,1,119,c0af92,1
RF00001,3jce,B,3,118,77.2,3.20E-17,1,119,c0af92,1
RF00001,4u52,7,1,121,88.8,3.30E-20,1,119,c0af92,1
RF00001,4v5f,BB,5,121,100.7,2.80E-23,1,119,c0af92,1
RF00001,4v5r,DB,5,121,100.7,2.80E-23,1,119,c0af92,1
RF00001,4v97,DB,3,119,100.7,2.80E-23,1,119,c0af92,1
RF00001,5fdv,1B,3,119,100.7,2.80E-23,1,119,c0af92,1
RF00001,5uq8,B,3,119,100.7,2.80E-23,1,119,c0af92,1
RF00001,6xqe,1B,3,119,100.7,2.80E-23,1,119,c0af92,1
RF00001,8ohd,7,1,119,118.9,5.30E-28,1,119,c0af92,1
RF00169,7o5b,W,116,215,76,2.10E-18,1,97,c0af92,0
RF02541,1ffk,0,2,2920,1740.4,0,1,2925,c0af92,0
RF02541,1jzz,A,1,2878,2737.8,0,1,2925,c0af92,1
RF02541,1p9x,0,1,2878,2737.8,0,1,2925,c0af92,1
RF02541,4io9,X,1,2878,2737.8,0,1,2925,c0af92,1
RF02541,4v8t,5,1,3167,1242.6,0,156,2925,c0af92,0
RF02541,5v8i,2A,1,2891,2735.8,0,1,2925,c0af92,1
RF02541,6gwt,A,1,2903,2876.9,0,1,2925,c0af92,1
RF02541,6pc7,I,1,2904,2887.4,0,1,2925,c0af92,1
RF02541,6z6l,L5,1277,4822,597.9,4.50E-197,1,2923,c0af92,0
RF02541,6z6l,L5,5,420,123.7,3.10E-38,30,555,c0af92,0
RF02541,7pia,3,3,2907,2658.1,0,1,2925,c0af92,1
RF02541,8p60,L50,1,2587,1116,0,1,2925,c0af92,0
RF02543,1ffk,0,131,2914,1469.1,0,1,3401,c0af92,0
RF02543,1jzz,A,137,2867,1236,0,1,3401,c0af92,0
RF02543,1p9x,0,137,2867,1236,0,1,3401,c0af92,0
RF02543,4io9,X,137,2867,1236,0,1,3401,c0af92,0
RF02543,4v8t,5,4,3396,3401.6,0,1,3401,c0af92,1
RF02543,5v8i,2A,153,2880,1160.6,0,1,3401,c0af92,0
RF02543,6gwt,A,160,2893,1266.1,0,1,3401,c0af92,0
RF02543,6pc7,I,160,2893,1267.9,0,1,3401,c0af92,0
RF02543,6z6l,L5,3,5069,2379.3,0,1,3401,c0af92,1
RF02543,7pia,3,167,2896,1188.2,0,1,3401,c0af92,0
RF02543,8p60,L50,96,2613,1664,0,1,3401,c0af92,1
RF00001,1q81,B,1,121,77.4,2.90E-17,1,119,c0af92,1
RF00001,2zjr,Y,5,121,71.6,9.10E-16,1,119,c0af92,1
RF00001,3i55,9,1,121,75.2,1.10E-16,1,119,c0af92,1
RF00001,5dm6,Y,4,120,71.6,9.00E-16,1,119,c0af92,1
RF00001,5hkv,Y,1,114,60.1,8.00E-13,1,119,c0af92,1
RF00001,5lza,B,3,118,77.2,3.20E-17,1,119,c0af92,1
RF00001,5uyp,2,3,118,77.2,3.20E-17,1,119,c0af92,1
RF00001,5vpo,YB,3,119,100.7,2.80E-23,1,119,c0af92,1
RF00001,5vpp,YB,3,119,100.7,2.80E-23,1,119,c0af92,1
RF00001,6hcf,72,1,119,118.9,5.30E-28,1,119,c0af92,1
RF00001,6ofx,2,3,118,77.2,3.20E-17,1,119,c0af92,1
RF00001,6oj2,YB,3,119,100.7,2.80E-23,1,119,c0af92,1
RF00001,8ana,b,3,118,77.2,3.20E-17,1,119,c0af92,1
RF00001,8e3o,J,2,117,77.2,3.20E-17,1,119,c0af92,1
RF00001,8evt,A3,1,121,88.8,3.30E-20,1,119,c0af92,1
RF00001,8w51,B,2,117,77.2,3.20E-17,1,119,c0af92,1
RF02541,4v7l,BA,1,2912,2689.8,0,1,2925,c0af92,1
RF02541,4wsd,1H,1,2914,2708.4,0,1,2925,c0af92,1
RF02541,4z3s,1A,1,2912,2689.8,0,1,2925,c0af92,1
RF02541,5dfe,YA,1,2912,2689.8,0,1,2925,c0af92,1
RF02541,5ib7,1H,1,2914,2708.4,0,1,2925,c0af92,1
RF02541,7mt3,A,1,3138,2762.8,0,1,2925,c0af92,1
RF02541,7y7e,a,1,2904,2887.4,0,1,2925,c0af92,1
RF02541,7zq5,b,1,2904,2875,0,1,2925,c0af92,1
RF02541,8t8b,1A,1,2912,2689.8,0,1,2925,c0af92,1
RF02541,9c4g,a,3,3083,2575.2,0,1,2925,c0af92,1
RF02543,4v7l,BA,148,2901,1152.1,0,1,3401,c0af92,0
RF02543,4wsd,1H,153,2903,1154.9,0,1,3401,c0af92,0
RF02543,4z3s,1A,148,2901,1152.1,0,1,3401,c0af92,0
RF02543,5dfe,YA,148,2901,1152.1,0,1,3401,c0af92,0
RF02543,5ib7,1H,153,2903,1154.9,0,1,3401,c0af92,0
RF02543,7mt3,A,162,3127,1211.7,0,1,3401,c0af92,0
RF02543,7y7e,a,160,2893,1267.9,0,1,3401,c0af92,0
RF02543,7zq5,b,160,2893,1257.9,0,1,3401,c0af92,0
RF02543,8t8b,1A,148,2901,1152.1,0,1,3401,c0af92,0
RF02543,9c4g,a,167,3072,1112.3,0,1,3401,c0af92,0
RF00001,3j7p,7,1,119,118.9,5.30E-28,1,119,c0af92,1
RF00001,4u53,3,1,121,88.8,3.30E-20,1,119,c0af92,1
RF00001,4v68,BB,3,119,100.7,2.70E-23,1,119,c0af92,1
RF00001,5uyq,2,3,118,77.2,3.20E-17,1,119,c0af92,1
RF00001,6nta,YB,3,119,100.7,2.80E-23,1,119,c0af92,1
RF00001,7msz,B,2,114,77.4,2.70E-17,1,119,c0af92,1
RF00001,8ewc,A3,1,121,88.8,3.30E-20,1,119,c0af92,1
RF00001,8fom,YB,3,119,100.7,2.80E-23,1,119,c0af92,1
RF02541,4u4z,1,1,3167,1242.6,0,156,2925,c0af92,0
RF02541,4v9i,DA,1,2913,2695.1,0,1,2925,c0af92,1
RF02541,4wra,14,1,2916,2701.3,0,1,2925,c0af92,1
RF02541,5f8k,1A,1,2912,2689.8,0,1,2925,c0af92,1
RF02541,5ju8,BA,1,2903,2882.1,0,1,2925,c0af92,1
RF02541,5t5h,A,1,1278,340.2,2.30E-111,161,1512,c0af92,0
RF02541,6sj6,A,1,2923,2986.2,0,1,2925,c0af92,1
RF02541,7ohu,1,1,3167,1242.6,0,156,2925,c0af92,0
RF02541,8bqx,BQ,1,3072,1209.1,0,158,2925,c0af92,0
RF02541,8g7p,A,1,2904,2887.4,0,1,2925,c0af92,1
RF02541,8ud6,2A,1,2912,2689.8,0,1,2925,c0af92,1
RF02541,8vty,2A,1,2912,2689.8,0,1,2925,c0af92,1
RF02543,4u4z,1,4,3396,3401.6,0,1,3401,c0af92,1
RF02543,4v9i,DA,149,2902,1149.5,0,1,3401,c0af92,0
RF02543,4wra,14,153,2905,1144.8,0,1,3401,c0af92,0
RF02543,5f8k,1A,148,2901,1152.1,0,1,3401,c0af92,0
RF02543,5ju8,BA,160,2893,1270.5,0,1,3401,c0af92,0
RF02543,5t5h,A,1,1278,712.4,1.30E-193,1,1635,c0af92,1
RF02543,6sj6,A,164,2912,1326.7,0,1,3401,c0af92,0
RF02543,7ohu,1,4,3396,3401.6,0,1,3401,c0af92,1
RF02543,8bqx,BQ,2,3301,3328.3,0,1,3401,c0af92,1
RF02543,8g7p,A,160,2893,1267.9,0,1,3401,c0af92,0
RF02543,8ud6,2A,148,2901,1152.1,0,1,3401,c0af92,0
RF02543,8vty,2A,148,2901,1152.1,0,1,3401,c0af92,0
RF00001,4v4v,B9,1,108,61.7,2.90E-13,4,115,c0af92,1
RF00001,4v7e,Ab,1,119,120.7,1.80E-28,1,119,c0af92,1
RF00001,4wce,Y,1,114,60.1,8.00E-13,1,119,c0af92,1
RF00001,6bok,C,3,119,100.7,2.80E-23,1,119,c0af92,1
RF00001,6c4i,B,3,118,77.2,3.20E-17,1,119,c0af92,1
RF00001,6eri,Ax,2,118,52.2,9.30E-11,1,119,c0af92,1
RF00001,6of1,2B,3,119,100.7,2.80E-23,1,119,c0af92,1
RF00001,6sgc,74,1,119,118.9,5.30E-28,1,119,c0af92,1
RF00001,7azy,F,1,121,88.8,3.30E-20,1,119,c0af92,1
RF00001,7bl5,B,3,118,77.2,3.20E-17,1,119,c0af92,1
RF00001,7pak,4,1,108,63.9,7.60E-14,1,119,c0af92,1
RF00001,8bhp,1,3,118,77.2,3.20E-17,1,119,c0af92,1
RF00169,2xkv,B,15,97,51.6,1.00E-11,1,97,c0af92,1
RF02541,1vq9,0,2,2920,1740.4,0,1,2925,c0af92,0
RF02541,2zjq,X,1,2878,2737.8,0,1,2925,c0af92,1
RF02541,3j46,4,2,109,78.7,8.20E-25,2118,2225,c0af92,1
RF02541,4v6c,DA,1,2903,2882.1,0,1,2925,c0af92,1
RF02541,4wf9,X,1,2923,2979.7,0,1,2925,c0af92,1
RF02541,6wdh,1,1,2903,2879.9,0,1,2925,c0af92,1
RF02541,7acr,1,1,2903,2879.7,0,1,2925,c0af92,1
RF02541,7cpu,L5,1071,4731,658.5,2.10E-217,1,2913,c0af92,0
RF02541,7cpu,L5,5,419,134.4,7.60E-42,30,555,c0af92,0
RF02541,7of7,A,1,1454,372.4,4.50E-122,426,2925,c0af92,1
RF02541,7sfr,A,1,3138,2762.8,0,1,2925,c0af92,1
RF02543,1vq9,0,131,2914,1469.1,0,1,3401,c0af92,0
RF02543,2zjq,X,137,2867,1236,0,1,3401,c0af92,0
RF02543,4v6c,DA,160,2893,1270.5,0,1,3401,c0af92,0
RF02543,4wf9,X,164,2912,1321.4,0,1,3401,c0af92,0
RF02543,6wdh,1,160,2893,1269,0,1,3401,c0af92,0
RF02543,7acr,1,160,2893,1267.9,0,1,3401,c0af92,0
RF02543,7cpu,L5,3,4717,2583.4,0,1,3401,c0af92,1
RF02543,7sfr,A,162,3127,1211.7,0,1,3401,c0af92,0
RF00001,4v54,DA,3,118,77.2,3.20E-17,1,119,c0af92,1
RF00001,5hcq,1B,3,119,100.7,2.80E-23,1,119,c0af92,1
RF00001,5ndw,7,1,121,88.8,3.30E-20,1,119,c0af92,1
RF00001,6hhq,3,1,121,88.8,3.30E-20,1,119,c0af92,1
RF00001,6n8l,2,1,121,88.8,3.30E-20,1,119,c0af92,1
RF00001,6nuo,YB,3,119,100.7,2.80E-23,1,119,c0af92,1
RF00001,6wdf,2,3,118,77.2,3.20E-17,1,119,c0af92,1
RF00001,6xz7,B,3,118,77.2,3.20E-17,1,119,c0af92,1
RF00001,8uu9,B,1,116,87,9.20E-20,1,119,c0af92,1
RF00029,8k0s,A,567,637,41.1,5.10E-07,1,93,c0af92,1
RF02541,3j7o,5,1,3443,934.4,0,159,2925,c0af92,0
RF02541,4v66,BB,1,2903,2882.1,0,1,2925,c0af92,1
RF02541,5jc9,DA,1,2904,2883.8,0,1,2925,c0af92,1
RF02541,6hrm,1,1507,4403,2815,0,1,2925,c0af92,1
RF02541,6of1,2A,1,2912,2689.8,0,1,2925,c0af92,1
RF02541,6ucq,2A,1,2912,2689.8,0,1,2925,c0af92,1
RF02541,7s1h,I,1,2904,2887.4,0,1,2925,c0af92,1
RF02541,7ug7,23,1,2904,2887.4,0,1,2925,c0af92,1
RF02541,8apn,A8,1,350,167.5,4.50E-54,2439,2767,c0af92,1
RF02541,8pkl,7,1,2904,2885,0,1,2925,c0af92,1
RF02541,8ud6,1A,1,2912,2689.8,0,1,2925,c0af92,1
RF02541,9b00,1A,1,2912,2689.8,0,1,2925,c0af92,1
RF02543,3j7o,5,3,3664,2755.6,0,1,3401,c0af92,1
RF02543,4v66,BB,160,2893,1270.5,0,1,3401,c0af92,0
RF02543,5jc9,DA,160,2893,1263.1,0,1,3401,c0af92,0
RF02543,6hrm,1,1666,4414,1264.1,0,1,3401,c0af92,0
RF02543,6of1,2A,148,2901,1152.1,0,1,3401,c0af92,0
RF02543,6ucq,2A,148,2901,1152.1,0,1,3401,c0af92,0
RF02543,7s1h,I,160,2893,1267.9,0,1,3401,c0af92,0
RF02543,7ug7,23,160,2893,1267.9,0,1,3401,c0af92,0
RF02543,8apn,A8,1,198,106.8,4.70E-27,2787,2989,c0af92,0
RF02543,8pkl,7,160,2893,1267.9,0,1,3401,c0af92,0
RF02543,8ud6,1A,148,2901,1152.1,0,1,3401,c0af92,0
RF02543,9b00,1A,148,2901,1152.1,0,1,3401,c0af92,0
RF00001,4v51,DB,3,119,100.7,2.80E-23,1,119,c0af92,1
RF00001,5dox,2B,3,119,100.7,2.80E-23,1,119,c0af92,1
RF00001,5it7,7,1,121,88.8,3.30E-20,1,119,c0af92,1
RF00001,7pjy,B,3,118,77.2,3.20E-17,1,119,c0af92,1
RF00001,7zta,05S1,3,118,77.2,3.20E-17,1,119,c0af92,1
RF00001,8bpo,B1,1,119,118.9,5.30E-28,1,119,c0af92,1
RF00001,8fc4,1B,3,119,100.7,2.80E-23,1,119,c0af92,1
RF02541,2jq7,B,1,58,58.8,2.00E-18,1093,1150,c0af92,1
RF02541,4v5f,BA,1,2913,2699.6,0,1,2925,c0af92,1
RF02541,4wfb,X,1,2923,2979.7,0,1,2925,c0af92,1
RF02541,5czp,YA,1,2912,2689.8,0,1,2925,c0af92,1
RF02541,5ndk,1H,1,2914,2708.4,0,1,2925,c0af92,1
RF02541,5uyk,1,1,2903,2879.9,0,1,2925,c0af92,1
RF02541,5zet,A,1,3120,2730.5,0,1,2925,c0af92,1
RF02541,6r7q,5,1,3327,977.3,0,159,2925,c0af92,0
RF02541,6s13,A,1,2905,2947.2,0,1,2925,c0af92,1
RF02541,7a0r,X,1,2877,2731,0,1,2925,c0af92,1
RF02541,7u2h,2A,1,2912,2689.8,0,1,2925,c0af92,1
RF02541,9bh5,A5,1,3345,1182.9,0,159,2925,c0af92,0
RF02543,4v5f,BA,149,2902,1152.1,0,1,3401,c0af92,0
RF02543,4wfb,X,164,2912,1321.4,0,1,3401,c0af92,0
RF02543,5czp,YA,148,2901,1152.1,0,1,3401,c0af92,0
RF02543,5ndk,1H,153,2903,1154.9,0,1,3401,c0af92,0
RF02543,5uyk,1,160,2893,1269,0,1,3401,c0af92,0
RF02543,5zet,A,159,3113,1216.5,0,1,3401,c0af92,0
RF02543,6r7q,5,3,3544,2778.8,0,1,3401,c0af92,1
RF02543,6s13,A,162,2897,1310.6,0,1,3401,c0af92,0
RF02543,7a0r,X,137,2867,1236,0,1,3401,c0af92,0
RF02543,7u2h,2A,148,2901,1152.1,0,1,3401,c0af92,0
RF02543,9bh5,A5,3,3510,3013.8,0,1,3401,c0af92,1
RF00001,1vq7,9,1,121,77.4,2.90E-17,1,119,c0af92,1
RF00001,4l71,RB,3,119,100.7,2.80E-23,1,119,c0af92,1
RF00001,4u1v,BB,3,118,77.2,3.20E-17,1,119,c0af92,1
RF00001,4v7l,DB,3,119,100.7,2.80E-23,1,119,c0af92,1
RF00001,5lze,B,3,118,77.2,3.20E-17,1,119,c0af92,1
RF00001,5o60,B,3,116,77,3.50E-17,1,119,c0af92,1
RF00001,6t7t,C4,1,121,88.8,3.30E-20,1,119,c0af92,1
RF00001,7pjs,B,3,118,77.2,3.20E-17,1,119,c0af92,1
RF00001,9bh5,A7,1,119,114.2,8.90E-27,1,119,c0af92,1
RF02541,4v6p,BB,1,2904,2887.4,0,1,2925,c0af92,1
RF02541,4w2g,DA,1,2912,2689.8,0,1,2925,c0af92,1
RF02541,5dox,1A,1,2912,2689.8,0,1,2925,c0af92,1
RF02541,5jut,B,1,3167,1242.6,0,156,2925,c0af92,0
RF02541,5t2a,G,21,183,63.6,1.60E-19,2652,2817,c0af92,0
RF02541,5wf0,A,1,2903,2873.2,0,1,2925,c0af92,1
RF02541,6vyr,a,1,2904,2889.7,0,1,2925,c0af92,1
RF02541,6ylx,1,1,3167,1242.6,0,156,2925,c0af92,0
RF02541,7qh4,A,1,2928,3013.9,0,1,2925,c0af92,1
RF02541,7uoo,1,1,3167,1242.6,0,156,2925,c0af92,0
RF02541,8ony,5,1277,4822,597.9,4.50E-197,1,2923,c0af92,0
RF02541,8ony,5,5,420,123.7,3.10E-38,30,555,c0af92,0
RF02543,4v6p,BB,160,2893,1267.9,0,1,3401,c0af92,0
RF02543,4w2g,DA,148,2901,1152.1,0,1,3401,c0af92,0
RF02543,5dox,1A,148,2901,1152.1,0,1,3401,c0af92,0
RF02543,5jut,B,4,3396,3401.6,0,1,3401,c0af92,1
RF02543,5t2a,G,25,180,102.9,2.90E-26,3007,3161,c0af92,1
RF02543,5wf0,A,160,2891,1259.8,0,1,3401,c0af92,0
RF02543,6vyr,a,160,2893,1270.5,0,1,3401,c0af92,0
RF02543,6ylx,1,4,3396,3401.6,0,1,3401,c0af92,1
RF02543,7qh4,A,163,2917,1279.4,0,1,3401,c0af92,0
RF02543,7uoo,1,4,3396,3401.6,0,1,3401,c0af92,1
RF02543,8ony,5,3,5069,2379.3,0,1,3401,c0af92,1
RF00001,4v9s,BB,3,119,100.7,2.80E-23,1,119,c0af92,1
RF00001,5dat,3,1,121,88.8,3.30E-20,1,119,c0af92,1
RF00001,5lzt,7,1,119,118.9,5.30E-28,1,119,c0af92,1
RF00001,6pch,J,2,117,77.2,3.20E-17,1,119,c0af92,1
RF00001,6vyw,d,3,118,77.2,3.20E-17,1,119,c0af92,1
RF00001,7olc,3,1,120,98.6,9.60E-23,1,119,c0af92,1
RF00001,8qfd,7,1,119,118.9,5.20E-28,1,119,c0af92,1
RF00001,8r55,Y,1,111,75.9,6.60E-17,3,116,c0af92,1
RF00001,8uvr,2B,3,119,100.7,2.80E-23,1,119,c0af92,1
RF00028,7xd4,N,32,338,117.1,5.60E-31,1,251,c0af92,1
RF02541,3jcd,A,1,2904,2889.8,0,1,2925,c0af92,1
RF02541,4u55,5,1,3167,1242.6,0,156,2925,c0af92,0
RF02541,4v5h,BB,1,2903,2882.1,0,1,2925,c0af92,1
RF02541,4v6d,BA,1,2903,2882.1,0,1,2925,c0af92,1
RF02541,4v7w,DA,1,2784,2566.8,0,1,2925,c0af92,1
RF02541,5u9g,1,1,2903,2879.1,0,1,2925,c0af92,1
RF02541,6oxa,RA,1,2912,2689.8,0,1,2925,c0af92,1
RF02541,6uz7,8,1724,2825,259.8,4.30E-84,1,682,c0af92,0
RF02541,7k54,1,1,2903,2879.9,0,1,2925,c0af92,1
RF02541,7pao,3,3,2907,2658.1,0,1,2925,c0af92,1
RF02541,7pit,3,3,2907,2658.1,0,1,2925,c0af92,1
RF02541,7pkt,5,1,125,50.8,2.40E-15,1072,1197,c0af92,1
RF02541,8qoa,a,1,2904,2886.2,0,1,2925,c0af92,1
RF02543,3jcd,A,160,2893,1270.5,0,1,3401,c0af92,0
RF02543,4u55,5,4,3396,3401.6,0,1,3401,c0af92,1
RF02543,4v5h,BB,160,2893,1270.5,0,1,3401,c0af92,0
RF02543,4v6d,BA,160,2893,1270.5,0,1,3401,c0af92,0
RF02543,4v7w,DA,147,2773,1086.7,1.50E-296,1,3401,c0af92,0
RF02543,5u9g,1,160,2893,1267.6,0,1,3401,c0af92,0
RF02543,6oxa,RA,148,2901,1152.1,0,1,3401,c0af92,0
RF02543,6uz7,8,2140,2825,524.3,2.30E-141,1,729,c0af92,1
RF02543,7k54,1,160,2893,1269,0,1,3401,c0af92,0
RF02543,7pao,3,167,2896,1188.2,0,1,3401,c0af92,0
RF02543,7pit,3,167,2896,1188.2,0,1,3401,c0af92,0
RF02543,8qoa,a,160,2893,1267.7,0,1,3401,c0af92,0
RF00001,4u56,3,1,121,88.8,3.30E-20,1,119,c0af92,1
RF00001,5lzd,B,3,118,77.2,3.20E-17,1,119,c0af92,1
RF00001,5u4i,B,2,117,77.2,3.20E-17,1,119,c0af92,1
RF00001,6n9e,1B,3,119,100.7,2.80E-23,1,119,c0af92,1
RF00001,6v3b,B,1,115,83.5,7.30E-19,1,119,c0af92,1
RF00001,6wnv,4,1069,1185,49.6,1.10E-08,1,119,c0af92,1
RF00001,6wqq,2,1,115,59.8,9.40E-13,1,119,c0af92,1
RF00001,7piq,4,1,108,63.9,7.60E-14,1,119,c0af92,1
RF00001,8ir1,W,1,119,118.9,5.30E-28,1,119,c0af92,1
RF00001,8vty,1B,3,119,100.7,2.80E-23,1,119,c0af92,1
RF00028,7r6n,A,32,315,113.7,4.70E-30,1,251,c0af92,1
RF00028,7ygb,N,11,317,117.1,5.20E-31,1,251,c0af92,1
RF02541,3j7y,A,1,1454,372.4,4.50E-122,426,2925,c0af92,1
RF02541,3jcs,2,1,1460,443,1.00E-145,1629,2925,c0af92,0
RF02541,5lze,A,1,2903,2879.8,0,1,2925,c0af92,1
RF02541,6wnv,4,1,3031,2770.4,0,1,2925,c0af92,1
RF02541,6xhw,1A,1,2912,2689.8,0,1,2925,c0af92,1
RF02541,6yss,A,1,2903,2874.5,0,1,2925,c0af92,1
RF02541,7cpj,A,1,2903,2874.5,0,1,2925,c0af92,1
RF02541,7jqm,1A,1,2912,2689.8,0,1,2925,c0af92,1
RF02541,7qgr,N,1,2903,2882.1,0,1,2925,c0af92,1
RF02541,8fzh,A,1,2904,2887.4,0,1,2925,c0af92,1
RF02541,8ohd,5,1277,4822,598.2,3.60E-197,1,2923,c0af92,0
RF02541,8ohd,5,5,420,123.7,3.10E-38,30,555,c0af92,0
RF02543,3jcs,2,1,1439,1022.2,5.10E-279,1829,3401,c0af92,1
RF02543,5lze,A,160,2893,1267.9,0,1,3401,c0af92,0
RF02543,6wnv,4,160,3021,1216.9,0,1,3401,c0af92,0
RF02543,6xhw,1A,148,2901,1152.1,0,1,3401,c0af92,0
RF02543,6yss,A,160,2893,1263.6,0,1,3401,c0af92,0
RF02543,7cpj,A,160,2893,1263.6,0,1,3401,c0af92,0
RF02543,7jqm,1A,148,2901,1152.1,0,1,3401,c0af92,0
RF02543,7qgr,N,160,2893,1270.5,0,1,3401,c0af92,0
RF02543,8fzh,A,160,2893,1267.9,0,1,3401,c0af92,0
RF02543,8ohd,5,3,5069,2381.8,0,1,3401,c0af92,1
RF00102,6ol3,C,1,111,51.6,9.20E-09,22,135,c0af92,1
RF00001,3j9z,LB,3,118,77.2,3.20E-17,1,119,c0af92,1
RF00001,4v5l,BB,5,121,100.7,2.80E-23,1,119,c0af92,1
RF00001,4v7x,BB,3,119,100.7,2.80E-23,1,119,c0af92,1
RF00001,5f8k,1B,3,119,100.7,2.80E-23,1,119,c0af92,1
RF00001,6gqb,3,1,121,88.8,3.30E-20,1,119,c0af92,1
RF00001,6pcs,J,2,117,77.2,3.20E-17,1,119,c0af92,1
RF00001,7ozs,3,1,119,87.6,6.60E-20,1,118,c0af92,1
RF00001,7uw1,B,1,115,83.5,7.30E-19,1,119,c0af92,1
RF02541,1jzy,A,1,2878,2737.8,0,1,2925,c0af92,1
RF02541,4csu,B,1,2903,2882.1,0,1,2925,c0af92,1
RF02541,4v7y,BA,1,2784,2566.8,0,1,2925,c0af92,1
RF02541,4wq1,1H,1,2912,2697.7,0,1,2923,c0af92,1
RF02541,5tgm,1,1,2920,1222.5,0,158,2925,c0af92,0
RF02541,6nsh,YA,1,2912,2689.8,0,1,2925,c0af92,1
RF02541,6olf,t,1,3382,961.6,0,159,2925,c0af92,0
RF02541,6xza,A2,1,2897,2871.6,0,1,2925,c0af92,1
RF02541,7jt1,1,1,2903,2879.9,0,1,2925,c0af92,1
RF02541,7oid,A,1,1454,372.4,4.50E-122,426,2925,c0af92,1
RF02541,7po4,A,1,1454,372.4,4.50E-122,426,2925,c0af92,1
RF02541,7unv,A,1,2891,2924.9,0,1,2925,c0af92,1
RF02541,8b5l,5,1187,4808,625.4,2.50E-206,1,2856,c0af92,0
RF02541,8b5l,5,5,420,127.7,1.30E-39,30,555,c0af92,0
RF02541,8emm,a,1,2904,2887.4,0,1,2925,c0af92,1
RF02541,8ova,BA,1,1920,367.9,1.80E-120,156,1473,c0af92,0
RF02543,1jzy,A,137,2867,1236,0,1,3401,c0af92,0
RF02543,4csu,B,160,2893,1270.5,0,1,3401,c0af92,0
RF02543,4v7y,BA,147,2773,1086.7,1.50E-296,1,3401,c0af92,0
RF02543,4wq1,1H,153,2903,1154.9,0,1,3401,c0af92,0
RF02543,5tgm,1,2,3149,3266.9,0,1,3401,c0af92,1
RF02543,6nsh,YA,148,2901,1152.1,0,1,3401,c0af92,0
RF02543,6olf,t,3,3606,2746.1,0,1,3401,c0af92,1
RF02543,6xza,A2,160,2887,1266,0,1,3401,c0af92,0
RF02543,7jt1,1,160,2893,1269,0,1,3401,c0af92,0
RF02543,7unv,A,160,2878,1258.9,0,1,3401,c0af92,0
RF02543,8b5l,5,3,4808,2475.8,0,1,3401,c0af92,1
RF02543,8emm,a,160,2893,1267.9,0,1,3401,c0af92,0
RF02543,8ova,BA,6,1920,904,2.70E-246,1,1656,c0af92,1
RF00001,4v57,DA,3,118,77.2,3.20E-17,1,119,c0af92,1
RF00001,4v7p,BB,3,119,100.7,2.70E-23,1,119,c0af92,1
RF00001,5v8i,1B,3,119,100.7,2.80E-23,1,119,c0af92,1
RF00001,6ogf,2,3,118,77.2,3.20E-17,1,119,c0af92,1
RF00001,6sv4,ZR,1,121,88.8,3.30E-20,1,119,c0af92,1
RF00001,6xhy,2B,3,119,100.7,2.80E-23,1,119,c0af92,1
RF00001,8idy,5,1,119,118.9,5.30E-28,1,119,c0af92,1
RF00001,8p8m,LE,1,121,88.8,3.30E-20,1,119,c0af92,1
RF00001,8xsz,L7,1,119,118.9,5.30E-28,1,119,c0af92,1
RF00028,7xd5,N,34,315,115.6,1.40E-30,1,251,c0af92,1
RF02541,3pip,X,1,2878,2737.8,0,1,2925,c0af92,1
RF02541,6ofx,1,1,2903,2879.9,0,1,2925,c0af92,1
RF02541,7p48,A,1,2921,2969.3,0,1,2925,c0af92,1
RF02541,7uvv,A,8,2900,2893.9,0,1,2925,c0af92,1
RF02541,8qfd,5,1277,4822,597.9,4.50E-197,1,2923,c0af92,0
RF02541,8qfd,5,5,420,123.7,3.10E-38,30,555,c0af92,0
RF02541,8rcl,71,1,2904,2885,0,1,2925,c0af92,1
RF02543,3pip,X,137,2867,1236,0,1,3401,c0af92,0
RF02543,4cxh,2,1,50,54.5,1.80E-13,2831,2880,c0af92,1
RF02543,6ofx,1,160,2893,1269,0,1,3401,c0af92,0
RF02543,7p48,A,162,2910,1321.4,0,1,3401,c0af92,0
RF02543,7uvv,A,167,2888,1271.3,0,1,3401,c0af92,0
RF02543,8qfd,5,3,5069,2381.7,0,1,3401,c0af92,1
RF02543,8rcl,71,160,2893,1267.9,0,1,3401,c0af92,0
RF00001,4v5b,AA,3,118,77.2,3.20E-17,1,119,c0af92,1
RF00001,4v5r,BB,5,121,100.7,2.80E-23,1,119,c0af92,1
RF00001,4v9p,GB,3,118,77.2,3.20E-17,1,119,c0af92,1
RF00001,5hau,2B,3,119,100.7,2.80E-23,1,119,c0af92,1
RF00001,5lzz,7,1,119,118.9,5.30E-28,1,119,c0af92,1
RF00001,6czr,1B,3,119,100.7,2.80E-23,1,119,c0af92,1
RF00001,6ogi,2,3,118,77.2,3.20E-17,1,119,c0af92,1
RF00001,6ucq,2B,3,119,100.7,2.80E-23,1,119,c0af92,1
RF00001,7bv8,B,3,118,77.2,3.20E-17,1,119,c0af92,1
RF00001,7jt2,2,3,118,77.2,3.20E-17,1,119,c0af92,1
RF00001,7qv3,B,1,111,75.9,6.60E-17,3,116,c0af92,1
RF00001,8b6c,7,1,119,118.9,5.30E-28,1,119,c0af92,1
RF00001,8bhl,1,3,118,77.2,3.20E-17,1,119,c0af92,1
RF00029,8h2h,A,805,902,51.1,2.60E-09,1,93,c0af92,1
RF00028,7ez2,N,11,317,117.1,5.20E-31,1,251,c0af92,1
RF02541,1z58,2,1,2878,2737.8,0,1,2925,c0af92,1
RF02541,2otl,0,2,2920,1740.4,0,1,2925,c0af92,0
RF02541,3j7p,5,1,3443,934.4,0,159,2925,c0af92,0
RF02541,4u4q,1,1,3167,1242.6,0,156,2925,c0af92,0
RF02541,4v6z,BA,1,2903,2882.1,0,1,2925,c0af92,1
RF02541,5i4l,5,1,3167,1242.6,0,156,2925,c0af92,0
RF02541,5jup,B,1,3167,1242.6,0,156,2925,c0af92,0
RF02541,6cfl,2A,1,2912,2689.8,0,1,2925,c0af92,1
RF02541,6nwy,RA,1,2912,2689.8,0,1,2925,c0af92,1
RF02541,6wqn,1,1,2923,2985.2,0,1,2925,c0af92,1
RF02541,6zj3,LH,1,744,172.3,2.50E-55,1579,2166,c0af92,0
RF02541,8flb,L3,1277,4822,597.9,4.50E-197,1,2923,c0af92,0
RF02541,8flb,L3,5,420,123.7,3.10E-38,30,555,c0af92,0
RF02543,1z58,2,137,2867,1236,0,1,3401,c0af92,0
RF02543,2otl,0,131,2914,1469.1,0,1,3401,c0af92,0
RF02543,3j7p,5,3,3664,2755.6,0,1,3401,c0af92,1
RF02543,4u4q,1,4,3396,3401.6,0,1,3401,c0af92,1
RF02543,4v6z,BA,160,2893,1270.5,0,1,3401,c0af92,0
RF02543,5i4l,5,4,3396,3401.6,0,1,3401,c0af92,1
RF02543,5jup,B,4,3396,3401.6,0,1,3401,c0af92,1
RF02543,6cfl,2A,148,2901,1152.1,0,1,3401,c0af92,0
RF02543,6nwy,RA,148,2901,1152.1,0,1,3401,c0af92,0
RF02543,6wqn,1,164,2912,1330.4,0,1,3401,c0af92,0
RF02543,6zj3,LH,1,744,453.9,1.60E-122,1784,2485,c0af92,1
RF02543,8flb,L3,3,5069,2379.3,0,1,3401,c0af92,1
RF00001,3cd6,9,1,121,75.2,1.10E-16,1,119,c0af92,1
RF00001,4v6w,A7,1,119,95.2,7.30E-22,1,119,c0af92,1
RF00001,4wsm,1J,5,121,100.7,2.80E-23,1,119,c0af92,1
RF00001,5fci,7,1,121,88.8,3.30E-20,1,119,c0af92,1
RF00001,5zlu,X,5,121,100.7,2.80E-23,1,119,c0af92,1
RF00001,6gsk,16,5,121,100.7,2.80E-23,1,119,c0af92,1
RF00001,6qdw,a,3,118,77.2,3.20E-17,1,119,c0af92,1
RF00001,6vyy,d,3,118,77.2,3.20E-17,1,119,c0af92,1
RF00001,7jss,2,3,118,77.2,3.20E-17,1,119,c0af92,1
RF00001,7oyb,71,1,119,121.5,1.20E-28,1,119,c0af92,1
RF00001,7zod,a,3,118,77.2,3.20E-17,1,119,c0af92,1
RF00001,8rjd,u,1,119,118.9,5.30E-28,1,119,c0af92,1
RF02541,1m90,A,2,2920,1740.4,0,1,2925,c0af92,0
RF02541,4v78,BA,1,2903,2882.1,0,1,2925,c0af92,1
RF02541,4wro,14,1,2914,2708.4,0,1,2925,c0af92,1
RF02541,4y4p,2A,1,2912,2689.8,0,1,2925,c0af92,1
RF02541,5lks,L5,1277,4822,597.9,4.50E-197,1,2923,c0af92,0
RF02541,5lks,L5,5,420,123.7,3.10E-38,30,555,c0af92,0
RF02541,6gc4,A,1,2904,2889.8,0,1,2925,c0af92,1
RF02541,6gzz,A2,1,2912,2697.7,0,1,2923,c0af92,1
RF02541,6ore,1,1,2903,2879.7,0,1,2925,c0af92,1
RF02541,7z20,b,1,2904,2875,0,1,2925,c0af92,1
RF02541,8rq2,A,1,2903,2876.9,0,1,2925,c0af92,1
RF02543,1m90,A,131,2914,1469.1,0,1,3401,c0af92,0
RF02543,4v78,BA,160,2893,1270.5,0,1,3401,c0af92,0
RF02543,4wro,14,153,2903,1154.9,0,1,3401,c0af92,0
RF02543,4y4p,2A,148,2901,1152.1,0,1,3401,c0af92,0
RF02543,5lks,L5,3,5069,2377.9,0,1,3401,c0af92,1
RF02543,6gc4,A,160,2893,1270.5,0,1,3401,c0af92,0
RF02543,6gzz,A2,153,2903,1154.9,0,1,3401,c0af92,0
RF02543,6ore,1,160,2893,1267.9,0,1,3401,c0af92,0
RF02543,7z20,b,160,2893,1257.9,0,1,3401,c0af92,0
RF02543,8rq2,A,160,2893,1266.1,0,1,3401,c0af92,0
RF02679,6uey,A,1,50,37,4.60E-07,1,70,c0af92,1
RF00001,1vqk,9,1,121,77.4,2.90E-17,1,119,c0af92,1
RF00001,4v7w,DB,3,119,100.7,2.80E-23,1,119,c0af92,1
RF00001,5mdy,3,3,118,77.2,3.20E-17,1,119,c0af92,1
RF00001,6gz3,A4,1,119,118.9,5.20E-28,1,119,c0af92,1
RF00001,6pc7,J,2,117,77.2,3.20E-17,1,119,c0af92,1
RF00001,6skg,BB,3,124,79.3,9.70E-18,1,119,c0af92,1
RF00001,7nwh,7,1,119,118.9,5.30E-28,1,119,c0af92,1
RF00001,7pib,4,1,108,63.9,7.60E-14,1,119,c0af92,1
RF00001,7ryg,B,1,115,83.5,7.30E-19,1,119,c0af92,1
RF00001,7xny,L2,1,119,118.9,5.30E-28,1,119,c0af92,1
RF00001,8g7r,B,3,118,74.8,1.40E-16,1,119,c0af92,1
RF00001,8oj5,7,1,119,118.9,5.30E-28,1,119,c0af92,1
RF00028,1grz,A,1,237,113.4,3.70E-30,49,251,c0af92,1
RF02541,1r2x,C,1,58,58.8,2.00E-18,1093,1150,c0af92,1
RF02541,4l71,YA,1,2913,2699.6,0,1,2925,c0af92,1
RF02541,4v5b,CB,1,2904,2889.8,0,1,2925,c0af92,1
RF02541,7bl5,A,8,2911,2889.8,0,1,2925,c0af92,1
RF02541,8agz,f,1,3166,1231.9,0,156,2925,c0af92,0
RF02541,8buu,A,1,2927,3004,0,1,2925,c0af92,1
RF02541,8kab,A,1,3120,2730.5,0,1,2925,c0af92,1
RF02541,9b00,2A,1,2912,2689.8,0,1,2925,c0af92,1
RF02543,4l71,YA,149,2902,1152.1,0,1,3401,c0af92,0
RF02543,4v5b,CB,160,2893,1270.5,0,1,3401,c0af92,0
RF02543,7bl5,A,167,2900,1270.5,0,1,3401,c0af92,0
RF02543,8agz,f,4,3395,3374.5,0,1,3401,c0af92,1
RF02543,8buu,A,163,2917,1278.5,0,1,3401,c0af92,0
RF02543,8kab,A,159,3113,1216.5,0,1,3401,c0af92,0
RF02543,9b00,2A,148,2901,1152.1,0,1,3401,c0af92,0
RF00010,7uo2,B,1,376,305.6,6.00E-100,1,367,c0af92,1
RF00001,4v8z,B7,1,121,88.8,3.30E-20,1,119,c0af92,1
RF00001,4wsd,16,5,121,100.7,2.80E-23,1,119,c0af92,1
RF00001,5mmm,B,4,120,52.2,9.50E-11,1,119,c0af92,1
RF00001,5uq7,B,3,119,100.7,2.80E-23,1,119,c0af92,1
RF00001,6gsl,1J,5,121,100.7,2.80E-23,1,119,c0af92,1
RF00001,7acj,3,3,118,77.2,3.20E-17,1,119,c0af92,1
RF00001,7y7g,b,3,118,77.2,3.20E-17,1,119,c0af92,1
RF00001,8vtu,2B,3,119,100.7,2.80E-23,1,119,c0af92,1
RF02541,4v5d,BA,1,2819,2617.5,0,1,2925,c0af92,1
RF02541,4v6g,DA,1,2898,2682.9,0,6,2918,c0af92,1
RF02541,4v8c,AA,1,2912,2697.7,0,1,2923,c0af92,1
RF02541,4v8m,BB,1,1396,433.3,1.80E-142,1629,2925,c0af92,0
RF02541,5vpo,RA,1,2912,2689.8,0,1,2925,c0af92,1
RF02541,6em3,1,1,3167,1242.6,0,156,2925,c0af92,0
RF02541,7otc,A,1,2903,2880.4,0,1,2925,c0af92,1
RF02541,7qq3,I,1,2904,2889.8,0,1,2925,c0af92,1
RF02541,8fc2,1A,1,2912,2689.8,0,1,2925,c0af92,1
RF02541,8fzg,A,1,2904,2887.4,0,1,2925,c0af92,1
RF02541,8wic,A,1,3119,2730,0,1,2925,c0af92,1
RF02543,4v5d,BA,147,2808,1088.3,5.60E-297,1,3401,c0af92,0
RF02543,4v6g,DA,148,2894,1153.1,0,1,3401,c0af92,0
RF02543,4v8c,AA,153,2903,1154.9,0,1,3401,c0af92,0
RF02543,4v8m,BB,1,1382,1016.5,1.80E-277,1829,3401,c0af92,1
RF02543,5vpo,RA,148,2901,1152.1,0,1,3401,c0af92,0
RF02543,6em3,1,4,3396,3401.6,0,1,3401,c0af92,1
RF02543,7otc,A,160,2893,1267,0,1,3401,c0af92,0
RF02543,7qq3,I,160,2893,1270.5,0,1,3401,c0af92,0
RF02543,8fc2,1A,148,2901,1152.1,0,1,3401,c0af92,0
RF02543,8fzg,A,160,2893,1267.9,0,1,3401,c0af92,0
RF02543,8wic,A,158,3112,1216.5,0,1,3401,c0af92,0
RF00001,4v4r,BB,5,121,100.7,2.80E-23,1,119,c0af92,1
RF00001,4v7j,AB,3,119,100.7,2.70E-23,1,119,c0af92,1
RF00001,7azs,5SA,5,121,100.7,2.80E-23,1,119,c0af92,1
RF00001,7tos,5S,3,118,77.2,3.20E-17,1,119,c0af92,1
RF00001,7y7e,b,3,118,77.2,3.20E-17,1,119,c0af92,1
RF00001,8fc2,1B,3,119,100.7,2.80E-23,1,119,c0af92,1
RF00001,8p8n,LE,1,121,88.8,3.30E-20,1,119,c0af92,1
RF00001,8rcl,82,3,118,77.2,3.20E-17,1,119,c0af92,1
RF02541,1vqm,0,2,2920,1740.4,0,1,2925,c0af92,0
RF02541,4wr6,1H,1,2914,2708.4,0,1,2925,c0af92,1
RF02541,5h5u,A,1,2903,2879.4,0,1,2925,c0af92,1
RF02541,6n8n,A,1,3167,1242.6,0,156,2925,c0af92,0
RF02541,8ceu,a,1,2904,2887.4,0,1,2925,c0af92,1
RF02541,8cgj,a,1,2904,2887.4,0,1,2925,c0af92,1
RF02541,8rxx,L1,1,1782,390.5,4.50E-128,160,1518,c0af92,0
RF02543,1vqm,0,131,2914,1469.1,0,1,3401,c0af92,0
RF02543,4wr6,1H,153,2903,1154.9,0,1,3401,c0af92,0
RF02543,5h5u,A,160,2893,1267.4,0,1,3401,c0af92,0
RF02543,6n8n,A,4,3396,3401.6,0,1,3401,c0af92,1
RF02543,8ceu,a,160,2893,1267.9,0,1,3401,c0af92,0
RF02543,8cgj,a,160,2893,1267.9,0,1,3401,c0af92,0
RF02543,8rxx,L1,2,1782,925.8,2.40E-252,1,1647,c0af92,1
RF00001,1m1k,B,1,121,77.4,2.90E-17,1,119,c0af92,1
RF00001,1sm1,9,5,121,71.6,9.10E-16,1,119,c0af92,1
RF00001,3j3v,B,1,116,88.7,3.40E-20,1,119,c0af92,1
RF00001,4u50,7,1,121,88.8,3.30E-20,1,119,c0af92,1
RF00001,4u6f,3,1,121,88.8,3.30E-20,1,119,c0af92,1
RF00001,4v5d,BB,3,119,100.7,2.80E-23,1,119,c0af92,1
RF00001,6ft6,3,1,121,88.8,3.30E-20,1,119,c0af92,1
RF00001,6gzz,B2,5,121,100.7,2.80E-23,1,119,c0af92,1
RF00001,6mte,7,1,119,118.9,5.30E-28,1,119,c0af92,1
RF00001,6wyv,J,2,117,77.2,3.20E-17,1,119,c0af92,1
RF00001,7pam,4,1,108,63.9,7.60E-14,1,119,c0af92,1
RF00001,7phc,4,1,108,63.9,7.60E-14,1,119,c0af92,1
RF00001,8hsp,b,3,118,77.2,3.20E-17,1,119,c0af92,1
RF00001,8pvl,C4,1,119,87.6,6.60E-20,1,118,c0af92,1
RF02541,5mdy,1,1,2904,2887.4,0,1,2925,c0af92,1
RF02541,5zep,A,1,3120,2730.5,0,1,2925,c0af92,1
RF02541,6hhq,AR,1,3167,1242.6,0,156,2925,c0af92,0
RF02541,7unu,A,1,2891,2924.9,0,1,2925,c0af92,1
RF02541,8bge,0,1,2904,2889.8,0,1,2925,c0af92,1
RF02541,8hsp,a,1,2904,2887.4,0,1,2925,c0af92,1
RF02543,5mdy,1,160,2893,1267.9,0,1,3401,c0af92,0
RF02543,5zep,A,159,3113,1216.5,0,1,3401,c0af92,0
RF02543,6hhq,AR,4,3396,3401.6,0,1,3401,c0af92,1
RF02543,7unu,A,160,2878,1258.9,0,1,3401,c0af92,0
RF02543,8bge,0,160,2893,1270.5,0,1,3401,c0af92,0
RF02543,8hsp,a,160,2893,1267.9,0,1,3401,c0af92,0
RF00001,1s72,9,1,121,77.4,2.90E-17,1,119,c0af92,1
RF00001,4zer,1B,3,119,100.7,2.80E-23,1,119,c0af92,1
RF00001,5f8k,2B,3,119,100.7,2.80E-23,1,119,c0af92,1
RF00001,6of1,1B,3,119,100.7,2.80E-23,1,119,c0af92,1
RF00001,7as9,B,1,116,88.7,3.40E-20,1,119,c0af92,1
RF00001,7qiw,5,1,119,131.8,2.50E-31,1,119,c0af92,1
RF00001,7rqa,2B,3,119,100.7,2.80E-23,1,119,c0af92,1
RF00001,7u2i,2B,3,119,100.7,2.80E-23,1,119,c0af92,1
RF00001,7zjw,L7,1,118,110.4,8.20E-26,2,119,c0af92,1
RF00001,8a5i,B,1,113,73.3,3.10E-16,2,117,c0af92,1
RF00169,1z43,A,50,94,42.3,4.40E-09,23,67,c0af92,1
RF02541,4v53,DB,1,2904,2889.8,0,1,2925,c0af92,1
RF02541,4v8j,BA,1,2913,2699.6,0,1,2925,c0af92,1
RF02541,4v8n,DA,1,2913,2699.6,0,1,2925,c0af92,1
RF02541,4wqy,AA,1,2912,2689.8,0,1,2925,c0af92,1
RF02541,6qnr,1H,1,2914,2708.4,0,1,2925,c0af92,1
RF02541,6r84,1,1,3087,1245.5,0,158,2925,c0af92,0
RF02541,6r87,1,1,3087,1245.5,0,158,2925,c0af92,0
RF02541,7p7q,A,1,2910,2936.7,0,1,2922,c0af92,1
RF02541,7s1g,I,1,2904,2887.4,0,1,2925,c0af92,1
RF02541,8fkz,L3,1277,4822,597.9,4.50E-197,1,2923,c0af92,0
RF02541,8fkz,L3,5,420,123.7,3.10E-38,30,555,c0af92,0
RF02541,8fom,YA,1,2912,2689.8,0,1,2925,c0af92,1
RF02543,4v53,DB,160,2893,1270.5,0,1,3401,c0af92,0
RF02543,4v8j,BA,149,2902,1152.1,0,1,3401,c0af92,0
RF02543,4v8n,DA,149,2902,1152.1,0,1,3401,c0af92,0
RF02543,4wqy,AA,148,2901,1152.1,0,1,3401,c0af92,0
RF02543,6qnr,1H,153,2903,1154.9,0,1,3401,c0af92,0
RF02543,6r84,1,2,3316,3377.8,0,1,3401,c0af92,1
RF02543,6r87,1,2,3316,3377.8,0,1,3401,c0af92,1
RF02543,7p7q,A,162,2902,1255,0,1,3401,c0af92,0
RF02543,7s1g,I,160,2893,1267.9,0,1,3401,c0af92,0
RF02543,8fkz,L3,3,5069,2379.3,0,1,3401,c0af92,1
RF02543,8fom,YA,148,2901,1152.1,0,1,3401,c0af92,0
RF00001,1m90,B,1,121,77.4,2.90E-17,1,119,c0af92,1
RF00001,4v9p,AB,3,118,77.2,3.20E-17,1,119,c0af92,1
RF00001,5fdu,1B,3,119,100.7,2.80E-23,1,119,c0af92,1
RF00001,5lzf,B,3,118,77.2,3.20E-17,1,119,c0af92,1
RF00001,6gzq,B1,5,121,100.7,2.80E-23,1,119,c0af92,1
RF00001,6p5i,7,1,119,118.9,5.20E-28,1,119,c0af92,1
RF00001,6pc6,J,2,117,77.2,3.20E-17,1,119,c0af92,1
RF00001,6xhv,2B,3,119,100.7,2.80E-23,1,119,c0af92,1
RF00001,6xhx,1B,3,119,100.7,2.80E-23,1,119,c0af92,1
RF00001,7pio,4,1,108,63.9,7.60E-14,1,119,c0af92,1
RF00001,8oj0,7,1,119,118.9,5.30E-28,1,119,c0af92,1
RF02541,4z8c,2A,1,2912,2689.8,0,1,2925,c0af92,1
RF02541,6n1d,B23S,1,2881,2710.8,0,1,2925,c0af92,1
RF02541,6olz,A2,1,3424,993,0,159,2925,c0af92,0
RF02541,6wdm,1,1,2903,2879.9,0,1,2925,c0af92,1
RF02541,7n2u,23,1,2904,2887.4,0,1,2925,c0af92,1
RF02541,8bh4,0,1,2904,2889.8,0,1,2925,c0af92,1
RF02541,8ewc,A1,1,3131,1242.5,0,158,2925,c0af92,0
RF02541,8uu5,A,1,2932,2946.5,0,1,2925,c0af92,1
RF02541,8y37,A,1,2921,2974,0,1,2925,c0af92,1
RF02543,4z8c,2A,148,2901,1152.1,0,1,3401,c0af92,0
RF02543,6n1d,B23S,148,2875,1157.8,0,1,3401,c0af92,0
RF02543,6olz,A2,3,3642,2806.3,0,1,3401,c0af92,1
RF02543,6wdm,1,160,2893,1269,0,1,3401,c0af92,0
RF02543,7n2u,23,160,2893,1267.9,0,1,3401,c0af92,0
RF02543,8bh4,0,160,2893,1270.5,0,1,3401,c0af92,0
RF02543,8ewc,A1,2,3360,3395.8,0,1,3401,c0af92,1
RF02543,8uu5,A,162,2921,1244.8,0,1,3401,c0af92,0
RF02543,8y37,A,162,2910,1326.6,0,1,3401,c0af92,0
RF02679,6ufk,A,1,51,39.2,1.40E-07,1,70,c0af92,1
RF00001,4lnt,RB,3,119,100.7,2.80E-23,1,119,c0af92,1
RF00001,4v5p,BB,5,121,100.7,2.80E-23,1,119,c0af92,1
RF00001,4wqu,CB,3,119,100.7,2.80E-23,1,119,c0af92,1
RF00001,5tga,3,1,121,88.8,3.30E-20,1,119,c0af92,1
RF00001,5zep,B,3,116,77.3,3.00E-17,1,119,c0af92,1
RF00001,6fxc,AB,1,115,75,1.10E-16,1,119,c0af92,1
RF00001,6o8y,B,1,116,83.5,7.30E-19,1,119,c0af92,1
RF00001,8flb,L4,1,119,118.9,5.30E-28,1,119,c0af92,1
RF00029,8k15,C,556,621,41.7,3.60E-07,1,93,c0af92,1
RF02541,5w4k,1A,1,2912,2689.8,0,1,2925,c0af92,1
RF02541,5z3g,A,1,3167,1242.6,0,156,2925,c0af92,0
RF02541,6cfl,1A,1,2912,2689.8,0,1,2925,c0af92,1
RF02541,6v39,AN1,8,2900,2895.4,0,1,2925,c0af92,1
RF02541,6vwm,2,1,2903,2879.9,0,1,2925,c0af92,1
RF02541,6y2l,L5,1277,4822,598,4.00E-197,1,2923,c0af92,0
RF02541,6y2l,L5,5,420,123.7,3.10E-38,30,555,c0af92,0
RF02541,7aso,Y,1,2720,2670,0,1,2925,c0af92,1
RF02541,7lh5,BA,1,2836,2663.3,0,1,2925,c0af92,1
RF02541,7msm,A,1,3138,2762.8,0,1,2925,c0af92,1
RF02541,7of5,A,1,1454,372.4,4.50E-122,426,2925,c0af92,1
RF02541,7ohv,1,1,3167,1242.6,0,156,2925,c0af92,0
RF02541,8btd,Lt,1,2580,607,2.10E-200,159,2925,c0af92,0
RF02543,5w4k,1A,148,2901,1152.1,0,1,3401,c0af92,0
RF02543,5z3g,A,4,3396,3401.6,0,1,3401,c0af92,1
RF02543,6cfl,1A,148,2901,1152.1,0,1,3401,c0af92,0
RF02543,6v39,AN1,167,2888,1272.4,0,1,3401,c0af92,0
RF02543,6vwm,2,160,2893,1269,0,1,3401,c0af92,0
RF02543,6y2l,L5,3,5069,2379.5,0,1,3401,c0af92,1
RF02543,7aso,Y,162,2712,1169.8,0,1,3401,c0af92,0
RF02543,7lh5,BA,147,2825,1156.3,0,1,3401,c0af92,0
RF02543,7msm,A,162,3127,1211.7,0,1,3401,c0af92,0
RF02543,7ohv,1,4,3396,3401.6,0,1,3401,c0af92,1
RF02543,8btd,Lt,25,2564,1336.2,0,23,3401,c0af92,1
RF00001,1nji,B,1,121,77.4,2.90E-17,1,119,c0af92,1
RF00001,4v4z,BB,5,121,100.7,2.80E-23,1,119,c0af92,1
RF00001,4v9l,BB,3,119,100.7,2.70E-23,1,119,c0af92,1
RF00001,4v9m,DB,3,119,100.7,2.70E-23,1,119,c0af92,1
RF00001,5nrg,Y,1,114,60.1,8.00E-13,1,119,c0af92,1
RF00001,6gsl,16,5,121,100.7,2.80E-23,1,119,c0af92,1
RF00001,6n9e,2B,3,119,100.7,2.80E-23,1,119,c0af92,1
RF00001,6of6,RB,3,119,100.7,2.80E-23,1,119,c0af92,1
RF00001,7pai,4,1,108,63.9,7.60E-14,1,119,c0af92,1
RF00001,7rqc,2B,3,119,100.7,2.80E-23,1,119,c0af92,1
RF00001,8k82,C4,1,121,88.8,3.30E-20,1,119,c0af92,1
RF00001,8p16,3,3,118,77.2,3.20E-17,1,119,c0af92,1
RF00001,8r8m,b,3,118,77.2,3.20E-17,1,119,c0af92,1
RF00001,8ud6,1B,3,119,100.7,2.80E-23,1,119,c0af92,1
RF02541,4v6a,DA,1,2912,2689.8,0,1,2925,c0af92,1
RF02541,5fcj,1,1,3167,1242.6,0,156,2925,c0af92,0
RF02541,5hd1,1A,1,2912,2689.8,0,1,2925,c0af92,1
RF02541,5j3c,RA,1,2912,2689.8,0,1,2925,c0af92,1
RF02541,5mre,A,186,3136,396.4,8.70E-130,1,2925,c0af92,1
RF02541,6i7v,DA,1,2903,2879.8,0,1,2925,c0af92,1
RF02541,6zm6,A,1,1454,372.4,4.50E-122,426,2925,c0af92,1
RF02541,7pir,3,3,2907,2658.1,0,1,2925,c0af92,1
RF02541,8g2d,1A,1,2912,2689.8,0,1,2925,c0af92,1
RF02541,8i9r,C1,1,3150,1260.1,0,156,2925,c0af92,0
RF02543,4v6a,DA,148,2901,1152.1,0,1,3401,c0af92,0
RF02543,5fcj,1,4,3396,3401.6,0,1,3401,c0af92,1
RF02543,5hd1,1A,148,2901,1152.1,0,1,3401,c0af92,0
RF02543,5j3c,RA,148,2901,1152.1,0,1,3401,c0af92,0
RF02543,5mre,A,1600,1940,121.9,3.00E-30,1891,2388,c0af92,0
RF02543,5mre,A,223,302,58.3,1.10E-12,24,103,c0af92,0
RF02543,5mre,A,2713,2873,96.5,3.10E-23,2825,2984,c0af92,0
RF02543,6i7v,DA,160,2893,1267.9,0,1,3401,c0af92,0
RF02543,7pir,3,167,2896,1188.2,0,1,3401,c0af92,0
RF02543,8g2d,1A,148,2901,1152.1,0,1,3401,c0af92,0
RF02543,8i9r,C1,4,3338,3387.9,0,1,3401,c0af92,1
RF00001,1yjn,9,1,121,75.2,1.10E-16,1,119,c0af92,1
RF00001,3jag,7,1,119,118.9,5.30E-28,1,119,c0af92,1
RF00001,4u4u,7,1,121,88.8,3.30E-20,1,119,c0af92,1
RF00001,4v64,DA,3,118,77.2,3.20E-17,1,119,c0af92,1
RF00001,4w2i,BB,3,119,100.7,2.80E-23,1,119,c0af92,1
RF00001,5l3p,B,3,118,77.2,3.20E-17,1,119,c0af92,1
RF00001,6ip6,1B,1,119,118.9,5.30E-28,1,119,c0af92,1
RF00001,6spg,B,2,117,86.6,1.10E-19,1,119,c0af92,1
RF00001,6tnu,BR,1,121,88.8,3.30E-20,1,119,c0af92,1
RF00001,6wdh,2,3,118,77.2,3.20E-17,1,119,c0af92,1
RF00001,6xqd,1B,3,119,100.7,2.80E-23,1,119,c0af92,1
RF00001,7oh3,3,1,121,88.8,3.30E-20,1,119,c0af92,1
RF00001,8bsi,LE,1,119,79.5,8.40E-18,1,119,c0af92,1
RF00001,8g34,A,2,117,77.2,3.20E-17,1,119,c0af92,1
RF00001,8v9k,B,3,116,77,3.50E-17,1,119,c0af92,1
RF00029,6chr,A,548,621,67.7,1.50E-13,1,93,c0af92,1
RF02541,4wt8,D1,1,2899,2575.9,0,6,2918,c0af92,1
RF02541,6c5l,DA,1,2913,2699.6,0,1,2925,c0af92,1
RF02541,6em4,1,1,3167,1242.6,0,156,2925,c0af92,0
RF02541,6frk,5,1,3441,935.7,0,159,2925,c0af92,0
RF02541,7rqc,2A,1,2912,2689.8,0,1,2925,c0af92,1
RF02541,8a22,A3,1,210,83.1,5.20E-26,701,906,c0af92,1
RF02541,8a98,2,1,1459,444.5,3.10E-146,1629,2925,c0af92,0
RF02541,8fiz,BA,1,2904,2889.8,0,1,2925,c0af92,1
RF02541,8fmw,AA,2,2929,2771.9,0,1,2925,c0af92,1
RF02543,4wt8,D1,142,2895,1085.3,3.80E-296,1,3401,c0af92,0
RF02543,6c5l,DA,149,2902,1152.1,0,1,3401,c0af92,0
RF02543,6em4,1,4,3396,3401.6,0,1,3401,c0af92,1
RF02543,6frk,5,3,3658,2740.4,0,1,3401,c0af92,1
RF02543,7rqc,2A,148,2901,1152.1,0,1,3401,c0af92,0
RF02543,8a98,2,1,1438,1023.2,2.80E-279,1829,3401,c0af92,1
RF02543,8fiz,BA,160,2893,1270.5,0,1,3401,c0af92,0
RF02543,8fmw,AA,155,2918,1218.4,0,1,3401,c0af92,0
RF00001,4v4g,HA,2,118,71.6,8.80E-16,1,119,c0af92,1
RF00001,4v8a,AB,3,119,100.7,2.80E-23,1,119,c0af92,1
RF00001,6by1,CB,2,117,77.2,3.20E-17,1,119,c0af92,1
RF00001,6p5k,7,1,119,118.9,5.20E-28,1,119,c0af92,1
RF00001,7o7y,B7,1,119,118.9,5.30E-28,1,119,c0af92,1
RF00001,7ss9,2,3,118,77.2,3.20E-17,1,119,c0af92,1
RF00001,8cgk,b,3,118,77.2,3.20E-17,1,119,c0af92,1
RF00001,8qoa,b,3,118,77.2,3.20E-17,1,119,c0af92,1
RF02541,3cc4,0,1,2923,1747.5,0,1,2925,c0af92,0
RF02541,4u1u,BA,1,2903,2882.1,0,1,2925,c0af92,1
RF02541,5j4b,2A,1,2912,2689.8,0,1,2925,c0af92,1
RF02541,6ndk,YA,1,2912,2689.8,0,1,2925,c0af92,1
RF02541,6q95,1,1,2913,2699.6,0,1,2925,c0af92,1
RF02541,6qnq,14,1,2914,2708.4,0,1,2925,c0af92,1
RF02541,6xdr,a,1,2904,2889.7,0,1,2925,c0af92,1
RF02541,7a5k,A3,1,1454,372.4,4.50E-122,426,2925,c0af92,1
RF02541,8g2a,1A,1,2912,2687.2,0,1,2925,c0af92,1
RF02541,8hl4,A23S,4,3022,1914,0,1,2925,c0af92,0
RF02541,8jdm,D,1277,4822,596.4,1.40E-196,1,2923,c0af92,0
RF02541,8jdm,D,5,420,123.7,3.10E-38,30,555,c0af92,0
RF02541,8k2d,C1,1,3167,1242.6,0,156,2925,c0af92,0
RF02543,3cc4,0,132,2915,1473.3,0,1,3401,c0af92,0
RF02543,4u1u,BA,160,2893,1270.5,0,1,3401,c0af92,0
RF02543,5j4b,2A,148,2901,1152.1,0,1,3401,c0af92,0
RF02543,6ndk,YA,148,2901,1152.1,0,1,3401,c0af92,0
RF02543,6q95,1,149,2902,1152.1,0,1,3401,c0af92,0
RF02543,6qnq,14,153,2903,1154.9,0,1,3401,c0af92,0
RF02543,6xdr,a,160,2893,1270.5,0,1,3401,c0af92,0
RF02543,8g2a,1A,148,2901,1149.2,0,1,3401,c0af92,0
RF02543,8hl4,A23S,139,3018,1666,0,1,3401,c0af92,0
RF02543,8jdm,D,3,5069,2376.7,0,1,3401,c0af92,1
RF02543,8k2d,C1,4,3396,3401.6,0,1,3401,c0af92,1
RF00001,3bbx,A,3,118,77.2,3.20E-17,1,119,c0af92,1
RF00001,4v63,DB,5,121,100.7,2.80E-23,1,119,c0af92,1
RF00001,4w2g,DB,3,119,100.7,2.80E-23,1,119,c0af92,1
RF00001,5lzx,7,1,119,118.9,5.30E-28,1,119,c0af92,1
RF00001,6qik,x,1,121,88.8,3.30E-20,1,119,c0af92,1
RF00001,6ys3,a,3,118,77.2,3.20E-17,1,119,c0af92,1
RF00001,7rr5,C4,1,121,88.8,3.30E-20,1,119,c0af92,1
RF00001,7zrs,4,1,121,88.8,3.30E-20,1,119,c0af92,1
RF00001,8fto,b,3,118,77.2,3.20E-17,1,119,c0af92,1
RF00001,8ipa,TB,1,119,120.7,1.80E-28,1,119,c0af92,1
RF00029,6me0,A,789,866,52.1,1.40E-09,1,93,c0af92,1
RF00028,7xd6,N,24,330,117.1,5.70E-31,1,251,c0af92,1
RF02541,5tgm,5,1,2921,1223.4,0,158,2925,c0af92,0
RF02541,6h4n,A,1,2903,2870.8,0,1,2925,c0af92,1
RF02541,7md7,2A,1,2912,2689.8,0,1,2925,c0af92,1
RF02541,7ope,A,1,2926,3004,0,1,2923,c0af92,1
RF02541,8ipa,RB,1,3172,1129,0,152,2925,c0af92,0
RF02541,8ipb,RB,1,3172,1129,0,152,2925,c0af92,0
RF02541,8p2g,A,1,2923,2983.9,0,1,2925,c0af92,1
RF02541,8pvl,C1,1,3151,1258.3,0,155,2925,c0af92,0
RF02543,5tgm,5,2,3150,3266.8,0,1,3401,c0af92,1
RF02543,6h4n,A,160,2893,1262.5,0,1,3401,c0af92,0
RF02543,7md7,2A,148,2901,1152.1,0,1,3401,c0af92,0
RF02543,7ope,A,163,2917,1278.8,0,1,3401,c0af92,0
RF02543,8ipa,RB,4,3386,3203.2,0,1,3401,c0af92,1
RF02543,8ipb,RB,4,3386,3203.2,0,1,3401,c0af92,1
RF02543,8p2g,A,164,2912,1324.3,0,1,3401,c0af92,0
RF02543,8pvl,C1,5,3339,3387.9,0,1,3401,c0af92,1
RF00001,1yi2,9,1,121,75.2,1.10E-16,1,119,c0af92,1
RF00001,4u26,DB,3,118,77.2,3.20E-17,1,119,c0af92,1
RF00001,4v53,BA,3,118,77.2,3.20E-17,1,119,c0af92,1
RF00001,4v6a,DB,3,119,100.7,2.80E-23,1,119,c0af92,1
RF00001,5lzy,7,1,119,118.9,5.30E-28,1,119,c0af92,1
RF00001,5u9g,2,3,118,77.2,3.20E-17,1,119,c0af92,1
RF00001,6xij,d,3,118,77.2,3.20E-17,1,119,c0af92,1
RF00001,8ie3,5,1,119,118.9,5.30E-28,1,119,c0af92,1
RF00001,8pvk,C4,1,119,87.6,6.60E-20,1,118,c0af92,1
RF00001,8rjc,u,1,119,118.9,5.30E-28,1,119,c0af92,1
RF00028,2rkj,G,1,209,80.2,1.30E-20,21,251,c0af92,1
RF02541,1eg0,L,1,56,57.1,7.00E-18,1094,1149,c0af92,1
RF02541,1jzx,A,1,2878,2737.8,0,1,2925,c0af92,1
RF02541,1vvj,RA,1,2913,2699.6,0,1,2925,c0af92,1
RF02541,2qa4,0,2,2920,1740.4,0,1,2925,c0af92,0
RF02541,4u51,1,1,3167,1242.6,0,156,2925,c0af92,0
RF02541,6spf,A,1,2888,2908,0,1,2925,c0af92,1
RF02541,6t7t,C1,1,2955,1224.6,0,158,2925,c0af92,0
RF02541,8a57,A,1,2931,2942.3,0,1,2925,c0af92,1
RF02541,8ekb,2A,1,2912,2689.8,0,1,2925,c0af92,1
RF02541,8hku,A23S,4,3022,1914,0,1,2925,c0af92,0
RF02541,8hl1,A23S,4,3022,1914,0,1,2925,c0af92,0
RF02541,8kie,a,1,2904,2889.7,0,1,2925,c0af92,1
RF02543,1jzx,A,137,2867,1236,0,1,3401,c0af92,0
RF02543,1vvj,RA,149,2902,1152.1,0,1,3401,c0af92,0
RF02543,2qa4,0,131,2914,1469.1,0,1,3401,c0af92,0
RF02543,4u51,1,4,3396,3401.6,0,1,3401,c0af92,1
RF02543,6spf,A,159,2877,1256.1,0,1,3401,c0af92,0
RF02543,6t7t,C1,2,3184,3284.5,0,1,3401,c0af92,1
RF02543,8a57,A,162,2921,1245.2,0,1,3401,c0af92,0
RF02543,8ekb,2A,148,2901,1152.1,0,1,3401,c0af92,0
RF02543,8hku,A23S,139,3018,1666,0,1,3401,c0af92,0
RF02543,8hl1,A23S,139,3018,1666,0,1,3401,c0af92,0
RF02543,8kie,a,160,2893,1270.5,0,1,3401,c0af92,0
RF00001,1q82,B,1,121,77.4,2.90E-17,1,119,c0af92,1
RF00001,4v4i,x,4,120,100.7,2.80E-23,1,119,c0af92,1
RF00001,4v9l,DB,3,119,100.7,2.70E-23,1,119,c0af92,1
RF00001,4wf1,BB,3,118,77.2,3.20E-17,1,119,c0af92,1
RF00001,6ole,E,1,119,118.9,5.30E-28,1,119,c0af92,1
RF00001,6vyx,d,3,118,77.2,3.20E-17,1,119,c0af92,1
RF00001,7bl2,B,3,118,77.2,3.20E-17,1,119,c0af92,1
RF00001,8am9,b,3,118,77.2,3.20E-17,1,119,c0af92,1
RF00001,8c3a,3,1,121,78.2,1.70E-17,1,119,c0af92,1
RF00028,7uvt,A,31,312,115.6,1.40E-30,1,251,c0af92,1
RF02541,1kc8,A,2,2920,1740.4,0,1,2925,c0af92,0
RF02541,3jbv,b,1,2904,2889.8,0,1,2925,c0af92,1
RF02541,4u20,BA,1,2903,2882.1,0,1,2925,c0af92,1
RF02541,5hau,1A,1,2912,2689.8,0,1,2925,c0af92,1
RF02541,5o61,A,1,3120,2730.5,0,1,2925,c0af92,1
RF02541,6o3m,RA,1,2912,2689.8,0,1,2925,c0af92,1
RF02541,6th6,BA,11,3037,1960.8,0,1,2925,c0af92,0
RF02541,6wdg,1,1,2903,2879.9,0,1,2925,c0af92,1
RF02541,6wdj,1,1,2903,2879.9,0,1,2925,c0af92,1
RF02541,7qws,5,1180,4754,648.7,4.10E-214,1,2856,c0af92,0
RF02541,7qws,5,5,420,123.7,2.90E-38,30,555,c0af92,0
RF02541,8uqm,a,1,2904,2889.7,0,1,2925,c0af92,1
RF02543,1kc8,A,131,2914,1469.1,0,1,3401,c0af92,0
RF02543,3jbv,b,160,2893,1270.5,0,1,3401,c0af92,0
RF02543,4u20,BA,160,2893,1270.5,0,1,3401,c0af92,0
RF02543,5hau,1A,148,2901,1152.1,0,1,3401,c0af92,0
RF02543,5o61,A,159,3113,1216.5,0,1,3401,c0af92,0
RF02543,6o3m,RA,148,2901,1152.1,0,1,3401,c0af92,0
RF02543,6th6,BA,151,3026,1632.2,0,1,3401,c0af92,0
RF02543,6wdg,1,160,2893,1269,0,1,3401,c0af92,0
RF02543,6wdj,1,160,2893,1269,0,1,3401,c0af92,0
RF02543,7qws,5,3,4754,2512.5,0,1,3401,c0af92,1
RF02543,8uqm,a,160,2893,1270.5,0,1,3401,c0af92,0
RF00001,1vq8,9,1,121,77.4,2.90E-17,1,119,c0af92,1
RF00001,1vy6,BB,3,119,100.7,2.80E-23,1,119,c0af92,1
RF00001,4v5b,CA,3,118,77.2,3.20E-17,1,119,c0af92,1
RF00001,4v9r,DB,3,119,100.7,2.80E-23,1,119,c0af92,1
RF00001,4wqr,16,5,121,100.7,2.80E-23,1,119,c0af92,1
RF00001,5j4d,HB,3,119,100.7,2.80E-23,1,119,c0af92,1
RF00001,6uo1,2B,3,119,100.7,2.80E-23,1,119,c0af92,1
RF00001,7bl3,B,3,118,77.2,3.20E-17,1,119,c0af92,1
RF00001,7ood,4,1,108,63.9,7.60E-14,1,119,c0af92,1
RF00001,7qgn,O,3,118,77.2,3.20E-17,1,119,c0af92,1
RF00001,7rq8,1B,3,119,100.7,2.80E-23,1,119,c0af92,1
RF00001,8cam,b,3,118,77.2,3.20E-17,1,119,c0af92,1
RF00001,8pfr,LE,1,121,88.8,3.30E-20,1,119,c0af92,1
RF00029,8fli,A,807,884,51.9,1.60E-09,1,93,c0af92,1
RF02541,4v9j,DA,1,2879,2712.2,0,6,2918,c0af92,1
RF02541,5hau,2A,1,2912,2689.8,0,1,2925,c0af92,1
RF02541,6ddg,1,1,2923,2986.2,0,1,2925,c0af92,1
RF02541,6x9q,a,1,2904,2889.7,0,1,2925,c0af92,1
RF02541,7a5k,8,1,1454,372.4,4.50E-122,426,2925,c0af92,1
RF02541,8akn,a,1,2903,2881.6,0,1,2925,c0af92,1
RF02541,8ekc,A,1,2904,2887.4,0,1,2925,c0af92,1
RF02541,8flf,L3,1277,4822,597.9,4.50E-197,1,2923,c0af92,0
RF02541,8flf,L3,5,420,123.7,3.10E-38,30,555,c0af92,0
RF02541,8oit,B8,1,1454,372.4,4.50E-122,426,2925,c0af92,1
RF02543,4v9j,DA,148,2875,1160.6,0,1,3401,c0af92,0
RF02543,5hau,2A,148,2901,1152.1,0,1,3401,c0af92,0
RF02543,6ddg,1,164,2912,1326.7,0,1,3401,c0af92,0
RF02543,6x9q,a,160,2893,1270.5,0,1,3401,c0af92,0
RF02543,8akn,a,160,2893,1269.4,0,1,3401,c0af92,0
RF02543,8ekc,A,160,2893,1267.9,0,1,3401,c0af92,0
RF02543,8flf,L3,3,5069,2379.3,0,1,3401,c0af92,1
RF00001,4adx,9,1,121,75.2,1.10E-16,1,119,c0af92,1
RF00001,4w29,BB,3,119,100.7,2.70E-23,1,119,c0af92,1
RF00001,5gag,B,3,118,77.2,3.20E-17,1,119,c0af92,1
RF00001,6dzp,B,3,116,77,3.50E-17,1,119,c0af92,1
RF00001,6hd7,3,1,121,88.8,3.30E-20,1,119,c0af92,1
RF00001,6wqn,2,1,115,59.8,9.40E-13,1,119,c0af92,1
RF00001,7p7r,B,1,115,75.8,6.90E-17,1,118,c0af92,1
RF00001,7qgu,B,1,116,88.7,3.40E-20,1,119,c0af92,1
RF00001,8a3w,8,5,123,96.6,3.10E-22,1,119,c0af92,1
RF00001,8yop,L7,1,119,118.9,5.30E-28,1,119,c0af92,1
RF02541,1nkw,0,1,2878,2737.8,0,1,2925,c0af92,1
RF02541,4v69,BB,1,2903,2882.1,0,1,2925,c0af92,1
RF02541,4wce,X,1,2923,2979.7,0,1,2925,c0af92,1
RF02541,4z3s,2A,1,2912,2689.8,0,1,2925,c0af92,1
RF02541,6fti,u,1,3441,935.7,0,159,2925,c0af92,0
RF02541,6hhq,1,1,3167,1242.6,0,156,2925,c0af92,0
RF02541,6og7,1,1,2903,2879.9,0,1,2925,c0af92,1
RF02541,6szs,A,1,2903,2882.1,0,1,2925,c0af92,1
RF02541,7a5j,A,1,1454,372.4,4.50E-122,426,2925,c0af92,1
RF02541,7m4v,A,8,2900,2893.9,0,1,2925,c0af92,1
RF02541,8a98,4,21,183,69.4,1.70E-21,2652,2817,c0af92,0
RF02541,8.00E+41,I,1,2904,2887.4,0,1,2925,c0af92,1
RF02541,8vtu,2A,1,2912,2689.8,0,1,2925,c0af92,1
RF02543,1nkw,0,137,2867,1236,0,1,3401,c0af92,0
RF02543,4v69,BB,160,2893,1270.5,0,1,3401,c0af92,0
RF02543,4wce,X,164,2912,1321.4,0,1,3401,c0af92,0
RF02543,4z3s,2A,148,2901,1152.1,0,1,3401,c0af92,0
RF02543,6fti,u,3,3662,2746.4,0,1,3401,c0af92,1
RF02543,6hhq,1,4,3396,3401.6,0,1,3401,c0af92,1
RF02543,6og7,1,160,2893,1269,0,1,3401,c0af92,0
RF02543,6szs,A,160,2893,1270.5,0,1,3401,c0af92,0
RF02543,7m4v,A,167,2888,1271.3,0,1,3401,c0af92,0
RF02543,8a98,4,25,180,104.9,7.90E-27,3007,3161,c0af92,1
RF02543,8.00E+41,I,160,2893,1267.9,0,1,3401,c0af92,0
RF02543,8vtu,2A,148,2901,1152.1,0,1,3401,c0af92,0
RF00001,1yij,9,1,121,75.2,1.10E-16,1,119,c0af92,1
RF00001,3j5l,B,2,117,77.2,3.20E-17,1,119,c0af92,1
RF00001,4v5c,BB,3,119,100.7,2.80E-23,1,119,c0af92,1
RF00001,4v5d,DB,3,119,100.7,2.80E-23,1,119,c0af92,1
RF00001,4v9n,DB,3,119,100.7,2.70E-23,1,119,c0af92,1
RF00001,4wf9,Y,1,114,60.1,8.00E-13,1,119,c0af92,1
RF00001,6vu3,d,3,118,77.2,3.20E-17,1,119,c0af92,1
RF00001,6vyu,d,3,118,77.2,3.20E-17,1,119,c0af92,1
RF00001,6w6p,B,1,116,83.5,7.30E-19,1,119,c0af92,1
RF00001,7qvp,L9,1,119,118.9,5.30E-28,1,119,c0af92,1
RF00001,8fn2,B,2,112,68.4,5.50E-15,1,119,c0af92,1
RF00001,8g2b,1B,3,119,100.7,2.80E-23,1,119,c0af92,1
RF00028,7yg8,N,11,317,117.1,5.20E-31,1,251,c0af92,1
RF02541,4v9o,AA,1,2904,2889.8,0,1,2925,c0af92,1
RF02541,5e7k,14,1,2914,2708.4,0,1,2925,c0af92,1
RF02541,5el6,14,1,2912,2697.7,0,1,2923,c0af92,1
RF02541,6t83,Aa,1,3167,1242.6,0,156,2925,c0af92,0
RF02541,6vz2,a,1,2904,2889.7,0,1,2925,c0af92,1
RF02541,7pkt,7,1,578,333.9,1.40E-109,1640,2431,c0af92,1
RF02541,7qv3,V,1,2928,3017.2,0,1,2925,c0af92,1
RF02541,7ssl,1,1,2903,2879.9,0,1,2925,c0af92,1
RF02541,8bgh,0,1,2904,2889.8,0,1,2925,c0af92,1
RF02541,8fkp,L3,1277,4822,597.9,4.50E-197,1,2923,c0af92,0
RF02541,8fkp,L3,5,420,123.7,3.10E-38,30,555,c0af92,0
RF02541,8g7s,A,1,2904,2887.4,0,1,2925,c0af92,1
RF02543,4v9o,AA,160,2893,1270.5,0,1,3401,c0af92,0
RF02543,5e7k,14,153,2903,1154.9,0,1,3401,c0af92,0
RF02543,5el6,14,153,2903,1154.9,0,1,3401,c0af92,0
RF02543,6t83,Aa,4,3396,3401.6,0,1,3401,c0af92,1
RF02543,6vz2,a,160,2893,1270.5,0,1,3401,c0af92,0
RF02543,7pkt,7,1,578,151.5,3.50E-39,1840,2784,c0af92,0
RF02543,7qv3,V,163,2917,1278.8,0,1,3401,c0af92,0
RF02543,7ssl,1,160,2893,1269,0,1,3401,c0af92,0
RF02543,8bgh,0,160,2893,1270.5,0,1,3401,c0af92,0
RF02543,8fkp,L3,3,5069,2379.3,0,1,3401,c0af92,1
RF02543,8g7s,A,160,2893,1267.9,0,1,3401,c0af92,0
RF00001,5jcs,z,1,121,88.8,3.30E-20,1,119,c0af92,1
RF00001,5mdv,3,3,118,77.2,3.20E-17,1,119,c0af92,1
RF00001,6d9j,7,1,119,118.9,5.20E-28,1,119,c0af92,1
RF00001,6i7o,YR,1,121,88.8,3.30E-20,1,119,c0af92,1
RF00001,6ord,RB,3,119,100.7,2.80E-23,1,119,c0af92,1
RF00001,6y6x,L7,1,119,118.9,5.30E-28,1,119,c0af92,1
RF00001,7abz,3,2,117,77.2,3.20E-17,1,119,c0af92,1
RF00001,7cpv,L7,1,119,118.9,5.30E-28,1,119,c0af92,1
RF00001,7phb,4,1,108,63.9,7.60E-14,1,119,c0af92,1
RF00001,7q08,3,1,121,78.2,1.70E-17,1,119,c0af92,1
RF00001,8cvk,1B,3,119,100.7,2.80E-23,1,119,c0af92,1
RF00001,8cvk,2B,3,119,100.7,2.80E-23,1,119,c0af92,1
RF00001,8hl2,A5S,4,122,58.7,1.90E-12,1,119,c0af92,1
RF00001,8pv4,C4,1,119,87.6,6.60E-20,1,118,c0af92,1
RF00001,8qbt,B,3,118,77.2,3.20E-17,1,119,c0af92,1
RF00001,8scb,7,1,119,118.9,5.30E-28,1,119,c0af92,1
RF02541,1m1k,A,2,2920,1740.4,0,1,2925,c0af92,0
RF02541,3jag,5,1,3441,935.7,0,159,2925,c0af92,0
RF02541,3jcs,4,21,183,69.4,1.70E-21,2652,2817,c0af92,0
RF02541,4u1u,DA,1,2903,2882.1,0,1,2925,c0af92,1
RF02541,4v55,BB,1,2904,2889.8,0,1,2925,c0af92,1
RF02541,4v5r,BA,1,2913,2694.3,0,1,2925,c0af92,1
RF02541,5j8a,CA,1,2904,2883.8,0,1,2925,c0af92,1
RF02541,5wit,2A,1,2912,2689.8,0,1,2925,c0af92,1
RF02541,6ot3,1,1,2903,2879.7,0,1,2925,c0af92,1
RF02541,9fbv,a,1,2903,2880.4,0,1,2925,c0af92,1
RF02543,1m1k,A,131,2914,1469.1,0,1,3401,c0af92,0
RF02543,3jag,5,3,3662,2746.4,0,1,3401,c0af92,1
RF02543,3jcs,4,25,180,104.9,7.90E-27,3007,3161,c0af92,1
RF02543,4u1u,DA,160,2893,1270.5,0,1,3401,c0af92,0
RF02543,4v55,BB,160,2893,1270.5,0,1,3401,c0af92,0
RF02543,4v5r,BA,149,2902,1146.4,0,1,3401,c0af92,0
RF02543,5j8a,CA,160,2893,1263.1,0,1,3401,c0af92,0
RF02543,5wit,2A,148,2901,1152.1,0,1,3401,c0af92,0
RF02543,6ot3,1,160,2893,1267.9,0,1,3401,c0af92,0
RF02543,9fbv,a,160,2893,1267,0,1,3401,c0af92,0
RF00001,4w2h,BB,3,119,100.7,2.80E-23,1,119,c0af92,1
RF00001,5dgf,7,1,121,88.8,3.30E-20,1,119,c0af92,1
RF00001,5j88,CB,3,118,77.2,3.20E-17,1,119,c0af92,1
RF00001,5ndj,16,5,121,100.7,2.80E-23,1,119,c0af92,1
RF00001,6ot3,3,3,118,77.2,3.20E-17,1,119,c0af92,1
RF00001,6wd2,2,3,118,77.2,3.20E-17,1,119,c0af92,1
RF00001,8a98,8,5,123,96.1,4.40E-22,1,119,c0af92,1
RF00001,8eug,9,51,169,109.5,2.70E-25,1,119,c0af92,1
RF00001,8p60,L70,1,119,93.6,1.80E-21,1,119,c0af92,1
RF00029,5g2x,A,595,692,51.1,2.00E-09,1,93,c0af92,1
RF00028,7xsm,N,31,312,115.6,1.40E-30,1,251,c0af92,1
RF02541,1sm1,0,1,2878,2737.8,0,1,2925,c0af92,1
RF02541,2om7,I,1,58,61.4,2.60E-19,1093,1150,c0af92,1
RF02541,4u6f,1,1,3167,1242.6,0,156,2925,c0af92,0
RF02541,4v56,BB,1,2904,2889.8,0,1,2925,c0af92,1
RF02541,6wd3,1,1,2903,2879.9,0,1,2925,c0af92,1
RF02541,6xiq,1,1,3166,1242.8,0,156,2925,c0af92,0
RF02541,7pkt,8,1,413,210.9,1.60E-68,2439,2822,c0af92,1
RF02541,7qgu,A,1,2928,3013.9,0,1,2925,c0af92,1
RF02541,8.00E+35,I,1,2904,2887.4,0,1,2925,c0af92,1
RF02541,8fl4,L3,1277,4822,597.9,4.50E-197,1,2923,c0af92,0
RF02541,8fl4,L3,5,420,123.7,3.10E-38,30,555,c0af92,0
RF02541,8p8u,A,1,3167,1242.6,0,156,2925,c0af92,0
RF02541,8pk0,A,1,1485,350.6,9.50E-115,426,2925,c0af92,1
RF02543,1sm1,0,137,2867,1236,0,1,3401,c0af92,0
RF02543,4u6f,1,4,3396,3401.6,0,1,3401,c0af92,1
RF02543,4v56,BB,160,2893,1270.5,0,1,3401,c0af92,0
RF02543,6wd3,1,160,2893,1269,0,1,3401,c0af92,0
RF02543,6xiq,1,4,3395,3401.9,0,1,3401,c0af92,1
RF02543,7pkt,8,1,199,117.2,7.60E-30,2786,2989,c0af92,0
RF02543,7qgu,A,163,2917,1279.4,0,1,3401,c0af92,0
RF02543,8.00E+35,I,160,2893,1267.9,0,1,3401,c0af92,0
RF02543,8fl4,L3,3,5069,2379.3,0,1,3401,c0af92,1
RF02543,8p8u,A,4,3396,3401.6,0,1,3401,c0af92,1
RF00010,3q1q,B,1,347,269.5,6.40E-88,1,367,c0af92,1
RF00001,3j7z,B,2,117,77.2,3.20E-17,1,119,c0af92,1
RF00001,3jcj,0,2,117,77.2,3.20E-17,1,119,c0af92,1
RF00001,4v50,DA,3,118,77.2,3.20E-17,1,119,c0af92,1
RF00001,4v5y,DA,3,118,77.2,3.20E-17,1,119,c0af92,1
RF00001,5o2r,B,3,118,77.2,3.20E-17,1,119,c0af92,1
RF00001,5tbw,3,1,121,88.8,3.30E-20,1,119,c0af92,1
RF00001,6osi,RB,3,119,100.7,2.80E-23,1,119,c0af92,1
RF00001,6oxa,RB,5,121,100.7,2.80E-23,1,119,c0af92,1
RF00001,6r86,3,1,121,88.8,3.30E-20,1,119,c0af92,1
RF00001,6x7k,d,3,118,77.2,3.20E-17,1,119,c0af92,1
RF00001,6xu7,A7,1,119,95.2,7.30E-22,1,119,c0af92,1
RF00001,7asn,B,1,106,56.8,5.40E-12,7,119,c0af92,1
RF00001,7pjv,B,3,118,77.2,3.20E-17,1,119,c0af92,1
RF00001,7qq3,J,3,118,75.5,9.00E-17,1,119,c0af92,1
RF00001,7rqb,2B,3,119,100.7,2.80E-23,1,119,c0af92,1
RF00001,7st7,2,3,118,77.2,3.20E-17,1,119,c0af92,1
RF00001,7xnx,L2,1,119,118.9,5.30E-28,1,119,c0af92,1
RF00169,5gad,1,9,105,65.5,9.60E-16,1,97,c0af92,1
RF02541,1vq7,0,2,2920,1740.4,0,1,2925,c0af92,0
RF02541,4v6i,DA,1,3167,1242.6,0,156,2925,c0af92,0
RF02541,4v8f,DA,1,2912,2697.7,0,1,2923,c0af92,1
RF02541,4w4g,YA,1,2913,2699.6,0,1,2925,c0af92,1
RF02541,6b4v,FB,1,2880,2709.2,0,6,2918,c0af92,1
RF02541,6oig,5,1,3165,1242.6,0,158,2925,c0af92,0
RF02541,7pd3,A,1,1454,372.5,4.20E-122,426,2925,c0af92,1
RF02541,7pis,3,3,2907,2658.1,0,1,2925,c0af92,1
RF02541,7ssn,1,1,2903,2879.9,0,1,2925,c0af92,1
RF02543,1vq7,0,131,2914,1469.1,0,1,3401,c0af92,0
RF02543,4v6i,DA,4,3396,3401.6,0,1,3401,c0af92,1
RF02543,4v8f,DA,153,2903,1154.9,0,1,3401,c0af92,0
RF02543,4w4g,YA,149,2902,1152.1,0,1,3401,c0af92,0
RF02543,6b4v,FB,146,2876,1162,0,1,3401,c0af92,0
RF02543,6oig,5,2,3394,3401.6,0,1,3401,c0af92,1
RF02543,7pis,3,167,2896,1188.2,0,1,3401,c0af92,0
RF02543,7ssn,1,160,2893,1269,0,1,3401,c0af92,0
RF00001,4tub,YB,3,119,100.7,2.80E-23,1,119,c0af92,1
RF00001,4v9f,9,1,121,75.2,1.10E-16,1,119,c0af92,1
RF00001,4v9o,GB,3,118,77.2,3.20E-17,1,119,c0af92,1
RF00001,8fc2,2B,3,119,100.7,2.80E-23,1,119,c0af92,1
RF02541,3j0l,2,1,112,55,7.10E-17,1861,1988,c0af92,0
RF02541,4v7r,D1,1,3167,1242.6,0,156,2925,c0af92,0
RF02541,4wq1,14,1,2912,2697.7,0,1,2923,c0af92,1
RF02541,5j88,CA,1,2904,2883.8,0,1,2925,c0af92,1
RF02541,5mlc,A,1,2811,2420.2,0,1,2819,c0af92,1
RF02541,5t2a,A,1,1781,391.4,2.40E-128,160,1521,c0af92,0
RF02541,8c97,A,1,2904,2889.8,0,1,2925,c0af92,1
RF02543,3j0l,2,1,112,149.1,3.10E-39,2200,2311,c0af92,1
RF02543,4v7r,D1,4,3396,3401.6,0,1,3401,c0af92,1
RF02543,4wq1,14,153,2903,1154.9,0,1,3401,c0af92,0
RF02543,5j88,CA,160,2893,1263.1,0,1,3401,c0af92,0
RF02543,5mlc,A,143,2811,1111.3,0,1,3166,c0af92,0
RF02543,5t2a,A,2,1781,927.9,6.50E-253,1,1639,c0af92,1
RF02543,8c97,A,160,2893,1270.5,0,1,3401,c0af92,0
RF00001,3j6y,5S,1,121,88.8,3.30E-20,1,119,c0af92,1
RF00001,4v6e,DB,2,117,77.2,3.20E-17,1,119,c0af92,1
RF00001,4v6r,BA,3,118,77.2,3.20E-17,1,119,c0af92,1
RF00001,4v79,BB,2,117,77.2,3.20E-17,1,119,c0af92,1
RF00001,4v8j,BB,3,119,100.7,2.80E-23,1,119,c0af92,1
RF00001,5a9z,AB,5,121,100.7,2.80E-23,1,119,c0af92,1
RF00001,5dge,3,1,121,88.8,3.30E-20,1,119,c0af92,1
RF00001,5h1s,B,4,120,52.2,9.50E-11,1,119,c0af92,1
RF00001,5uyl,2,3,118,77.2,3.20E-17,1,119,c0af92,1
RF00001,6r5q,7,1,119,118.9,5.30E-28,1,119,c0af92,1
RF00001,6swa,s,1,119,118.9,5.20E-28,1,119,c0af92,1
RF00001,6xza,B2,3,118,77.2,3.20E-17,1,119,c0af92,1
RF00001,7k00,b,3,118,77.2,3.20E-17,1,119,c0af92,1
RF00001,7kgb,B,2,114,77.4,2.70E-17,1,119,c0af92,1
RF00001,7o5b,Y,1,111,75.9,6.60E-17,3,116,c0af92,1
RF00001,7q4k,BB,3,118,77.2,3.20E-17,1,119,c0af92,1
RF00001,7s0s,i,3,116,77,3.50E-17,1,119,c0af92,1
RF00001,8rct,82,3,118,77.2,3.20E-17,1,119,c0af92,1
RF00001,8syl,B,3,118,74.8,1.40E-16,1,119,c0af92,1
RF00001,8wi8,B,3,116,77,3.50E-17,1,119,c0af92,1
RF00001,8xsx,L7,1,119,118.9,5.30E-28,1,119,c0af92,1
RF02541,1vvj,YA,1,2913,2699.6,0,1,2925,c0af92,1
RF02541,4tuc,YA,1,2912,2689.8,0,1,2925,c0af92,1
RF02541,4v5p,BA,1,2913,2694.3,0,1,2925,c0af92,1
RF02541,4v7p,CA,1,2879,2712.2,0,6,2918,c0af92,1
RF02541,4v9p,GA,1,2904,2889.8,0,1,2925,c0af92,1
RF02541,5fci,1,1,3167,1242.6,0,156,2925,c0af92,0
RF02541,5gaf,A,1,2883,2848.9,0,1,2925,c0af92,1
RF02541,5h1s,A,1,2810,2419.8,0,1,2818,c0af92,1
RF02541,5on6,AR,1,3167,1242.6,0,156,2925,c0af92,0
RF02541,6htq,A,1,2925,3001.1,0,1,2925,c0af92,1
RF02541,7s1i,I,1,2904,2887.4,0,1,2925,c0af92,1
RF02543,1vvj,YA,149,2902,1152.1,0,1,3401,c0af92,0
RF02543,4tuc,YA,148,2901,1152.1,0,1,3401,c0af92,0
RF02543,4v5p,BA,149,2902,1146.4,0,1,3401,c0af92,0
RF02543,4v7p,CA,148,2875,1160.6,0,1,3401,c0af92,0
RF02543,4v9p,GA,160,2893,1270.5,0,1,3401,c0af92,0
RF02543,5fci,1,4,3396,3401.6,0,1,3401,c0af92,1
RF02543,5gaf,A,160,2873,1249.5,0,1,3401,c0af92,0
RF02543,5h1s,A,143,2810,1110.5,0,1,3165,c0af92,0
RF02543,5on6,AR,4,3396,3401.6,0,1,3401,c0af92,1
RF02543,6htq,A,162,2916,1278.8,0,1,3401,c0af92,0
RF02543,7s1i,I,160,2893,1267.9,0,1,3401,c0af92,0
RF00001,3j9y,B,3,118,77.2,3.20E-17,1,119,c0af92,1
RF00001,4u53,7,1,121,88.8,3.30E-20,1,119,c0af92,1
RF00001,4v7v,BB,2,117,77.2,3.20E-17,1,119,c0af92,1
RF00001,4v9j,DB,3,119,100.7,2.70E-23,1,119,c0af92,1
RF00001,5hcr,1B,3,119,100.7,2.80E-23,1,119,c0af92,1
RF00001,5nco,B,3,118,77.2,3.20E-17,1,119,c0af92,1
RF00001,6gbz,B,3,118,77.2,3.20E-17,1,119,c0af92,1
RF00001,6gc4,B,3,118,77.2,3.20E-17,1,119,c0af92,1
RF00001,6vwn,3,3,118,77.2,3.20E-17,1,119,c0af92,1
RF00001,8jdl,E,1,119,118.9,5.30E-28,1,119,c0af92,1
RF00001,8vty,2B,3,119,100.7,2.80E-23,1,119,c0af92,1
RF00169,2j28,8,3,73,42.2,3.40E-09,1,97,c0af92,1
RF00169,5aka,7,1,74,51,9.50E-12,11,82,c0af92,1
RF02541,1q86,A,2,2920,1740.4,0,1,2925,c0af92,0
RF02541,2om7,J,1,102,70,6.10E-22,2120,2221,c0af92,1
RF02541,4v7x,BA,1,2784,2566.8,0,1,2925,c0af92,1
RF02541,4v9b,BA,1,2912,2697.7,0,1,2923,c0af92,1
RF02541,5vpp,YA,1,2912,2689.8,0,1,2925,c0af92,1
RF02541,5zzm,N,1,2903,2882.1,0,1,2925,c0af92,1
RF02541,6m62,1,1,3167,1242.6,0,156,2925,c0af92,0
RF02541,6o8w,A,1,2903,2933.3,0,1,2925,c0af92,1
RF02541,6vyx,a,1,2904,2889.7,0,1,2925,c0af92,1
RF02541,6ztj,BA,1,2904,2886.7,0,1,2925,c0af92,1
RF02541,8k82,C1,1,3167,1242.6,0,156,2925,c0af92,0
RF02541,8uu4,A,1,2932,2946.5,0,1,2925,c0af92,1
RF02543,1q86,A,131,2914,1469.1,0,1,3401,c0af92,0
RF02543,4v7x,BA,147,2773,1086.7,1.50E-296,1,3401,c0af92,0
RF02543,4v9b,BA,153,2903,1154.9,0,1,3401,c0af92,0
RF02543,5vpp,YA,148,2901,1152.1,0,1,3401,c0af92,0
RF02543,5zzm,N,160,2893,1270.5,0,1,3401,c0af92,0
RF02543,6m62,1,4,3396,3401.6,0,1,3401,c0af92,1
RF02543,6o8w,A,160,2895,1255.1,0,1,3401,c0af92,0
RF02543,6vyx,a,160,2893,1270.5,0,1,3401,c0af92,0
RF02543,6ztj,BA,160,2891,1267.3,0,1,3401,c0af92,0
RF02543,8k82,C1,4,3396,3401.6,0,1,3401,c0af92,1
RF02543,8uu4,A,162,2921,1244.8,0,1,3401,c0af92,0
RF00001,4d67,4,1,119,118.9,5.30E-28,1,119,c0af92,1
RF00001,4v6o,BA,3,118,77.2,3.20E-17,1,119,c0af92,1
RF00001,4wt8,Ds,3,119,100.7,2.70E-23,1,119,c0af92,1
RF00001,5doy,1B,3,119,100.7,2.80E-23,1,119,c0af92,1
RF00001,5hcp,1B,3,119,100.7,2.80E-23,1,119,c0af92,1
RF00001,5imq,E,5,121,100.7,2.80E-23,1,119,c0af92,1
RF00001,6z6j,C4,1,121,88.8,3.30E-20,1,119,c0af92,1
RF00001,7qep,2,1,119,105.8,1.30E-24,1,119,c0af92,1
RF00029,8k0r,C,563,633,41.1,5.10E-07,1,93,c0af92,1
RF00028,1x8w,A,1,237,101.5,1.00E-26,49,251,c0af92,1
RF02541,1yij,0,3,2921,1748.5,0,1,2925,c0af92,0
RF02541,3j5s,A,1,360,349.8,4.00E-115,1860,2219,c0af92,1
RF02541,3j8g,B,1,2903,2882.1,0,1,2925,c0af92,1
RF02541,4u50,5,1,3167,1242.6,0,156,2925,c0af92,0
RF02541,4w29,DA,1,2879,2712.2,0,6,2918,c0af92,1
RF02541,6oj2,RA,1,2912,2689.8,0,1,2925,c0af92,1
RF02541,6wd8,1,1,2903,2879.9,0,1,2925,c0af92,1
RF02541,7m4x,A,8,2900,2893.9,0,1,2925,c0af92,1
RF02541,7ohy,1,1,3167,1242.6,0,156,2925,c0af92,0
RF02541,7oya,51,1,3841,746.8,4.90E-247,159,2913,c0af92,0
RF02541,7uvz,A,8,2900,2893.9,0,1,2925,c0af92,1
RF02541,8rcs,71,1,2904,2885,0,1,2925,c0af92,1
RF02541,9bdn,A28S,1,3384,1017.7,0,159,2925,c0af92,0
RF02543,1yij,0,132,2915,1471.3,0,1,3401,c0af92,0
RF02543,3j5s,A,1,360,143.3,4.10E-37,2199,2517,c0af92,0
RF02543,3j8g,B,160,2893,1270.5,0,1,3401,c0af92,0
RF02543,4u50,5,4,3396,3401.6,0,1,3401,c0af92,1
RF02543,4w29,DA,148,2875,1160.6,0,1,3401,c0af92,0
RF02543,6oj2,RA,148,2901,1152.1,0,1,3401,c0af92,0
RF02543,6wd8,1,160,2893,1269,0,1,3401,c0af92,0
RF02543,7m4x,A,167,2888,1271.3,0,1,3401,c0af92,0
RF02543,7ohy,1,4,3396,3401.6,0,1,3401,c0af92,1
RF02543,7oya,51,3,4269,2641,0,1,3401,c0af92,1
RF02543,7uvz,A,167,2888,1271.3,0,1,3401,c0af92,0
RF02543,8rcs,71,160,2893,1267.9,0,1,3401,c0af92,0
RF02543,9bdn,A28S,3,3601,2855.6,0,1,3401,c0af92,1
RF00001,4u4r,3,1,121,88.8,3.30E-20,1,119,c0af92,1
RF00001,4w4g,YB,5,121,100.7,2.80E-23,1,119,c0af92,1
RF00001,5o61,B,3,116,77,3.50E-17,1,119,c0af92,1
RF00001,6gxo,B,3,118,77.2,3.20E-17,1,119,c0af92,1
RF00001,6i7v,CB,3,118,77.2,3.20E-17,1,119,c0af92,1
RF00001,6otr,RB,5,121,100.7,2.80E-23,1,119,c0af92,1
RF00001,6q9a,3,3,118,77.2,3.20E-17,1,119,c0af92,1
RF00001,6vyt,d,3,118,77.2,3.20E-17,1,119,c0af92,1
RF00001,6ysr,B,3,118,77.2,3.20E-17,1,119,c0af92,1
RF00001,7nhl,B,1,115,75,1.10E-16,1,119,c0af92,1
RF00001,8bjq,C4,1,121,88.8,3.30E-20,1,119,c0af92,1
RF00001,8glp,L7,1,119,118.9,5.30E-28,1,119,c0af92,1
RF00001,8upr,d,3,118,77.2,3.20E-17,1,119,c0af92,1
RF02541,2o43,A,1,2878,2737.8,0,1,2925,c0af92,1
RF02541,3j3w,A,1,2927,3006.7,0,1,2925,c0af92,1
RF02541,4u25,BA,1,2903,2882.1,0,1,2925,c0af92,1
RF02541,6d9j,5,1,3377,1012.7,0,159,2925,c0af92,0
RF02541,6olg,A2,1,3393,1016.5,0,159,2925,c0af92,0
RF02541,6sxo,L5,1277,4822,597.9,4.50E-197,1,2923,c0af92,0
RF02541,6sxo,L5,5,420,123.7,3.10E-38,30,555,c0af92,0
RF02541,6ywv,A,48,3440,887.9,2.10E-294,1,2925,c0af92,1
RF02541,8cam,a,1,2904,2889.8,0,1,2925,c0af92,1
RF02543,2o43,A,137,2867,1236,0,1,3401,c0af92,0
RF02543,3j3w,A,163,2917,1280.2,0,1,3401,c0af92,0
RF02543,4u25,BA,160,2893,1270.5,0,1,3401,c0af92,0
RF02543,6d9j,5,3,3594,2852.8,0,1,3401,c0af92,1
RF02543,6olg,A2,3,3611,2842.6,0,1,3401,c0af92,1
RF02543,6sxo,L5,3,5069,2379.3,0,1,3401,c0af92,1
RF02543,6ywv,A,332,3358,372.1,2.80E-99,1,3401,c0af92,0
RF02543,8cam,a,160,2893,1270.5,0,1,3401,c0af92,0
RF00001,4v6u,B3,1,120,77.9,2.20E-17,3,119,c0af92,1
RF00001,5czp,YB,3,119,100.7,2.80E-23,1,119,c0af92,1
RF00001,5ibb,1J,5,121,100.7,2.80E-23,1,119,c0af92,1
RF00001,5mc6,BR,1,121,88.8,3.30E-20,1,119,c0af92,1
RF00001,5zzm,M,3,118,77.2,3.20E-17,1,119,c0af92,1
RF00001,6ztm,BB,3,118,77.2,3.20E-17,1,119,c0af92,1
RF00001,7nfx,7,1,119,118.9,5.30E-28,1,119,c0af92,1
RF00001,7uqz,3,1,121,88.8,3.30E-20,1,119,c0af92,1
RF00001,8g2a,2B,3,119,100.7,2.80E-23,1,119,c0af92,1
RF00001,8uvs,2B,3,119,100.7,2.80E-23,1,119,c0af92,1
RF02541,1xbp,0,1,2878,2737.8,0,1,2925,c0af92,1
RF02541,3j9m,A,1,1454,372.4,4.50E-122,426,2925,c0af92,1
RF02541,4tua,RA,1,2912,2689.8,0,1,2925,c0af92,1
RF02541,4v7j,BA,1,2848,2576.2,0,6,2918,c0af92,1
RF02541,4v9q,CA,1,2879,2712.2,0,6,2918,c0af92,1
RF02541,5lzz,5,1,3326,977.8,0,159,2925,c0af92,0
RF02541,6woo,5,1,3042,1248.5,0,156,2925,c0af92,0
RF02541,7b5k,A,1,2897,2871.6,0,1,2925,c0af92,1
RF02541,7o7y,B5,1187,4808,639,7.00E-211,1,2856,c0af92,0
RF02541,7o7y,B5,5,420,128.6,6.90E-40,30,555,c0af92,0
RF02541,7st7,1,1,2903,2879.9,0,1,2925,c0af92,1
RF02541,8pv5,C1,1,3151,1258.3,0,155,2925,c0af92,0
RF02543,1xbp,0,137,2867,1236,0,1,3401,c0af92,0
RF02543,4tua,RA,148,2901,1152.1,0,1,3401,c0af92,0
RF02543,4v7j,BA,144,2844,1082,3.10E-295,1,3401,c0af92,0
RF02543,4v9q,CA,148,2875,1160.7,0,1,3401,c0af92,0
RF02543,5lzz,5,3,3543,2779.4,0,1,3401,c0af92,1
RF02543,6woo,5,4,3271,3348.3,0,1,3401,c0af92,1
RF02543,7b5k,A,160,2887,1266,0,1,3401,c0af92,0
RF02543,7o7y,B5,3,4808,2513.9,0,1,3401,c0af92,1
RF02543,7st7,1,160,2893,1269,0,1,3401,c0af92,0
RF02543,8pv5,C1,5,3339,3387.9,0,1,3401,c0af92,1
RF00001,1kd1,B,1,121,77.4,2.90E-17,1,119,c0af92,1
RF00001,4ypb,RB,5,121,100.7,2.80E-23,1,119,c0af92,1
RF00001,6ost,3,3,118,77.2,3.20E-17,1,119,c0af92,1
RF00001,6u48,CB,2,117,77.2,3.20E-17,1,119,c0af92,1
RF00001,6vyz,d,3,118,77.2,3.20E-17,1,119,c0af92,1
RF00001,6vz3,d,3,118,77.2,3.20E-17,1,119,c0af92,1
RF00001,6wnt,4,1069,1185,49.6,1.10E-08,1,119,c0af92,1
RF00001,7aqc,B,1,111,75.9,6.60E-17,3,116,c0af92,1
RF00001,7pwo,3,1,120,82.6,1.30E-18,1,119,c0af92,1
RF02541,5ndk,14,1,2914,2708.4,0,1,2925,c0af92,1
RF02541,5vpo,YA,1,2912,2689.8,0,1,2925,c0af92,1
RF02541,6wnt,4,1,3031,2770.4,0,1,2925,c0af92,1
RF02541,7bl6,A,1,2904,2889.8,0,1,2925,c0af92,1
RF02541,7m4w,A,8,2900,2893.9,0,1,2925,c0af92,1
RF02541,7oyb,51,1,3841,746.8,4.90E-247,159,2913,c0af92,0
RF02541,7y41,A,1,3120,2730.5,0,1,2925,c0af92,1
RF02541,8hl2,A23S,4,3022,1914,0,1,2925,c0af92,0
RF02541,8qbt,A,1,2903,2881,0,1,2925,c0af92,1
RF02541,8upo,a,1,2904,2889.7,0,1,2925,c0af92,1
RF02543,5ndk,14,153,2903,1154.9,0,1,3401,c0af92,0
RF02543,5vpo,YA,148,2901,1152.1,0,1,3401,c0af92,0
RF02543,6wnt,4,160,3021,1216.9,0,1,3401,c0af92,0
RF02543,7bl6,A,160,2893,1270.5,0,1,3401,c0af92,0
RF02543,7m4w,A,167,2888,1271.3,0,1,3401,c0af92,0
RF02543,7oyb,51,3,4269,2641,0,1,3401,c0af92,1
RF02543,7y41,A,159,3113,1216.5,0,1,3401,c0af92,0
RF02543,8hl2,A23S,139,3018,1666,0,1,3401,c0af92,0
RF02543,8qbt,A,160,2893,1270.3,0,1,3401,c0af92,0
RF02543,8upo,a,160,2893,1270.5,0,1,3401,c0af92,0
RF00001,4v54,BA,3,118,77.2,3.20E-17,1,119,c0af92,1
RF00001,4v5k,DB,3,119,100.7,2.80E-23,1,119,c0af92,1
RF00001,4v7f,3,1,121,88.8,3.30E-20,1,119,c0af92,1
RF00001,4yzv,RB,5,121,100.7,2.80E-23,1,119,c0af92,1
RF00001,6enu,B,3,118,77.2,3.20E-17,1,119,c0af92,1
RF00001,6gwt,B,3,118,77.2,3.20E-17,1,119,c0af92,1
RF00001,6n8m,B,1,121,88.8,3.30E-20,1,119,c0af92,1
RF00001,6o8w,B,1,116,83.5,7.30E-19,1,119,c0af92,1
RF00001,6xiq,3,1,121,81.6,2.40E-18,1,119,c0af92,1
RF00001,6ztj,BB,3,118,77.2,3.20E-17,1,119,c0af92,1
RF00001,7ohq,3,1,121,88.8,3.30E-20,1,119,c0af92,1
RF00001,7y7c,b,3,118,77.2,3.20E-17,1,119,c0af92,1
RF00001,8.00E+48,J,2,117,77.2,3.20E-17,1,119,c0af92,1
RF00001,8k2c,L7,1,119,118.9,5.30E-28,1,119,c0af92,1
RF02541,3g6e,0,1,2923,1747.5,0,1,2925,c0af92,0
RF02541,3j45,5,1,108,78.7,8.20E-25,2118,2225,c0af92,1
RF02541,4v4y,BA,1,2914,2686.5,0,1,2925,c0af92,1
RF02541,4v8c,BA,1,2912,2697.7,0,1,2923,c0af92,1
RF02541,4v9p,AA,1,2904,2889.8,0,1,2925,c0af92,1
RF02541,4zer,2A,1,2912,2689.8,0,1,2925,c0af92,1
RF02541,5lzv,5,1,3326,977.8,0,159,2925,c0af92,0
RF02541,6oli,t,1,3382,961.6,0,159,2925,c0af92,0
RF02541,6uz7,5,1,3136,1250.7,0,156,2925,c0af92,0
RF02541,7paq,3,3,2907,2658.1,0,1,2925,c0af92,1
RF02541,7u2i,2A,1,2912,2689.8,0,1,2925,c0af92,1
RF02541,8bil,0,1,2904,2889.8,0,1,2925,c0af92,1
RF02541,8hkv,A23S,4,3022,1914,0,1,2925,c0af92,0
RF02541,8ove,BG,21,183,61.7,6.40E-19,2652,2817,c0af92,0
RF02543,3g6e,0,132,2915,1473.3,0,1,3401,c0af92,0
RF02543,4v4y,BA,149,2903,1134.5,0,1,3401,c0af92,0
RF02543,4v8c,BA,153,2903,1154.9,0,1,3401,c0af92,0
RF02543,4v9p,AA,160,2893,1270.5,0,1,3401,c0af92,0
RF02543,4zer,2A,148,2901,1152.1,0,1,3401,c0af92,0
RF02543,5lzv,5,3,3543,2779.4,0,1,3401,c0af92,1
RF02543,6oli,t,3,3606,2746.1,0,1,3401,c0af92,1
RF02543,6uz7,5,4,3364,3393.1,0,1,3401,c0af92,1
RF02543,7paq,3,167,2896,1188.2,0,1,3401,c0af92,0
RF02543,7u2i,2A,148,2901,1152.1,0,1,3401,c0af92,0
RF02543,8bil,0,160,2893,1270.5,0,1,3401,c0af92,0
RF02543,8hkv,A23S,139,3018,1666,0,1,3401,c0af92,0
RF02543,8ove,BG,25,180,105,7.60E-27,3007,3161,c0af92,1
RF00001,4u3u,3,1,121,88.8,3.30E-20,1,119,c0af92,1
RF00001,4wf1,DB,3,118,77.2,3.20E-17,1,119,c0af92,1
RF00001,5we6,B,3,118,77.2,3.20E-17,1,119,c0af92,1
RF00001,6qul,B,3,118,77.2,3.20E-17,1,119,c0af92,1
RF00001,6s47,AB,1,121,88.8,3.30E-20,1,119,c0af92,1
RF00001,6y57,L7,1,119,118.9,5.30E-28,1,119,c0af92,1
RF00001,7azo,5SB,5,121,100.7,2.80E-23,1,119,c0af92,1
RF00001,7o80,B7,1,118,110.4,8.20E-26,2,119,c0af92,1
RF00001,7too,A5S,1,121,88.8,3.30E-20,1,119,c0af92,1
RF00001,8ipx,3,1,119,111.3,4.80E-26,1,119,c0af92,1
RF00001,8rxh,L8,5,123,96.6,3.10E-22,1,119,c0af92,1
RF02541,4v8o,BA,1,2913,2694.3,0,1,2925,c0af92,1
RF02541,6gxm,A,1,2903,2876.9,0,1,2925,c0af92,1
RF02541,6otr,YA,1,2912,2689.8,0,1,2925,c0af92,1
RF02541,6pcr,I,1,2904,2887.4,0,1,2925,c0af92,1
RF02541,6wd2,1,1,2903,2879.9,0,1,2925,c0af92,1
RF02541,6xdq,a,1,2904,2889.7,0,1,2925,c0af92,1
RF02541,6xqe,2A,1,2912,2689.8,0,1,2925,c0af92,1
RF02541,7k00,a,1,2904,2887.4,0,1,2925,c0af92,1
RF02541,7o5b,X,1,2887,2986.5,0,1,2925,c0af92,1
RF02541,7qi6,A,1,1454,372.4,4.50E-122,426,2925,c0af92,1
RF02541,8fto,a,1,2937,2880.1,0,1,2925,c0af92,1
RF02541,8t8c,1A,1,2912,2689.8,0,1,2925,c0af92,1
RF02541,8y36,A,1,2921,2974,0,1,2925,c0af92,1
RF02543,4v8o,BA,149,2902,1146.4,0,1,3401,c0af92,0
RF02543,6gxm,A,160,2893,1266.1,0,1,3401,c0af92,0
RF02543,6otr,YA,148,2901,1152.1,0,1,3401,c0af92,0
RF02543,6pcr,I,160,2893,1267.9,0,1,3401,c0af92,0
RF02543,6wd2,1,160,2893,1269,0,1,3401,c0af92,0
RF02543,6xdq,a,160,2893,1270.5,0,1,3401,c0af92,0
RF02543,6xqe,2A,148,2901,1152.1,0,1,3401,c0af92,0
RF02543,7k00,a,160,2893,1267.9,0,1,3401,c0af92,0
RF02543,7o5b,X,162,2878,1275,0,1,3401,c0af92,0
RF02543,8fto,a,160,2926,1271.2,0,1,3401,c0af92,0
RF02543,8t8c,1A,148,2901,1152.1,0,1,3401,c0af92,0
RF02543,8y36,A,162,2910,1326.6,0,1,3401,c0af92,0
RF00001,1vq6,9,1,121,77.4,2.90E-17,1,119,c0af92,1
RF00001,3ccj,9,1,121,75.2,1.10E-16,1,119,c0af92,1
RF00001,4u4y,3,1,121,88.8,3.30E-20,1,119,c0af92,1
RF00001,5mlc,B,4,120,52.2,9.50E-11,1,119,c0af92,1
RF00001,5nd8,B,1,114,60.1,8.00E-13,1,119,c0af92,1
RF00001,6ppk,B,1,116,88.7,3.40E-20,1,119,c0af92,1
RF00001,7nwt,3,3,118,77.2,3.20E-17,1,119,c0af92,1
RF00001,7u2h,1B,3,119,100.7,2.80E-23,1,119,c0af92,1
RF00001,8fc4,2B,3,119,100.7,2.80E-23,1,119,c0af92,1
RF00001,8q5i,3,1,121,78.2,1.70E-17,1,119,c0af92,1
RF00001,8t8b,2B,3,119,100.7,2.80E-23,1,119,c0af92,1
RF00028,1x8w,C,1,237,101.5,1.00E-26,49,251,c0af92,1
RF02541,1nji,A,2,2920,1740.4,0,1,2925,c0af92,0
RF02541,4ce4,A,1,1456,371.8,7.70E-122,252,2925,c0af92,1
RF02541,4l47,YA,1,2913,2699.6,0,1,2925,c0af92,1
RF02541,4p6f,YA,1,2912,2689.8,0,1,2925,c0af92,1
RF02541,5gah,A,1,2903,2882.1,0,1,2925,c0af92,1
RF02541,5lyb,1,1,3165,1242.6,0,158,2925,c0af92,0
RF02541,5ool,A,1,1454,372.4,4.50E-122,426,2925,c0af92,1
RF02541,6cfk,2A,1,2912,2689.8,0,1,2925,c0af92,1
RF02541,6xhy,2A,1,2912,2689.8,0,1,2925,c0af92,1
RF02541,8jdk,D,1277,4822,596.4,1.40E-196,1,2923,c0af92,0
RF02541,8jdk,D,5,420,123.7,3.10E-38,30,555,c0af92,0
RF02541,8pv4,C1,1,3151,1258.3,0,155,2925,c0af92,0
RF02543,1nji,A,131,2914,1469.1,0,1,3401,c0af92,0
RF02543,4l47,YA,149,2902,1152.1,0,1,3401,c0af92,0
RF02543,4p6f,YA,148,2901,1152.1,0,1,3401,c0af92,0
RF02543,5gah,A,160,2893,1270.5,0,1,3401,c0af92,0
RF02543,5lyb,1,2,3394,3401.6,0,1,3401,c0af92,1
RF02543,6cfk,2A,148,2901,1152.1,0,1,3401,c0af92,0
RF02543,6xhy,2A,148,2901,1152.1,0,1,3401,c0af92,0
RF02543,8jdk,D,3,5069,2376.7,0,1,3401,c0af92,1
RF02543,8pv4,C1,5,3339,3387.9,0,1,3401,c0af92,1
RF00001,3jbn,AB,1,118,103.9,3.90E-24,1,119,c0af92,1
RF00001,4io9,Y,5,121,71.6,9.10E-16,1,119,c0af92,1
RF00001,4v97,BB,3,119,100.7,2.80E-23,1,119,c0af92,1
RF00001,6om7,E,1,119,118.9,5.30E-28,1,119,c0af92,1
RF00001,6orl,3,3,118,77.2,3.20E-17,1,119,c0af92,1
RF00001,6t83,Bb,1,121,88.8,3.30E-20,1,119,c0af92,1
RF00001,8rq2,B,3,118,77.2,3.20E-17,1,119,c0af92,1
RF00001,8rxx,L8,5,123,96.6,3.10E-22,1,119,c0af92,1
RF00001,8t8b,1B,3,119,100.7,2.80E-23,1,119,c0af92,1
RF02541,4d5y,2,1245,4801,585.3,7.30E-193,1,2923,c0af92,0
RF02541,4d5y,2,5,411,127.9,1.20E-39,30,555,c0af92,0
RF02541,4v97,BA,1,2912,2689.8,0,1,2925,c0af92,1
RF02541,6i7o,YQ,1,3167,1242.6,0,156,2925,c0af92,0
RF02541,6wrs,1,1,2923,2985.2,0,1,2925,c0af92,1
RF02541,7k52,1,1,2903,2879.9,0,1,2925,c0af92,1
RF02541,7nsj,BA,1,1457,360.6,4.30E-118,200,2925,c0af92,1
RF02541,7pal,3,3,2907,2658.1,0,1,2925,c0af92,1
RF02541,8.00E+36,I,1,2904,2887.4,0,1,2925,c0af92,1
RF02541,8rxh,L2,1,1459,443.1,9.60E-146,1629,2925,c0af92,0
RF02543,4d5y,2,3,5024,2378.4,0,1,3401,c0af92,1
RF02543,4v97,BA,148,2901,1152.1,0,1,3401,c0af92,0
RF02543,6i7o,YQ,4,3396,3401.6,0,1,3401,c0af92,1
RF02543,6wrs,1,164,2912,1330.4,0,1,3401,c0af92,0
RF02543,7k52,1,160,2893,1269,0,1,3401,c0af92,0
RF02543,7pal,3,167,2896,1188.2,0,1,3401,c0af92,0
RF02543,8.00E+36,I,160,2893,1267.9,0,1,3401,c0af92,0
RF02543,8rxh,L2,1,1438,1022.4,4.40E-279,1829,3401,c0af92,1
RF00001,5we4,B,3,118,77.2,3.20E-17,1,119,c0af92,1
RF00001,6wd5,2,3,118,77.2,3.20E-17,1,119,c0af92,1
RF00001,7m4x,B,1,115,83.5,7.30E-19,1,119,c0af92,1
RF00001,8c94,B,3,118,77.2,3.20E-17,1,119,c0af92,1
RF00001,8ipd,3,1,119,111.3,4.80E-26,1,119,c0af92,1
RF00169,4xco,E,46,90,42.3,4.10E-09,23,67,c0af92,1
RF02541,3cf5,X,1,2878,2737.8,0,1,2925,c0af92,1
RF02541,4u26,BA,1,2903,2882.1,0,1,2925,c0af92,1
RF02541,4v77,BA,1,2903,2882.1,0,1,2925,c0af92,1
RF02541,5l3p,A,1,2903,2874.5,0,1,2925,c0af92,1
RF02541,6enu,A,1,2903,2871.7,0,1,2925,c0af92,1
RF02541,7aqd,A,1,2918,2980.3,0,1,2925,c0af92,1
RF02541,7s1j,I,1,2904,2887.4,0,1,2925,c0af92,1
RF02541,7ttu,1,1,2923,2986.8,0,1,2925,c0af92,1
RF02541,8c3a,AS,1,3136,1228.3,0,159,2925,c0af92,0
RF02541,8cvj,2A,1,2912,2689.8,0,1,2925,c0af92,1
RF02543,3cf5,X,137,2867,1236,0,1,3401,c0af92,0
RF02543,4u26,BA,160,2893,1270.5,0,1,3401,c0af92,0
RF02543,4v77,BA,160,2893,1270.5,0,1,3401,c0af92,0
RF02543,5l3p,A,160,2893,1263.6,0,1,3401,c0af92,0
RF02543,6enu,A,160,2893,1264,0,1,3401,c0af92,0
RF02543,7aqd,A,161,2910,1263.8,0,1,3401,c0af92,0
RF02543,7s1j,I,160,2893,1267.9,0,1,3401,c0af92,0
RF02543,7ttu,1,164,2912,1327.7,0,1,3401,c0af92,0
RF02543,8c3a,AS,1,3359,3380.6,0,1,3401,c0af92,1
RF02543,8cvj,2A,148,2901,1152.1,0,1,3401,c0af92,0
RF00001,4lsk,RB,3,119,100.7,2.80E-23,1,119,c0af92,1
RF00001,4uy8,B,2,117,77.2,3.20E-17,1,119,c0af92,1
RF00001,4v5s,DB,5,121,100.7,2.80E-23,1,119,c0af92,1
RF00001,4v8n,DB,5,121,100.7,2.80E-23,1,119,c0af92,1
RF00001,4v9j,BB,3,119,100.7,2.70E-23,1,119,c0af92,1
RF00001,4woi,BB,3,118,77.2,3.20E-17,1,119,c0af92,1
RF00001,6ha8,B,1,111,75.9,6.60E-17,3,116,c0af92,1
RF00001,6vz5,d,3,118,77.2,3.20E-17,1,119,c0af92,1
RF00001,7a01,d2,1,119,118.9,5.30E-28,1,119,c0af92,1
RF00001,7m4z,B,1,115,83.5,7.30E-19,1,119,c0af92,1
RF00001,7rqb,1B,3,119,100.7,2.80E-23,1,119,c0af92,1
RF00001,7ug6,3,1,121,88.8,3.30E-20,1,119,c0af92,1
RF00001,8g29,1B,3,119,100.7,2.80E-23,1,119,c0af92,1
RF00001,8g60,L7,1,119,118.9,5.30E-28,1,119,c0af92,1
RF00001,8ifc,b,3,118,77.2,3.20E-17,1,119,c0af92,1
RF00001,8jdj,E,1,119,118.9,5.30E-28,1,119,c0af92,1
RF02541,1mms,C,1,58,58.8,2.00E-18,1093,1150,c0af92,1
RF02541,5j4d,B,1,2880,2709.2,0,6,2918,c0af92,1
RF02541,6gq1,1,1,3167,1242.6,0,156,2925,c0af92,0
RF02541,6of6,RA,1,2912,2689.8,0,1,2925,c0af92,1
RF02541,6om6,1,1,2904,2889.7,0,1,2925,c0af92,1
RF02541,6ouo,1,1,2903,2879.7,0,1,2925,c0af92,1
RF02541,6tnu,BQ,1,2955,1224.6,0,158,2925,c0af92,0
RF02541,7oi8,A,1,1454,372.4,4.50E-122,426,2925,c0af92,1
RF02541,7osa,25S,1,3167,1244.6,0,156,2925,c0af92,0
RF02541,7s0s,C,1,3120,2725.6,0,1,2925,c0af92,1
RF02541,7u2j,2A,1,2912,2689.8,0,1,2925,c0af92,1
RF02541,7zjw,L5,1187,4808,640.6,2.10E-211,1,2856,c0af92,0
RF02541,7zjw,L5,5,420,128.6,6.90E-40,30,555,c0af92,0
RF02541,8.00E+46,I,1,2904,2887.4,0,1,2925,c0af92,1
RF02541,9f1c,B5,1187,4808,639,7.00E-211,1,2856,c0af92,0
RF02541,9f1c,B5,5,420,128.6,6.90E-40,30,555,c0af92,0
RF02543,5j4d,B,146,2876,1162,0,1,3401,c0af92,0
RF02543,6gq1,1,4,3396,3401.6,0,1,3401,c0af92,1
RF02543,6of6,RA,148,2901,1152.1,0,1,3401,c0af92,0
RF02543,6om6,1,160,2893,1270.5,0,1,3401,c0af92,0
RF02543,6ouo,1,160,2893,1267.9,0,1,3401,c0af92,0
RF02543,6tnu,BQ,2,3184,3284.5,0,1,3401,c0af92,1
RF02543,7osa,25S,4,3396,3403.5,0,1,3401,c0af92,1
RF02543,7s0s,C,159,3113,1212.1,0,1,3401,c0af92,0
RF02543,7u2j,2A,148,2901,1152.1,0,1,3401,c0af92,0
RF02543,7zjw,L5,3,4808,2516.6,0,1,3401,c0af92,1
RF02543,8.00E+46,I,160,2893,1267.9,0,1,3401,c0af92,0
RF02543,9f1c,B5,3,4808,2513.9,0,1,3401,c0af92,1
RF00001,1q86,B,1,121,77.4,2.90E-17,1,119,c0af92,1
RF00001,1vqn,9,1,121,77.4,2.90E-17,1,119,c0af92,1
RF00001,1vy5,BB,3,119,100.7,2.80E-23,1,119,c0af92,1
RF00001,4v4a,B9,2,118,71.6,8.70E-16,1,119,c0af92,1
RF00001,4v6i,DC,1,118,76,6.50E-17,1,119,c0af92,1
RF00001,4v78,BB,2,117,77.2,3.20E-17,1,119,c0af92,1
RF00001,4v7d,AB,3,118,77.2,3.20E-17,1,119,c0af92,1
RF00001,5lyb,7,1,121,88.8,3.30E-20,1,119,c0af92,1
RF00001,5t6r,B,1,121,88.8,3.30E-20,1,119,c0af92,1
RF00001,6oli,E,1,119,118.9,5.30E-28,1,119,c0af92,1
RF00001,6z6n,L7,1,119,118.9,5.30E-28,1,119,c0af92,1
RF00001,8.00E+44,J,2,117,77.2,3.20E-17,1,119,c0af92,1
RF00001,8xsy,L7,1,119,118.9,5.30E-28,1,119,c0af92,1
RF00001,9bdl,A5S,1,119,118.9,5.30E-28,1,119,c0af92,1
RF02541,4u4n,5,1,3167,1242.6,0,156,2925,c0af92,0
RF02541,4z8c,1A,1,2912,2689.8,0,1,2925,c0af92,1
RF02541,5hcp,1A,1,2912,2689.8,0,1,2925,c0af92,1
RF02541,5uyp,1,1,2903,2879.9,0,1,2925,c0af92,1
RF02541,5zlu,V,1,2875,2686.9,0,5,2919,c0af92,1
RF02541,6fkr,2A,1,2901,2678.3,0,6,2918,c0af92,1
RF02541,6gqb,1,1,3167,1242.6,0,156,2925,c0af92,0
RF02541,6n9e,1A,1,2912,2689.8,0,1,2925,c0af92,1
RF02541,7nrd,LA,1,3165,1242.6,0,158,2925,c0af92,0
RF02541,8eub,A1,1,3131,1242.5,0,158,2925,c0af92,0
RF02541,8ud8,2A,1,2912,2687.2,0,1,2925,c0af92,1
RF02543,4u4n,5,4,3396,3401.6,0,1,3401,c0af92,1
RF02543,4z8c,1A,148,2901,1152.1,0,1,3401,c0af92,0
RF02543,5hcp,1A,148,2901,1152.1,0,1,3401,c0af92,0
RF02543,5uyp,1,160,2893,1269,0,1,3401,c0af92,0
RF02543,5zlu,V,144,2869,1133,0,1,3401,c0af92,0
RF02543,6fkr,2A,144,2897,1150.3,0,1,3401,c0af92,0
RF02543,6gqb,1,4,3396,3401.6,0,1,3401,c0af92,1
RF02543,6n9e,1A,148,2901,1152.1,0,1,3401,c0af92,0
RF02543,7nrd,LA,2,3394,3401.6,0,1,3401,c0af92,1
RF02543,8eub,A1,2,3360,3395.8,0,1,3401,c0af92,1
RF02543,8ud8,2A,148,2901,1149.2,0,1,3401,c0af92,0
RF00001,1vy4,DB,3,119,100.7,2.80E-23,1,119,c0af92,1
RF00001,2j28,A,2,117,77.2,3.20E-17,1,119,c0af92,1
RF00001,3jcs,8,3,121,99.4,5.90E-23,1,119,c0af92,1
RF00001,4v3p,L3,1,119,120.7,1.80E-28,1,119,c0af92,1
RF00001,4v5h,BA,2,117,77.2,3.20E-17,1,119,c0af92,1
RF00001,4zsn,YB,5,121,100.7,2.80E-23,1,119,c0af92,1
RF00001,6i7o,BR,1,121,88.8,3.30E-20,1,119,c0af92,1
RF00001,6n1d,A5S,3,119,100.7,2.70E-23,1,119,c0af92,1
RF00001,6r87,3,1,121,88.8,3.30E-20,1,119,c0af92,1
RF00001,6spd,B,1,115,78.5,1.40E-17,1,119,c0af92,1
RF00001,7mt7,B,2,114,77.4,2.70E-17,1,119,c0af92,1
RF00001,7oyc,71,1,119,105.7,1.40E-24,1,119,c0af92,1
RF00001,7q0f,3,1,121,78.2,1.70E-17,1,119,c0af92,1
RF00001,7s1k,J,3,118,77.2,3.20E-17,1,119,c0af92,1
RF00001,8uri,d,3,118,77.2,3.20E-17,1,119,c0af92,1
RF00029,8k0s,C,567,637,41.1,5.10E-07,1,93,c0af92,1
RF00028,2rkj,O,1,209,80.2,1.30E-20,21,251,c0af92,1
RF02541,3j9z,LA,1,2904,2885.5,0,1,2925,c0af92,1
RF02541,3jbn,AA,1,2997,1001.5,0,167,2925,c0af92,0
RF02541,4v4b,B3,12,2999,1714.1,0,15,2912,c0af92,0
RF02541,4v50,BB,1,2904,2889.8,0,1,2925,c0af92,1
RF02541,5hcr,1A,1,2912,2689.8,0,1,2925,c0af92,1
RF02541,5ib8,14,1,2914,2708.4,0,1,2925,c0af92,1
RF02541,6wde,1,1,2903,2879.9,0,1,2925,c0af92,1
RF02541,7nbu,a,1,2904,2885.7,0,1,2925,c0af92,1
RF02541,7pas,3,3,2907,2658.1,0,1,2925,c0af92,1
RF02541,8c96,A,1,2904,2889.8,0,1,2925,c0af92,1
RF02541,8ev6,1A,1,2912,2689.8,0,1,2925,c0af92,1
RF02541,8vty,1A,1,2912,2689.8,0,1,2925,c0af92,1
RF02543,3j9z,LA,160,2893,1264.6,0,1,3401,c0af92,0
RF02543,3jbn,AA,3,3193,2483.3,0,1,3401,c0af92,1
RF02543,4v4b,B3,132,2999,1417.4,0,1,3401,c0af92,0
RF02543,4v50,BB,160,2893,1270.5,0,1,3401,c0af92,0
RF02543,5hcr,1A,148,2901,1152.1,0,1,3401,c0af92,0
RF02543,5ib8,14,153,2903,1154.9,0,1,3401,c0af92,0
RF02543,6wde,1,160,2893,1269,0,1,3401,c0af92,0
RF02543,7nbu,a,160,2891,1264.3,0,1,3401,c0af92,0
RF02543,7pas,3,167,2896,1188.2,0,1,3401,c0af92,0
RF02543,8c96,A,160,2893,1270.5,0,1,3401,c0af92,0
RF02543,8ev6,1A,148,2901,1152.1,0,1,3401,c0af92,0
RF02543,8vty,1A,148,2901,1152.1,0,1,3401,c0af92,0
RF00001,4u24,BB,3,118,77.2,3.20E-17,1,119,c0af92,1
RF00001,6b4v,C,3,119,100.7,2.80E-23,1,119,c0af92,1
RF00001,6pj6,J,2,117,77.2,3.20E-17,1,119,c0af92,1
RF00001,6rzz,x,1,121,88.8,3.30E-20,1,119,c0af92,1
RF00001,6y2l,L7,1,119,118.9,5.30E-28,1,119,c0af92,1
RF00001,7uvy,B,1,115,83.5,7.30E-19,1,119,c0af92,1
RF00001,8hfr,2f,1,121,88.8,3.30E-20,1,119,c0af92,1
RF00001,8jdm,E,1,119,118.9,5.30E-28,1,119,c0af92,1
RF00001,8qcq,B,1,116,88.7,3.40E-20,1,119,c0af92,1
RF00001,8vs9,5S,3,118,77.2,3.20E-17,1,119,c0af92,1
RF02541,1n8r,A,2,2920,1740.4,0,1,2925,c0af92,0
RF02541,2qex,0,1,2772,1624,0,1,2925,c0af92,0
RF02541,4v6w,A5,1,3716,976.3,0,138,2925,c0af92,0
RF02541,4v9l,DA,1,2879,2712.2,0,6,2918,c0af92,1
RF02541,5ndj,1H,1,2914,2708.4,0,1,2925,c0af92,1
RF02541,8bsi,Lt,1,2580,607,2.10E-200,159,2925,c0af92,0
RF02541,8c8x,A,1,2904,2889.8,0,1,2925,c0af92,1
RF02541,8vtx,1A,1,2912,2689.8,0,1,2925,c0af92,1
RF02543,1n8r,A,131,2914,1469.1,0,1,3401,c0af92,0
RF02543,2qex,0,130,2764,1352.4,0,1,3401,c0af92,0
RF02543,4v6w,A5,8,3970,2809.2,0,1,3401,c0af92,1
RF02543,4v9l,DA,148,2875,1160.6,0,1,3401,c0af92,0
RF02543,5ndj,1H,153,2903,1154.9,0,1,3401,c0af92,0
RF02543,8bsi,Lt,25,2564,1336.2,0,23,3401,c0af92,1
RF02543,8c8x,A,160,2893,1270.5,0,1,3401,c0af92,0
RF02543,8vtx,1A,148,2901,1152.1,0,1,3401,c0af92,0
RF00001,1kc8,B,1,121,77.4,2.90E-17,1,119,c0af92,1
RF00001,1kqs,9,1,121,77.4,2.90E-17,1,119,c0af92,1
RF00001,4v5n,BB,5,121,100.7,2.80E-23,1,119,c0af92,1
RF00001,4v72,BB,2,117,77.2,3.20E-17,1,119,c0af92,1
RF00001,4y4o,1B,3,119,100.7,2.80E-23,1,119,c0af92,1
RF00001,5jvg,Y,5,121,71.6,9.10E-16,1,119,c0af92,1
RF00001,5kcr,1B,3,118,77.2,3.20E-17,1,119,c0af92,1
RF00001,5t7v,C,1,114,68.4,5.60E-15,1,119,c0af92,1
RF00001,5uyk,2,3,118,77.2,3.20E-17,1,119,c0af92,1
RF00001,7jqm,1B,3,119,100.7,2.80E-23,1,119,c0af92,1
RF00001,7n1p,5,3,118,77.2,3.20E-17,1,119,c0af92,1
RF00028,7xd7,N,18,324,117.1,5.30E-31,1,251,c0af92,1
RF02541,3jcj,A,1,2904,2889.8,0,1,2925,c0af92,1
RF02541,4tua,YA,1,2912,2689.8,0,1,2925,c0af92,1
RF02541,5kpw,27,1,2903,2876.9,0,1,2925,c0af92,1
RF02541,5t2a,B,1,1396,448.6,1.30E-147,1629,2925,c0af92,0
RF02541,6pvk,A,1,2927,3008.6,0,1,2925,c0af92,1
RF02541,6wu9,A,1,2908,2933.2,0,1,2925,c0af92,1
RF02541,6ywy,A,48,3440,887.9,2.10E-294,1,2925,c0af92,1
RF02541,7asn,A,1,2742,2718.3,0,1,2925,c0af92,1
RF02541,7piq,3,3,2907,2658.1,0,1,2925,c0af92,1
RF02541,8k2c,L5,1277,4822,598,4.00E-197,1,2923,c0af92,0
RF02541,8k2c,L5,5,420,123.7,3.10E-38,30,555,c0af92,0
RF02541,8qu1,A,1,1454,372.4,4.50E-122,426,2925,c0af92,1
RF02541,8w51,A,1,2904,2889.7,0,1,2925,c0af92,1
RF02543,3jcj,A,160,2893,1270.5,0,1,3401,c0af92,0
RF02543,4tua,YA,148,2901,1152.1,0,1,3401,c0af92,0
RF02543,5kpw,27,160,2893,1266.1,0,1,3401,c0af92,0
RF02543,5t2a,B,1,1382,1035.5,1.10E-282,1829,3401,c0af92,1
RF02543,6pvk,A,163,2917,1278.8,0,1,3401,c0af92,0
RF02543,6wu9,A,160,2900,1255,0,1,3401,c0af92,0
RF02543,6ywy,A,332,3358,372.1,2.80E-99,1,3401,c0af92,0
RF02543,7asn,A,162,2736,1202.9,0,1,3401,c0af92,0
RF02543,7piq,3,167,2896,1188.2,0,1,3401,c0af92,0
RF02543,8k2c,L5,3,5069,2379.5,0,1,3401,c0af92,1
RF02543,8w51,A,160,2893,1270.5,0,1,3401,c0af92,0
RF00001,4u1u,DB,3,118,77.2,3.20E-17,1,119,c0af92,1
RF00001,4v9d,CB,3,118,77.2,3.20E-17,1,119,c0af92,1
RF00001,4z8c,1B,3,119,100.7,2.80E-23,1,119,c0af92,1
RF00001,6nuo,RB,3,119,100.7,2.80E-23,1,119,c0af92,1
RF00001,7mdz,7,1,119,118.9,5.30E-28,1,119,c0af92,1
RF00001,7pao,4,1,108,63.9,7.60E-14,1,119,c0af92,1
RF00001,8ap4,b,3,118,77.2,3.20E-17,1,119,c0af92,1
RF00001,8.00E+46,J,2,117,77.2,3.20E-17,1,119,c0af92,1
RF00001,8evs,A3,1,121,88.8,3.30E-20,1,119,c0af92,1
RF00001,8fom,RB,3,119,100.7,2.80E-23,1,119,c0af92,1
RF00001,8ine,5,1,119,118.9,5.30E-28,1,119,c0af92,1
RF00169,2v3c,N,46,90,42.3,4.10E-09,23,67,c0af92,1
RF02541,3j7r,5,1,3501,974.9,0,159,2925,c0af92,0
RF02541,4u3m,5,1,3167,1242.6,0,156,2925,c0af92,0
RF02541,5kcs,1A,1,2904,2884.4,0,1,2925,c0af92,1
RF02541,5wdt,A,1,2903,2873.2,0,1,2925,c0af92,1
RF02541,6gsk,1H,1,2914,2708.4,0,1,2925,c0af92,1
RF02541,6n1d,A23S,1,2881,2710.8,0,1,2925,c0af92,1
RF02541,7pjs,A,1,2903,2874.4,0,1,2925,c0af92,1
RF02541,7q0p,1,1,3136,1228.3,0,159,2925,c0af92,0
RF02541,7ryg,A,8,2900,2893.9,0,1,2925,c0af92,1
RF02541,8v84,1,1,3167,1242.6,0,156,2925,c0af92,0
RF02543,3j7r,5,3,3722,2831.7,0,1,3401,c0af92,1
RF02543,4u3m,5,4,3396,3401.6,0,1,3401,c0af92,1
RF02543,5kcs,1A,160,2893,1265.1,0,1,3401,c0af92,0
RF02543,5wdt,A,160,2891,1259.8,0,1,3401,c0af92,0
RF02543,6gsk,1H,153,2903,1154.9,0,1,3401,c0af92,0
RF02543,6n1d,A23S,148,2875,1157.8,0,1,3401,c0af92,0
RF02543,7pjs,A,160,2893,1263.6,0,1,3401,c0af92,0
RF02543,7q0p,1,1,3359,3380.6,0,1,3401,c0af92,1
RF02543,7ryg,A,167,2888,1271.3,0,1,3401,c0af92,0
RF02543,8v84,1,4,3396,3401.6,0,1,3401,c0af92,1
RF00001,4v5z,BY,2,113,90.6,1.00E-20,1,119,c0af92,1
RF00001,5fcj,7,1,121,88.8,3.30E-20,1,119,c0af92,1
RF00001,6cfk,1B,3,119,100.7,2.80E-23,1,119,c0af92,1
RF00001,6olg,A4,1,119,118.9,5.20E-28,1,119,c0af92,1
RF00001,6otr,YB,5,121,100.7,2.80E-23,1,119,c0af92,1
RF00001,6v39,B,1,115,83.5,7.30E-19,1,119,c0af92,1
RF00001,6wdi,2,3,118,77.2,3.20E-17,1,119,c0af92,1
RF00001,6zme,L7,1,119,118.9,5.30E-28,1,119,c0af92,1
RF00001,6ztl,BB,3,118,77.2,3.20E-17,1,119,c0af92,1
RF00001,7lh5,DB,3,119,100.7,2.80E-23,1,119,c0af92,1
RF00001,8fc3,1B,3,119,100.7,2.80E-23,1,119,c0af92,1
RF00001,8oo0,3,1,120,98.6,9.60E-23,1,119,c0af92,1
RF00001,8t8c,2B,3,119,100.7,2.80E-23,1,119,c0af92,1
RF02541,1zn1,B,1,59,67.6,2.30E-21,1932,1990,c0af92,1
RF02541,4v4g,HB,1,2825,2645.6,0,1,2925,c0af92,1
RF02541,5doy,1A,1,2912,2689.8,0,1,2925,c0af92,1
RF02541,5ndv,1,1,3167,1242.6,0,156,2925,c0af92,0
RF02541,5o2r,A,1,2903,2876.9,0,1,2925,c0af92,1
RF02541,6n8l,1,1,3167,1242.6,0,156,2925,c0af92,0
RF02541,6rzz,A,1,3167,1242.6,0,156,2925,c0af92,0
RF02541,7p7s,A,1,2912,2943.2,0,1,2925,c0af92,1
RF02541,7top,A25S,1,3167,1242.6,0,156,2925,c0af92,0
RF02541,8a22,A8,1,350,167.5,4.50E-54,2439,2767,c0af92,1
RF02541,8idt,2,1277,4806,603.9,4.40E-199,1,2923,c0af92,0
RF02541,8idt,2,5,420,123.7,3.10E-38,30,555,c0af92,0
RF02541,8rcm,72,1,2904,2885,0,1,2925,c0af92,1
RF02541,8rxh,L1,1,1782,390.9,3.30E-128,160,1518,c0af92,0
RF02543,4v4g,HB,137,2815,1216.2,0,1,3401,c0af92,0
RF02543,5doy,1A,148,2901,1152.1,0,1,3401,c0af92,0
RF02543,5ndv,1,4,3396,3401.6,0,1,3401,c0af92,1
RF02543,5o2r,A,160,2893,1266.1,0,1,3401,c0af92,0
RF02543,6n8l,1,4,3396,3401.6,0,1,3401,c0af92,1
RF02543,6rzz,A,4,3396,3401.6,0,1,3401,c0af92,1
RF02543,7p7s,A,162,2902,1255,0,1,3401,c0af92,0
RF02543,7top,A25S,4,3396,3401.6,0,1,3401,c0af92,1
RF02543,8a22,A8,1,198,106.8,4.70E-27,2787,2989,c0af92,0
RF02543,8idt,2,3,5053,2385.5,0,1,3401,c0af92,1
RF02543,8rcm,72,160,2893,1267.9,0,1,3401,c0af92,0
RF02543,8rxh,L1,2,1782,925.8,2.40E-252,1,1647,c0af92,1
RF02679,6uf1,A,1,50,37,4.60E-07,1,70,c0af92,1
RF00001,3ccs,9,1,121,75.2,1.10E-16,1,119,c0af92,1
RF00001,4v7k,BB,3,119,100.7,2.70E-23,1,119,c0af92,1
RF00001,4ybb,DB,3,118,77.2,3.20E-17,1,119,c0af92,1
RF00001,6ip8,1B,1,119,118.9,5.30E-28,1,119,c0af92,1
RF00001,6q95,3,3,119,100.7,2.70E-23,1,119,c0af92,1
RF00001,6y69,B,3,118,77.2,3.20E-17,1,119,c0af92,1
RF00001,8a3d,B,1,119,118.9,5.30E-28,1,119,c0af92,1
RF00001,8brm,LE,1,119,79.5,8.40E-18,1,119,c0af92,1
RF02541,1kd1,A,2,2920,1740.4,0,1,2925,c0af92,0
RF02541,2d3o,0,1,2878,2737.8,0,1,2925,c0af92,1
RF02541,3j9y,A,1,2903,2874.5,0,1,2925,c0af92,1
RF02541,5gae,A,1,2903,2882.1,0,1,2925,c0af92,1
RF02541,6nd5,2A,1,2912,2689.8,0,1,2925,c0af92,1
RF02541,7b7d,LA,1,2994,1259.4,0,158,2925,c0af92,0
RF02541,7rqc,1A,1,2912,2689.8,0,1,2925,c0af92,1
RF02541,7sso,1,1,2903,2879.9,0,1,2925,c0af92,1
RF02541,8c92,A,1,2904,2889.8,0,1,2925,c0af92,1
RF02541,8evq,A1,1,3131,1242.5,0,158,2925,c0af92,0
RF02541,8g6x,a,1,2904,2887.4,0,1,2925,c0af92,1
RF02541,8oir,B8,1,1454,372.4,4.50E-122,426,2925,c0af92,1
RF02543,1kd1,A,131,2914,1469.1,0,1,3401,c0af92,0
RF02543,2d3o,0,137,2867,1236,0,1,3401,c0af92,0
RF02543,3j9y,A,160,2893,1263.6,0,1,3401,c0af92,0
RF02543,5gae,A,160,2893,1270.5,0,1,3401,c0af92,0
RF02543,6nd5,2A,148,2901,1152.1,0,1,3401,c0af92,0
RF02543,7b7d,LA,2,3223,3349.8,0,1,3401,c0af92,1
RF02543,7rqc,1A,148,2901,1152.1,0,1,3401,c0af92,0
RF02543,7sso,1,160,2893,1269,0,1,3401,c0af92,0
RF02543,8c92,A,160,2893,1270.5,0,1,3401,c0af92,0
RF02543,8evq,A1,2,3360,3395.8,0,1,3401,c0af92,1
RF02543,8g6x,a,160,2893,1267.9,0,1,3401,c0af92,0
RF00001,4ioa,Y,5,121,71.6,9.10E-16,1,119,c0af92,1
RF00001,4v5a,BB,3,119,100.7,2.80E-23,1,119,c0af92,1
RF00001,5ndv,7,1,121,88.8,3.30E-20,1,119,c0af92,1
RF00001,5nwy,O,3,118,77.2,3.20E-17,1,119,c0af92,1
RF00001,6ddd,2,1,115,75,1.10E-16,1,119,c0af92,1
RF00001,6dnc,C,3,118,77.2,3.20E-17,1,119,c0af92,1
RF00001,6nd6,1B,3,119,100.7,2.80E-23,1,119,c0af92,1
RF00001,6p5n,7,1,119,118.9,5.20E-28,1,119,c0af92,1
RF00001,6wnw,4,1069,1185,49.6,1.10E-08,1,119,c0af92,1
RF00001,7ttu,2,1,115,71.6,8.40E-16,1,119,c0af92,1
RF00029,6mec,A,789,866,52.1,1.40E-09,1,93,c0af92,1
RF02541,3jce,A,1,2904,2889.8,0,1,2925,c0af92,1
RF02541,4u56,5,1,3167,1242.6,0,156,2925,c0af92,0
RF02541,6ndk,RA,1,2912,2689.8,0,1,2925,c0af92,1
RF02541,6r5q,5,1,3326,977.8,0,159,2925,c0af92,0
RF02541,6r6p,5,1,3441,935.7,0,159,2925,c0af92,0
RF02541,6tpq,U,1,2924,2997.4,0,1,2925,c0af92,1
RF02541,6wnw,4,1,3031,2770.4,0,1,2925,c0af92,1
RF02541,7azy,E,1,3167,1245.7,0,156,2925,c0af92,0
RF02541,8eui,1,1,3327,1201.9,0,156,2925,c0af92,0
RF02541,8fkt,L3,1277,4822,597.9,4.50E-197,1,2923,c0af92,0
RF02541,8fkt,L3,5,420,123.7,3.10E-38,30,555,c0af92,0
RF02541,8htz,a,1,2904,2887.4,0,1,2925,c0af92,1
RF02543,3jce,A,160,2893,1270.5,0,1,3401,c0af92,0
RF02543,4u56,5,4,3396,3401.6,0,1,3401,c0af92,1
RF02543,6ndk,RA,148,2901,1152.1,0,1,3401,c0af92,0
RF02543,6r5q,5,3,3543,2779.4,0,1,3401,c0af92,1
RF02543,6r6p,5,3,3662,2746.4,0,1,3401,c0af92,1
RF02543,6tpq,U,161,2915,1278,0,1,3401,c0af92,0
RF02543,6wnw,4,160,3021,1216.9,0,1,3401,c0af92,0
RF02543,7azy,E,4,3396,3399.4,0,1,3401,c0af92,1
RF02543,8eui,1,4,3498,3338,0,1,3401,c0af92,1
RF02543,8fkt,L3,3,5069,2379.3,0,1,3401,c0af92,1
RF02543,8htz,a,160,2893,1267.9,0,1,3401,c0af92,0
RF00001,1vvj,YB,3,119,100.7,2.80E-23,1,119,c0af92,1
RF00001,3fwo,B,2,118,71.6,8.70E-16,1,119,c0af92,1
RF00001,4v4g,DA,2,118,71.6,8.80E-16,1,119,c0af92,1
RF00001,4v8m,BD,1,119,93.2,2.30E-21,1,119,c0af92,1
RF00001,4wq1,16,5,121,100.7,2.80E-23,1,119,c0af92,1
RF00001,5el7,1J,5,121,100.7,2.80E-23,1,119,c0af92,1
RF00001,6wdj,2,3,118,77.2,3.20E-17,1,119,c0af92,1
RF00001,6yhs,5,2,116,83.5,7.40E-19,1,119,c0af92,1
RF00001,7o1c,BB,3,118,77.2,3.20E-17,1,119,c0af92,1
RF00001,7of1,3,1,121,88.8,3.30E-20,1,119,c0af92,1
RF00001,8ev6,2B,3,119,100.7,2.80E-23,1,119,c0af92,1
RF00001,8vtw,2B,3,119,100.7,2.80E-23,1,119,c0af92,1
RF02541,4v85,BA,1,2903,2882.1,0,1,2925,c0af92,1
RF02541,4v9c,BA,1,2904,2889.8,0,1,2925,c0af92,1
RF02541,4wzo,1H,1,2914,2708.4,0,1,2925,c0af92,1
RF02541,5wis,2A,1,2912,2689.8,0,1,2925,c0af92,1
RF02541,6osq,1,1,2903,2879.7,0,1,2925,c0af92,1
RF02541,6oxi,YA,1,2912,2689.8,0,1,2925,c0af92,1
RF02541,6xij,a,1,2904,2889.7,0,1,2925,c0af92,1
RF02541,6ysr,A,1,2903,2874.5,0,1,2925,c0af92,1
RF02541,6zmi,L5,1277,4818,599,1.80E-197,1,2923,c0af92,0
RF02541,6zmi,L5,5,420,123.7,3.10E-38,30,555,c0af92,0
RF02541,7msc,A,1,3138,2762.8,0,1,2925,c0af92,1
RF02541,7ohx,1,1,3167,1242.6,0,156,2925,c0af92,0
RF02541,7oj0,a,1,2807,2776.9,0,1,2925,c0af92,1
RF02541,8jdl,D,1277,4822,596.4,1.40E-196,1,2923,c0af92,0
RF02541,8jdl,D,5,420,123.7,3.10E-38,30,555,c0af92,0
RF02543,4v85,BA,160,2893,1270.5,0,1,3401,c0af92,0
RF02543,4v9c,BA,160,2893,1270.5,0,1,3401,c0af92,0
RF02543,4wzo,1H,153,2903,1154.9,0,1,3401,c0af92,0
RF02543,5wis,2A,148,2901,1152.1,0,1,3401,c0af92,0
RF02543,6osq,1,160,2893,1267.9,0,1,3401,c0af92,0
RF02543,6oxi,YA,148,2901,1152.1,0,1,3401,c0af92,0
RF02543,6xij,a,160,2893,1270.5,0,1,3401,c0af92,0
RF02543,6ysr,A,160,2893,1263.6,0,1,3401,c0af92,0
RF02543,6zmi,L5,3,5065,2382.7,0,1,3401,c0af92,1
RF02543,7msc,A,162,3127,1211.7,0,1,3401,c0af92,0
RF02543,7ohx,1,4,3396,3401.6,0,1,3401,c0af92,1
RF02543,7oj0,a,160,2797,1211.3,0,1,3401,c0af92,0
RF02543,8jdl,D,3,5069,2376.7,0,1,3401,c0af92,1
RF00001,3jbv,a,3,118,77.2,3.20E-17,1,119,c0af92,1
RF00001,4v83,DB,3,119,100.7,2.70E-23,1,119,c0af92,1
RF00001,4v8b,BB,5,121,100.7,2.80E-23,1,119,c0af92,1
RF00001,5j91,CB,3,118,77.2,3.20E-17,1,119,c0af92,1
RF00001,5jvh,Y,5,121,71.6,9.10E-16,1,119,c0af92,1
RF00001,6o90,B,1,116,83.5,7.30E-19,1,119,c0af92,1
RF00001,6wd4,2,3,118,77.2,3.20E-17,1,119,c0af92,1
RF00001,6xhw,1B,3,119,100.7,2.80E-23,1,119,c0af92,1
RF00001,7mt3,B,2,114,77.4,2.70E-17,1,119,c0af92,1
RF00001,7qv1,B,1,111,75.9,6.60E-17,3,116,c0af92,1
RF00001,8btr,LE,1,119,79.5,8.40E-18,1,119,c0af92,1
RF00001,8.00E+32,J,2,117,77.2,3.20E-17,1,119,c0af92,1
RF00001,8ud7,1B,3,119,100.7,2.80E-23,1,119,c0af92,1
RF00001,8v9l,B,3,116,77,3.50E-17,1,119,c0af92,1
RF00029,8k0r,A,563,633,41.1,5.10E-07,1,93,c0af92,1
RF02541,4v4q,DB,1,2904,2889.8,0,1,2925,c0af92,1
RF02541,5apo,5,1,3167,1227.9,0,156,2925,c0af92,0
RF02541,5d8b,ZC,1,2890,2726,0,1,2925,c0af92,1
RF02541,7ac7,1,1,2903,2879.7,0,1,2925,c0af92,1
RF02541,7bl2,A,8,2911,2889.8,0,1,2925,c0af92,1
RF02541,7of0,A,1,1454,372.4,4.50E-122,426,2925,c0af92,1
RF02541,7oi7,A,1,1454,372.4,4.50E-122,426,2925,c0af92,1
RF02541,8pv7,C1,1,3151,1258.3,0,155,2925,c0af92,0
RF02541,8uvr,1A,1,2912,2689.8,0,1,2925,c0af92,1
RF02543,4v4q,DB,160,2893,1270.5,0,1,3401,c0af92,0
RF02543,5apo,5,4,3396,3334.4,0,1,3401,c0af92,1
RF02543,5d8b,ZC,152,2879,1160.6,0,1,3401,c0af92,0
RF02543,7ac7,1,160,2893,1267.9,0,1,3401,c0af92,0
RF02543,7bl2,A,167,2900,1270.5,0,1,3401,c0af92,0
RF02543,8pv7,C1,5,3339,3387.9,0,1,3401,c0af92,1
RF02543,8uvr,1A,148,2901,1152.1,0,1,3401,c0af92,0
RF00001,4v4g,BA,2,118,71.6,8.80E-16,1,119,c0af92,1
RF00001,4v9b,DB,5,121,100.7,2.80E-23,1,119,c0af92,1
RF00001,4w29,DB,3,119,100.7,2.70E-23,1,119,c0af92,1
RF00001,4wfb,Y,1,114,60.1,8.00E-13,1,119,c0af92,1
RF00001,5dc3,7,1,121,88.8,3.30E-20,1,119,c0af92,1
RF00001,6bz6,YB,3,119,100.7,2.80E-23,1,119,c0af92,1
RF00001,7pir,4,1,108,63.9,7.60E-14,1,119,c0af92,1
RF00001,7pit,4,1,108,63.9,7.60E-14,1,119,c0af92,1
RF00001,8vtu,1B,3,119,100.7,2.80E-23,1,119,c0af92,1
RF00029,7d1a,A,805,902,51.1,2.60E-09,1,93,c0af92,1
RF02541,1y39,C,1,58,56.2,1.40E-17,1093,1150,c0af92,1
RF02541,4u27,DA,1,2903,2882.1,0,1,2925,c0af92,1
RF02541,4v4p,AA,1,2913,2691.3,0,1,2925,c0af92,1
RF02541,4v5s,DA,1,2913,2694.3,0,1,2925,c0af92,1
RF02541,4v71,BA,1,2903,2882.1,0,1,2925,c0af92,1
RF02541,4v9o,GA,1,2904,2889.8,0,1,2925,c0af92,1
RF02541,4v9s,BA,1,2912,2689.8,0,1,2925,c0af92,1
RF02541,6ztn,BA,1,2904,2886.7,0,1,2925,c0af92,1
RF02541,7pah,3,3,2907,2658.1,0,1,2925,c0af92,1
RF02541,7pju,A,1,2903,2874.4,0,1,2925,c0af92,1
RF02541,8bf7,0,1,2904,2889.8,0,1,2925,c0af92,1
RF02541,8btk,B5,1187,4808,639,7.00E-211,1,2856,c0af92,0
RF02541,8btk,B5,5,420,128.6,6.90E-40,30,555,c0af92,0
RF02541,8cgd,a,1,2904,2887.4,0,1,2925,c0af92,1
RF02541,8fl9,L3,1277,4822,597.9,4.50E-197,1,2923,c0af92,0
RF02541,8fl9,L3,5,420,123.7,3.10E-38,30,555,c0af92,0
RF02541,8ova,BB,1,1475,431.7,6.50E-142,1629,2925,c0af92,0
RF02543,4u27,DA,160,2893,1270.5,0,1,3401,c0af92,0
RF02543,4v4p,AA,149,2902,1132.9,0,1,3401,c0af92,0
RF02543,4v5s,DA,149,2902,1146.4,0,1,3401,c0af92,0
RF02543,4v71,BA,160,2893,1270.5,0,1,3401,c0af92,0
RF02543,4v9o,GA,160,2893,1270.5,0,1,3401,c0af92,0
RF02543,4v9s,BA,148,2901,1152.1,0,1,3401,c0af92,0
RF02543,6ztn,BA,160,2891,1267.3,0,1,3401,c0af92,0
RF02543,7pah,3,167,2896,1188.2,0,1,3401,c0af92,0
RF02543,7pju,A,160,2893,1263.6,0,1,3401,c0af92,0
RF02543,8bf7,0,160,2893,1270.5,0,1,3401,c0af92,0
RF02543,8btk,B5,3,4808,2513.9,0,1,3401,c0af92,1
RF02543,8cgd,a,160,2893,1267.9,0,1,3401,c0af92,0
RF02543,8fl9,L3,3,5069,2379.3,0,1,3401,c0af92,1
RF02543,8ova,BB,1,1461,1021.5,8.20E-279,1829,3401,c0af92,1
RF00001,1vql,9,1,121,77.4,2.90E-17,1,119,c0af92,1
RF00001,3j8g,A,2,117,77.2,3.20E-17,1,119,c0af92,1
RF00001,4v64,BA,3,118,77.2,3.20E-17,1,119,c0af92,1
RF00001,5el5,1J,5,121,100.7,2.80E-23,1,119,c0af92,1
RF00001,6ftg,v,1,119,118.9,5.30E-28,1,119,c0af92,1
RF00001,6ri5,x,1,121,88.8,3.30E-20,1,119,c0af92,1
RF00001,6wu9,B,1,116,83.5,7.30E-19,1,119,c0af92,1
RF00001,6xu8,A7,1,119,95.2,7.30E-22,1,119,c0af92,1
RF00001,6zmo,L7,1,119,118.9,5.30E-28,1,119,c0af92,1
RF00001,8bhf,B2,1,119,118.9,5.20E-28,1,119,c0af92,1
RF00001,8ekb,1B,3,119,100.7,2.80E-23,1,119,c0af92,1
RF00001,8fl6,L4,1,119,118.9,5.30E-28,1,119,c0af92,1
RF00001,8fzj,B,3,118,74.8,1.40E-16,1,119,c0af92,1
RF02541,4v55,DB,1,2904,2889.8,0,1,2925,c0af92,1
RF02541,4v57,DB,1,2904,2889.8,0,1,2925,c0af92,1
RF02541,5jte,BA,1,2897,2874,0,1,2925,c0af92,1
RF02541,5on6,1,1,3167,1242.6,0,156,2925,c0af92,0
RF02541,6gsj,1H,1,2914,2708.4,0,1,2925,c0af92,1
RF02541,7qv1,V,1,2928,3017.2,0,1,2925,c0af92,1
RF02541,7y7d,a,1,2904,2887.4,0,1,2925,c0af92,1
RF02541,8fc5,2A,1,2912,2689.8,0,1,2925,c0af92,1
RF02541,8fkr,L3,1277,4822,597.9,4.50E-197,1,2923,c0af92,0
RF02541,8fkr,L3,5,420,123.7,3.10E-38,30,555,c0af92,0
RF02541,8inf,2,1277,4806,603.9,4.40E-199,1,2923,c0af92,0
RF02541,8inf,2,5,420,123.7,3.10E-38,30,555,c0af92,0
RF02543,4v55,DB,160,2893,1270.5,0,1,3401,c0af92,0
RF02543,4v57,DB,160,2893,1270.5,0,1,3401,c0af92,0
RF02543,5jte,BA,160,2887,1268.6,0,1,3401,c0af92,0
RF02543,5on6,1,4,3396,3401.6,0,1,3401,c0af92,1
RF02543,6gsj,1H,153,2903,1154.9,0,1,3401,c0af92,0
RF02543,7qv1,V,163,2917,1278.8,0,1,3401,c0af92,0
RF02543,7y7d,a,160,2893,1267.9,0,1,3401,c0af92,0
RF02543,8fc5,2A,148,2901,1152.1,0,1,3401,c0af92,0
RF02543,8fkr,L3,3,5069,2379.3,0,1,3401,c0af92,1
RF02543,8inf,2,3,5053,2385.5,0,1,3401,c0af92,1
RF00001,1vy5,DB,3,119,100.7,2.80E-23,1,119,c0af92,1
RF00001,4lt8,RB,3,119,100.7,2.80E-23,1,119,c0af92,1
RF00001,4v73,BB,2,117,77.2,3.20E-17,1,119,c0af92,1
RF00001,4v7r,D2,1,121,88.8,3.30E-20,1,119,c0af92,1
RF00001,5ib8,16,5,121,100.7,2.80E-23,1,119,c0af92,1
RF00001,6i0y,B,2,117,77.2,3.20E-17,1,119,c0af92,1
RF00001,6s0x,B,1,115,75,1.10E-16,1,119,c0af92,1
RF00001,6spb,B,2,117,86.6,1.10E-19,1,119,c0af92,1
RF00001,6uz7,7,1,121,88.8,3.30E-20,1,119,c0af92,1
RF00001,6wd0,2,3,118,77.2,3.20E-17,1,119,c0af92,1
RF00001,6ylh,3,1,121,88.8,3.30E-20,1,119,c0af92,1
RF00001,7m4w,B,1,115,83.5,7.30E-19,1,119,c0af92,1
RF00001,7tor,A5S,1,119,118.9,5.30E-28,1,119,c0af92,1
RF00001,7z20,a,3,118,77.2,3.20E-17,1,119,c0af92,1
RF00001,8cgv,b,3,118,77.2,3.20E-17,1,119,c0af92,1
RF00001,8.00E+47,J,2,117,77.2,3.20E-17,1,119,c0af92,1
RF00001,8fle,L4,1,119,118.9,5.30E-28,1,119,c0af92,1
RF00001,8y0u,C4,1,121,88.8,3.30E-20,1,119,c0af92,1
RF00169,1lng,B,48,92,42.3,4.20E-09,23,67,c0af92,1
RF02541,4v6n,AB,1,2904,2887.4,0,1,2925,c0af92,1
RF02541,4v84,DA,1,2879,2712.2,0,6,2918,c0af92,1
RF02541,4w2f,BA,1,2912,2689.8,0,1,2925,c0af92,1
RF02541,5mdz,1,1,2904,2887.4,0,1,2925,c0af92,1
RF02541,6c5l,BA,1,2913,2699.6,0,1,2925,c0af92,1
RF02541,6cfj,2A,1,2912,2689.8,0,1,2925,c0af92,1
RF02541,6nd5,1A,1,2912,2689.8,0,1,2925,c0af92,1
RF02541,6xhv,1A,1,2912,2689.8,0,1,2925,c0af92,1
RF02541,7msz,A,1,3138,2762.8,0,1,2925,c0af92,1
RF02541,7ph9,3,3,2907,2658.1,0,1,2925,c0af92,1
RF02541,7pjy,A,1,2903,2874.4,0,1,2925,c0af92,1
RF02541,7ucj,5,1,3282,928.9,0,159,2925,c0af92,0
RF02541,7uck,5,1,3329,980.1,0,159,2925,c0af92,0
RF02541,8bn3,1,1,2933,1225.2,0,158,2925,c0af92,0
RF02541,8.00E+45,I,1,2904,2887.4,0,1,2925,c0af92,1
RF02541,8wib,A,1,3119,2730,0,1,2925,c0af92,1
RF02543,4v6n,AB,160,2893,1267.9,0,1,3401,c0af92,0
RF02543,4v84,DA,148,2875,1160.6,0,1,3401,c0af92,0
RF02543,4w2f,BA,148,2901,1152.1,0,1,3401,c0af92,0
RF02543,5mdz,1,160,2893,1267.9,0,1,3401,c0af92,0
RF02543,6c5l,BA,149,2902,1152.1,0,1,3401,c0af92,0
RF02543,6cfj,2A,148,2901,1152.1,0,1,3401,c0af92,0
RF02543,6nd5,1A,148,2901,1152.1,0,1,3401,c0af92,0
RF02543,6xhv,1A,148,2901,1152.1,0,1,3401,c0af92,0
RF02543,7msz,A,162,3127,1211.7,0,1,3401,c0af92,0
RF02543,7ph9,3,167,2896,1188.2,0,1,3401,c0af92,0
RF02543,7pjy,A,160,2893,1263.6,0,1,3401,c0af92,0
RF02543,7r6q,1,141,293,56.2,3.70E-13,1536,1844,c0af92,1
RF02543,7ucj,5,3,3499,2699.5,0,1,3401,c0af92,1
RF02543,7uck,5,3,3546,2786.2,0,1,3401,c0af92,1
RF02543,8bn3,1,2,3162,3279.2,0,1,3401,c0af92,1
RF02543,8.00E+45,I,160,2893,1267.9,0,1,3401,c0af92,0
RF02543,8wib,A,158,3112,1216.5,0,1,3401,c0af92,0
RF00001,4u3m,7,1,121,88.8,3.30E-20,1,119,c0af92,1
RF00001,4v5g,BB,5,121,100.7,2.80E-23,1,119,c0af92,1
RF00001,5ib8,1J,5,121,100.7,2.80E-23,1,119,c0af92,1
RF00001,6nd6,2B,3,119,100.7,2.80E-23,1,119,c0af92,1
RF00001,6wda,2,3,118,77.2,3.20E-17,1,119,c0af92,1
RF00001,6wdb,2,3,118,77.2,3.20E-17,1,119,c0af92,1
RF00001,7ph9,4,1,108,63.9,7.60E-14,1,119,c0af92,1
RF00001,7qca,L70,1,119,93.6,1.80E-21,1,119,c0af92,1
RF00001,8akn,b,3,118,77.2,3.20E-17,1,119,c0af92,1
RF00001,8yoo,L7,1,119,118.9,5.30E-28,1,119,c0af92,1
RF02541,3umy,B,1,80,59.1,2.10E-18,2131,2210,c0af92,1
RF02541,4v7r,B1,1,3167,1242.6,0,156,2925,c0af92,0
RF02541,4v88,A5,1,3167,1242.6,0,156,2925,c0af92,0
RF02541,5v93,A,1,3138,2762.8,0,1,2925,c0af92,1
RF02541,6wd9,1,1,2903,2879.9,0,1,2925,c0af92,1
RF02541,6wdb,1,1,2903,2879.9,0,1,2925,c0af92,1
RF02541,6ztp,BA,1,2904,2886.7,0,1,2925,c0af92,1
RF02541,7pjt,A,1,2903,2874.4,0,1,2925,c0af92,1
RF02541,7ssw,1,1,2903,2879.9,0,1,2925,c0af92,1
RF02541,8cvl,1A,1,2912,2689.8,0,1,2925,c0af92,1
RF02541,8eup,1,1,3327,1202.2,0,156,2925,c0af92,0
RF02541,8rxx,L2,1,1459,443.1,9.60E-146,1629,2925,c0af92,0
RF02543,4v7r,B1,4,3396,3401.6,0,1,3401,c0af92,1
RF02543,4v88,A5,4,3396,3401.6,0,1,3401,c0af92,1
RF02543,5v93,A,162,3127,1211.7,0,1,3401,c0af92,0
RF02543,6wd9,1,160,2893,1269,0,1,3401,c0af92,0
RF02543,6wdb,1,160,2893,1269,0,1,3401,c0af92,0
RF02543,6ztp,BA,160,2891,1267.3,0,1,3401,c0af92,0
RF02543,7pjt,A,160,2893,1263.6,0,1,3401,c0af92,0
RF02543,7ssw,1,160,2893,1269,0,1,3401,c0af92,0
RF02543,8cvl,1A,148,2901,1152.1,0,1,3401,c0af92,0
RF02543,8eup,1,4,3497,3334.3,0,1,3401,c0af92,1
RF02543,8rxx,L2,1,1438,1022.4,4.40E-279,1829,3401,c0af92,1
RF00001,4v7b,BB,3,118,77.2,3.20E-17,1,119,c0af92,1
RF00001,4v7l,BB,3,119,100.7,2.80E-23,1,119,c0af92,1
RF00001,4v7v,DB,2,117,77.2,3.20E-17,1,119,c0af92,1
RF00001,4v8i,BB,3,119,100.7,2.80E-23,1,119,c0af92,1
RF00001,5ady,A,3,118,77.2,3.20E-17,1,119,c0af92,1
RF00001,5hcp,2B,3,119,100.7,2.80E-23,1,119,c0af92,1
RF00001,5njt,V,1,111,75.9,6.60E-17,3,116,c0af92,1
RF00001,6osi,YB,3,119,100.7,2.80E-23,1,119,c0af92,1
RF00001,6qt0,x,1,121,88.8,3.30E-20,1,119,c0af92,1
RF00001,6xdq,d,3,118,77.2,3.20E-17,1,119,c0af92,1
RF00001,7ssn,2,3,118,77.2,3.20E-17,1,119,c0af92,1
RF00001,7uck,7,1,119,118.9,5.30E-28,1,119,c0af92,1
RF00001,8br8,LE,1,119,79.5,8.40E-18,1,119,c0af92,1
RF00001,8ifb,b,3,118,77.2,3.20E-17,1,119,c0af92,1
RF00001,8ifd,1B,1,119,118.9,5.30E-28,1,119,c0af92,1
RF00001,8t5h,A,2,117,77.2,3.20E-17,1,119,c0af92,1
RF00001,8uu8,B,1,116,87,9.20E-20,1,119,c0af92,1
RF00001,8uvs,1B,3,119,100.7,2.80E-23,1,119,c0af92,1
RF02541,4v7z,BA,1,2784,2566.8,0,1,2925,c0af92,1
RF02541,4wt1,1H,1,2914,2708.4,0,1,2925,c0af92,1
RF02541,6qt0,A,1,3167,1242.6,0,156,2925,c0af92,0
RF02541,6wda,1,1,2903,2879.9,0,1,2925,c0af92,1
RF02541,6ysi,1,1,2893,2898.2,0,1,2925,c0af92,1
RF02541,7bl4,A,1,2904,2889.8,0,1,2925,c0af92,1
RF02541,7o9k,A,1,1454,372.4,4.50E-122,426,2925,c0af92,1
RF02541,8agv,f,1,3166,1231.9,0,156,2925,c0af92,0
RF02541,8g6j,L5,1434,4837,555.6,6.70E-183,15,2913,c0af92,0
RF02541,8g6j,L5,5,420,123.7,3.10E-38,30,555,c0af92,0
RF02541,8ove,BA,1,1920,367.9,1.80E-120,156,1473,c0af92,0
RF02543,4v7z,BA,147,2773,1086.7,1.50E-296,1,3401,c0af92,0
RF02543,4wt1,1H,153,2903,1154.9,0,1,3401,c0af92,0
RF02543,6qt0,A,4,3396,3401.6,0,1,3401,c0af92,1
RF02543,6wda,1,160,2893,1269,0,1,3401,c0af92,0
RF02543,6ysi,1,160,2881,1274.9,0,1,3401,c0af92,0
RF02543,7bl4,A,160,2893,1270.5,0,1,3401,c0af92,0
RF02543,8agv,f,4,3395,3374.5,0,1,3401,c0af92,1
RF02543,8g6j,L5,3,5069,2376.6,0,1,3401,c0af92,1
RF02543,8ove,BA,6,1920,904,2.70E-246,1,1656,c0af92,1
RF00001,4u1v,DB,3,118,77.2,3.20E-17,1,119,c0af92,1
RF00001,4u51,3,1,121,88.8,3.30E-20,1,119,c0af92,1
RF00001,4v9o,EB,3,118,77.2,3.20E-17,1,119,c0af92,1
RF00001,5jc9,DB,3,118,77.2,3.20E-17,1,119,c0af92,1
RF00001,5lzu,7,1,119,118.9,5.30E-28,1,119,c0af92,1
RF00001,5t5h,D,1,118,75.8,7.30E-17,1,118,c0af92,1
RF00001,6oj2,RB,3,119,100.7,2.80E-23,1,119,c0af92,1
RF00001,6s12,B,1,115,75,1.10E-16,1,119,c0af92,1
RF00001,6x9q,d,3,118,77.2,3.20E-17,1,119,c0af92,1
RF00001,6yef,B,1,115,75,1.10E-16,1,119,c0af92,1
RF00001,7o7z,B7,1,119,118.9,5.30E-28,1,119,c0af92,1
RF00001,7sa4,4,3,118,77.2,3.20E-17,1,119,c0af92,1
RF00001,7ssd,2,3,118,77.2,3.20E-17,1,119,c0af92,1
RF00001,8bqd,BR,1,121,88.8,3.30E-20,1,119,c0af92,1
RF00169,4xco,M,46,90,42.3,4.10E-09,23,67,c0af92,1
RF02541,4v4r,BA,1,2914,2686.5,0,1,2925,c0af92,1
RF02541,4v5e,DA,1,2898,2689.1,0,1,2925,c0af92,1
RF02541,4v5s,BA,1,2913,2694.3,0,1,2925,c0af92,1
RF02541,4v7t,DA,1,2904,2889.8,0,1,2925,c0af92,1
RF02541,4v9s,DA,1,2912,2689.8,0,1,2925,c0af92,1
RF02541,5ndw,5,1,3167,1242.6,0,156,2925,c0af92,0
RF02541,6qzp,L5,1,3549,959,0,159,2925,c0af92,0
RF02541,6w6p,A,1,2908,2933.2,0,1,2925,c0af92,1
RF02541,8fky,L3,1277,4822,596.9,9.10E-197,1,2923,c0af92,0
RF02541,8fky,L3,5,420,123.7,3.10E-38,30,555,c0af92,0
RF02541,8p5d,L50,1,2587,1116,0,1,2925,c0af92,0
RF02543,4v4r,BA,149,2903,1134.5,0,1,3401,c0af92,0
RF02543,4v5e,DA,147,2887,1156.3,0,1,3401,c0af92,0
RF02543,4v5s,BA,149,2902,1146.4,0,1,3401,c0af92,0
RF02543,4v7t,DA,160,2893,1270.5,0,1,3401,c0af92,0
RF02543,4v9s,DA,148,2901,1152.1,0,1,3401,c0af92,0
RF02543,5ndw,5,4,3396,3401.6,0,1,3401,c0af92,1
RF02543,6qzp,L5,3,3773,2801.7,0,1,3401,c0af92,1
RF02543,6w6p,A,160,2900,1255,0,1,3401,c0af92,0
RF02543,8fky,L3,3,5069,2378.8,0,1,3401,c0af92,1
RF02543,8p5d,L50,96,2613,1664,0,1,3401,c0af92,1
RF00001,4d5y,4,1,119,118.9,5.20E-28,1,119,c0af92,1
RF00001,5kpw,28,3,118,77.2,3.20E-17,1,119,c0af92,1
RF00001,6htq,B,1,111,75.9,6.60E-17,3,116,c0af92,1
RF00001,6o8x,B,1,116,83.5,7.30E-19,1,119,c0af92,1
RF00001,6q98,3,3,118,77.2,3.20E-17,1,119,c0af92,1
RF00001,6s0z,B,1,114,67.3,1.10E-14,1,118,c0af92,1
RF00001,7asp,3,1,114,60.1,8.00E-13,1,119,c0af92,1
RF00001,7jql,2B,3,119,100.7,2.80E-23,1,119,c0af92,1
RF00001,8evq,A3,1,121,88.8,3.30E-20,1,119,c0af92,1
RF00001,8k2d,C4,1,121,88.8,3.30E-20,1,119,c0af92,1
RF00001,9f1c,B7,1,119,118.9,5.30E-28,1,119,c0af92,1
RF02541,2aar,0,1,2878,2737.8,0,1,2925,c0af92,1
RF02541,4lsk,YA,1,2913,2699.6,0,1,2925,c0af92,1
RF02541,4v4a,B0,1,2885,2720.8,0,1,2925,c0af92,1
RF02541,4v9j,BA,1,2879,2712.2,0,6,2918,c0af92,1
RF02541,4woi,BA,1,2904,2889.8,0,1,2925,c0af92,1
RF02541,6em5,1,1,3167,1242.6,0,156,2925,c0af92,0
RF02541,6u48,CA,1,2904,2884.2,0,1,2925,c0af92,1
RF02541,6vwl,2,1,2903,2879.9,0,1,2925,c0af92,1
RF02541,6ys3,b,1,2906,2866.4,0,1,2923,c0af92,1
RF02541,7u2h,1A,1,2912,2689.8,0,1,2925,c0af92,1
RF02541,8bqd,BQ,1,3166,1242.8,0,156,2925,c0af92,0
RF02541,8ove,BB,1,1475,431.7,6.50E-142,1629,2925,c0af92,0
RF02541,8t5h,B,1,2903,2882.1,0,1,2925,c0af92,1
RF02543,2aar,0,137,2867,1236,0,1,3401,c0af92,0
RF02543,4lsk,YA,149,2902,1152.1,0,1,3401,c0af92,0
RF02543,4v4a,B0,137,2874,1237.9,0,1,3401,c0af92,0
RF02543,4v9j,BA,148,2875,1160.6,0,1,3401,c0af92,0
RF02543,4woi,BA,160,2893,1270.5,0,1,3401,c0af92,0
RF02543,6em5,1,4,3396,3401.6,0,1,3401,c0af92,1
RF02543,6u48,CA,160,2893,1265.4,0,1,3401,c0af92,0
RF02543,6vwl,2,160,2893,1269,0,1,3401,c0af92,0
RF02543,6ys3,b,160,2895,1267,0,1,3401,c0af92,0
RF02543,7u2h,1A,148,2901,1152.1,0,1,3401,c0af92,0
RF02543,8bqd,BQ,4,3395,3401.9,0,1,3401,c0af92,1
RF02543,8ove,BB,1,1461,1021.5,8.20E-279,1829,3401,c0af92,1
RF02543,8t5h,B,160,2893,1270.5,0,1,3401,c0af92,0
RF00001,2qa4,9,1,121,77.4,2.90E-17,1,119,c0af92,1
RF00001,3ccu,9,1,121,75.2,1.10E-16,1,119,c0af92,1
RF00001,3jbu,a,3,118,77.2,3.20E-17,1,119,c0af92,1
RF00001,7aqd,B,1,111,75.9,6.60E-17,3,116,c0af92,1
RF00001,7pzy,3,1,121,78.2,1.70E-17,1,119,c0af92,1
RF00001,7r81,B1,1,120,95.3,6.60E-22,1,119,c0af92,1
RF00001,7s1i,J,3,118,77.2,3.20E-17,1,119,c0af92,1
RF00001,8cg8,BB,1,121,88.8,3.30E-20,1,119,c0af92,1
RF00001,8fze,B,3,118,74.8,1.40E-16,1,119,c0af92,1
RF00001,8qpp,Y,1,111,75.9,6.60E-17,3,116,c0af92,1
RF00029,2lps,A,1,34,41.6,2.10E-08,3,36,c0af92,1
RF02541,1j5a,A,1,2878,2737.8,0,1,2925,c0af92,1
RF02541,1k8a,A,2,2920,1740.4,0,1,2925,c0af92,0
RF02541,2zjp,X,1,2878,2737.8,0,1,2925,c0af92,1
RF02541,3jq4,A,1,2878,2737.8,0,1,2925,c0af92,1
RF02541,4ug0,L5,1277,4822,597.9,4.50E-197,1,2923,c0af92,0
RF02541,4ug0,L5,5,420,123.7,3.10E-38,30,555,c0af92,0
RF02541,4v87,AA,1,2912,2697.7,0,1,2923,c0af92,1
RF02541,4v8u,DA,1,2913,2699.6,0,1,2925,c0af92,1
RF02541,5j7l,DA,1,2904,2887.4,0,1,2925,c0af92,1
RF02541,6tbv,23S1,1,2897,2871.6,0,1,2925,c0af92,1
RF02541,6wdi,1,1,2903,2879.9,0,1,2925,c0af92,1
RF02541,6yst,A,1,2903,2874.5,0,1,2925,c0af92,1
RF02541,7pwg,1,1,2429,595,2.10E-196,32,2925,c0af92,0
RF02541,8bim,0,1,2904,2889.8,0,1,2925,c0af92,1
RF02541,8p2k,B5,1187,4808,639,7.00E-211,1,2856,c0af92,0
RF02541,8p2k,B5,5,420,128.6,6.90E-40,30,555,c0af92,0
RF02543,1j5a,A,137,2867,1236,0,1,3401,c0af92,0
RF02543,1k8a,A,131,2914,1469.1,0,1,3401,c0af92,0
RF02543,2zjp,X,137,2867,1236,0,1,3401,c0af92,0
RF02543,3jq4,A,137,2867,1236,0,1,3401,c0af92,0
RF02543,4ug0,L5,3,5069,2377.9,0,1,3401,c0af92,1
RF02543,4v87,AA,153,2903,1154.9,0,1,3401,c0af92,0
RF02543,4v8u,DA,149,2902,1152.1,0,1,3401,c0af92,0
RF02543,5j7l,DA,160,2893,1267.9,0,1,3401,c0af92,0
RF02543,6tbv,23S1,160,2887,1266,0,1,3401,c0af92,0
RF02543,6wdi,1,160,2893,1269,0,1,3401,c0af92,0
RF02543,6yst,A,160,2893,1263.6,0,1,3401,c0af92,0
RF02543,7pwg,1,25,2566,1311.7,0,23,3401,c0af92,1
RF02543,8bim,0,160,2893,1270.5,0,1,3401,c0af92,0
RF02543,8p2k,B5,3,4808,2513.9,0,1,3401,c0af92,1
RF00001,2zjp,Z,5,121,71.6,9.10E-16,1,119,c0af92,1
RF00001,4lsk,YB,3,119,100.7,2.80E-23,1,119,c0af92,1
RF00001,4v8x,BB,3,119,100.7,2.70E-23,1,119,c0af92,1
RF00001,4v90,BB,5,121,100.7,2.80E-23,1,119,c0af92,1
RF00001,4wzo,16,5,121,100.7,2.80E-23,1,119,c0af92,1
RF00001,5dgf,3,1,121,88.8,3.30E-20,1,119,c0af92,1
RF00001,5hcq,2B,3,119,100.7,2.80E-23,1,119,c0af92,1
RF00001,7oig,3,3,118,77.2,3.20E-17,1,119,c0af92,1
RF00001,7p48,B,1,115,75,1.10E-16,1,119,c0af92,1
RF00001,7uqb,3,1,121,88.8,3.30E-20,1,119,c0af92,1
RF00001,7z3o,3,1,120,98.6,9.60E-23,1,119,c0af92,1
RF00001,8fon,YB,3,119,100.7,2.80E-23,1,119,c0af92,1
RF00001,8ud8,2B,3,119,100.7,2.80E-23,1,119,c0af92,1
RF00169,3ndb,M,65,109,42.3,5.90E-09,23,67,c0af92,0
RF00028,7yci,N,11,317,117.1,5.20E-31,1,251,c0af92,1
RF02541,3jaj,5,1,3441,935.7,0,159,2925,c0af92,0
RF02541,4u4u,5,1,3167,1242.6,0,156,2925,c0af92,0
RF02541,5d8h,A,1,74,74,2.00E-23,1083,1156,c0af92,0
RF02541,5el7,1H,1,2914,2708.4,0,1,2925,c0af92,1
RF02541,6wdc,1,1,2903,2879.9,0,1,2925,c0af92,1
RF02541,6xu8,A5,1,3449,1028.7,0,138,2925,c0af92,0
RF02541,7cpv,L5,1071,4731,658.5,2.10E-217,1,2913,c0af92,0
RF02541,7cpv,L5,5,419,134.4,7.60E-42,30,555,c0af92,0
RF02541,8i9v,C1,1,3150,1260.1,0,156,2925,c0af92,0
RF02541,8pv6,C1,1,3151,1258.3,0,155,2925,c0af92,0
RF02541,8rct,72,1,2904,2885,0,1,2925,c0af92,1
RF02541,8uri,a,1,2904,2889.7,0,1,2925,c0af92,1
RF02543,3jaj,5,3,3658,2740.4,0,1,3401,c0af92,1
RF02543,4u4u,5,4,3396,3401.6,0,1,3401,c0af92,1
RF02543,5d8h,A,1,74,52.6,8.80E-13,1230,1303,c0af92,0
RF02543,5el7,1H,153,2903,1154.9,0,1,3401,c0af92,0
RF02543,6wdc,1,160,2893,1269,0,1,3401,c0af92,0
RF02543,6xu8,A5,8,3703,2843.7,0,1,3401,c0af92,1
RF02543,7cpv,L5,3,4717,2583.4,0,1,3401,c0af92,1
RF02543,8i9v,C1,4,3338,3387.9,0,1,3401,c0af92,1
RF02543,8pv6,C1,5,3339,3387.9,0,1,3401,c0af92,1
RF02543,8rct,72,160,2893,1267.9,0,1,3401,c0af92,0
RF02543,8uri,a,160,2893,1270.5,0,1,3401,c0af92,0
RF00001,1yhq,9,1,121,75.2,1.10E-16,1,119,c0af92,1
RF00001,4v9p,CB,3,118,77.2,3.20E-17,1,119,c0af92,1
RF00001,4v9r,BB,3,119,100.7,2.80E-23,1,119,c0af92,1
RF00001,5i4l,3,1,121,88.8,3.30E-20,1,119,c0af92,1
RF00001,6wdk,2,3,118,77.2,3.20E-17,1,119,c0af92,1
RF00001,7jqm,2B,3,119,100.7,2.80E-23,1,119,c0af92,1
RF00001,7pah,4,1,108,63.9,7.60E-14,1,119,c0af92,1
RF00001,7s1h,J,3,118,77.2,3.20E-17,1,119,c0af92,1
RF00001,7top,A5S,1,121,88.8,3.30E-20,1,119,c0af92,1
RF00001,8c90,B,3,118,77.2,3.20E-17,1,119,c0af92,1
RF02541,4v4z,BA,1,2914,2686.5,0,1,2925,c0af92,1
RF02541,4xej,A23S,1,2879,2712.2,0,6,2918,c0af92,1
RF02541,5dat,1,1,3167,1242.6,0,156,2925,c0af92,0
RF02541,6i9r,A,1,1452,369.1,6.10E-121,427,2925,c0af92,1
RF02541,6q98,1,1,2904,2887.4,0,1,2925,c0af92,1
RF02541,6tb3,BQ,1,2994,1259.4,0,158,2925,c0af92,0
RF02541,6ztl,BA,1,2904,2886.7,0,1,2925,c0af92,1
RF02541,8c94,A,1,2904,2889.8,0,1,2925,c0af92,1
RF02541,8fc1,2A,1,2912,2689.8,0,1,2925,c0af92,1
RF02541,8yoo,L5,1277,4822,598,4.00E-197,1,2923,c0af92,0
RF02541,8yoo,L5,5,420,123.7,3.10E-38,30,555,c0af92,0
RF02543,4v4z,BA,149,2903,1134.5,0,1,3401,c0af92,0
RF02543,4xej,A23S,148,2875,1160.6,0,1,3401,c0af92,0
RF02543,5dat,1,4,3396,3401.6,0,1,3401,c0af92,1
RF02543,6q98,1,160,2893,1267.9,0,1,3401,c0af92,0
RF02543,6tb3,BQ,2,3223,3349.8,0,1,3401,c0af92,1
RF02543,6zj3,LB,1,133,67.4,1.30E-16,1,136,c0af92,1
RF02543,6ztl,BA,160,2891,1267.3,0,1,3401,c0af92,0
RF02543,8c94,A,160,2893,1270.5,0,1,3401,c0af92,0
RF02543,8fc1,2A,148,2901,1152.1,0,1,3401,c0af92,0
RF02543,8yoo,L5,3,5069,2379.5,0,1,3401,c0af92,1
RF00001,1w2b,9,1,121,77.4,2.90E-17,1,119,c0af92,1
RF00001,4lel,YB,3,119,100.7,2.80E-23,1,119,c0af92,1
RF00001,4u4n,7,1,121,88.8,3.30E-20,1,119,c0af92,1
RF00001,4u50,3,1,121,88.8,3.30E-20,1,119,c0af92,1
RF00001,4v66,BA,2,117,77.2,3.20E-17,1,119,c0af92,1
RF00001,6gsk,1J,5,121,100.7,2.80E-23,1,119,c0af92,1
RF00001,6s13,B,1,115,75,1.10E-16,1,119,c0af92,1
RF00001,7msm,B,2,114,77.4,2.70E-17,1,119,c0af92,1
RF00001,7n8b,A3,1,121,88.8,3.30E-20,1,119,c0af92,1
RF00001,7oya,71,1,119,121.5,1.20E-28,1,119,c0af92,1
RF00001,7ryh,B,1,115,83.5,7.30E-19,1,119,c0af92,1
RF00001,7unu,B,3,118,86.6,1.20E-19,1,119,c0af92,1
RF00001,8cvj,2B,3,119,100.7,2.80E-23,1,119,c0af92,1
RF00001,8.00E+36,J,2,117,77.2,3.20E-17,1,119,c0af92,1
RF00001,8fc6,1B,3,119,100.7,2.80E-23,1,119,c0af92,1
RF00001,8uvr,1B,3,119,100.7,2.80E-23,1,119,c0af92,1
RF00169,2iy3,B,9,105,62.9,5.50E-15,1,97,c0af92,1
RF02541,1njm,0,1,2878,2737.8,0,1,2925,c0af92,1
RF02541,1vy6,BA,1,2912,2689.8,0,1,2925,c0af92,1
RF02541,2otj,0,2,2920,1740.4,0,1,2925,c0af92,0
RF02541,3j9w,BA,1,2928,3013.9,0,1,2925,c0af92,1
RF02541,4u3u,1,1,3167,1242.6,0,156,2925,c0af92,0
RF02541,4v64,BB,1,2904,2889.8,0,1,2925,c0af92,1
RF02541,5iqr,1,1,2904,2887.4,0,1,2925,c0af92,1
RF02541,6pj6,I,1,2904,2887.4,0,1,2925,c0af92,1
RF02541,6z6n,L5,1277,4822,597.9,4.50E-197,1,2923,c0af92,0
RF02541,6z6n,L5,5,420,123.7,3.10E-38,30,555,c0af92,0
RF02541,8etc,1,1,3327,1202.5,0,156,2925,c0af92,0
RF02543,1njm,0,137,2867,1236,0,1,3401,c0af92,0
RF02543,1vy6,BA,148,2901,1152.1,0,1,3401,c0af92,0
RF02543,2otj,0,131,2914,1469.1,0,1,3401,c0af92,0
RF02543,3j9w,BA,163,2917,1279.4,0,1,3401,c0af92,0
RF02543,4u3u,1,4,3396,3401.6,0,1,3401,c0af92,1
RF02543,4v64,BB,160,2893,1270.5,0,1,3401,c0af92,0
RF02543,5iqr,1,160,2893,1267.9,0,1,3401,c0af92,0
RF02543,6pj6,I,160,2893,1267.9,0,1,3401,c0af92,0
RF02543,6z6n,L5,3,5069,2379.3,0,1,3401,c0af92,1
RF02543,8etc,1,4,3497,3334.2,0,1,3401,c0af92,1
RF00011,1nbs,A,1,154,145.9,2.30E-42,77,230,c0af92,1
RF00001,4u3n,3,1,121,88.8,3.30E-20,1,119,c0af92,1
RF00001,4u4r,7,1,121,88.8,3.30E-20,1,119,c0af92,1
RF00001,4v95,DB,3,119,100.7,2.80E-23,1,119,c0af92,1
RF00001,4xej,B5S,3,119,100.7,2.70E-23,1,119,c0af92,1
RF00001,6bz7,YB,3,119,100.7,2.80E-23,1,119,c0af92,1
RF00001,6enj,B,3,118,77.2,3.20E-17,1,119,c0af92,1
RF00001,6lkq,u,2,117,77.2,3.20E-17,1,119,c0af92,1
RF00001,6sv4,BR,1,121,88.8,3.30E-20,1,119,c0af92,1
RF00001,7m4y,B,1,115,83.5,7.30E-19,1,119,c0af92,1
RF00001,7uvz,B,1,115,83.5,7.30E-19,1,119,c0af92,1
RF00001,8aaf,h,1,121,88.8,3.30E-20,1,119,c0af92,1
RF00001,8rcs,82,3,118,77.2,3.20E-17,1,119,c0af92,1
RF00001,8vtx,1B,3,119,100.7,2.80E-23,1,119,c0af92,1
RF02541,1vql,0,2,2920,1740.4,0,1,2925,c0af92,0
RF02541,3cxc,0,2,2920,1740.4,0,1,2925,c0af92,0
RF02541,4v48,A0,1,2904,2889.8,0,1,2925,c0af92,1
RF02541,4v5c,DA,1,2819,2617.5,0,1,2925,c0af92,1
RF02541,4v6e,BA,1,2903,2882.1,0,1,2925,c0af92,1
RF02541,4wqf,CA,1,2912,2689.8,0,1,2925,c0af92,1
RF02541,4ybb,CA,1,2904,2887.4,0,1,2925,c0af92,1
RF02541,5t5h,B,1,919,328.9,1.00E-107,1634,2925,c0af92,0
RF02541,6s47,AA,1,2920,1222.5,0,158,2925,c0af92,0
RF02541,6wd5,1,1,2903,2879.9,0,1,2925,c0af92,1
RF02541,7qiz,2,1,3177,1175.8,0,160,2925,c0af92,0
RF02541,8fl3,L3,1277,4822,597.9,4.50E-197,1,2923,c0af92,0
RF02541,8fl3,L3,5,420,123.7,3.10E-38,30,555,c0af92,0
RF02543,1vql,0,131,2914,1469.1,0,1,3401,c0af92,0
RF02543,3cxc,0,131,2914,1469.1,0,1,3401,c0af92,0
RF02543,4v48,A0,160,2893,1270.5,0,1,3401,c0af92,0
RF02543,4v5c,DA,147,2808,1088.3,5.60E-297,1,3401,c0af92,0
RF02543,4v6e,BA,160,2893,1270.5,0,1,3401,c0af92,0
RF02543,4wqf,CA,148,2901,1152.1,0,1,3401,c0af92,0
RF02543,4ybb,CA,160,2893,1267.9,0,1,3401,c0af92,0
RF02543,5t5h,B,1,941,771.2,5.70E-210,1834,3074,c0af92,1
RF02543,6s47,AA,2,3149,3266.9,0,1,3401,c0af92,1
RF02543,6wd5,1,160,2893,1269,0,1,3401,c0af92,0
RF02543,7qiz,2,2,3391,3364.1,0,1,3401,c0af92,1
RF02543,8fl3,L3,3,5069,2379.3,0,1,3401,c0af92,1
RF02679,6ufk,C,1,51,39.2,1.40E-07,1,70,c0af92,1
RF00001,1ffk,9,1,121,77.4,2.90E-17,1,119,c0af92,1
RF00001,1k9m,B,1,121,77.4,2.90E-17,1,119,c0af92,1
RF00001,4u4n,3,1,121,88.8,3.30E-20,1,119,c0af92,1
RF00001,6nwy,YB,3,119,100.7,2.80E-23,1,119,c0af92,1
RF00001,7msc,B,2,114,77.4,2.70E-17,1,119,c0af92,1
RF00001,8fl2,L4,1,119,118.9,5.30E-28,1,119,c0af92,1
RF02541,3j6x,2S,1,3166,1242.8,0,156,2925,c0af92,0
RF02541,4lsk,RA,1,2913,2699.6,0,1,2925,c0af92,1
RF02541,4v8d,BA,1,2912,2697.7,0,1,2923,c0af92,1
RF02541,5anb,N,1,3577,1138.7,0,161,2925,c0af92,0
RF02541,5i4l,1,1,3167,1242.6,0,156,2925,c0af92,0
RF02541,6buw,YA,1,2912,2689.8,0,1,2925,c0af92,1
RF02541,6enj,A,1,2903,2871.7,0,1,2925,c0af92,1
RF02541,6n8j,1,1,3167,1242.6,0,156,2925,c0af92,0
RF02541,7jsw,1,1,2903,2879.9,0,1,2925,c0af92,1
RF02541,7ryh,A,8,2900,2893.9,0,1,2925,c0af92,1
RF02541,8.00E+42,I,1,2904,2887.4,0,1,2925,c0af92,1
RF02541,8v87,1,1,3167,1242.6,0,156,2925,c0af92,0
RF02543,3j6x,2S,4,3395,3401.9,0,1,3401,c0af92,1
RF02543,4lsk,RA,149,2902,1152.1,0,1,3401,c0af92,0
RF02543,4v8d,BA,153,2903,1154.9,0,1,3401,c0af92,0
RF02543,5anb,N,2,3741,2720.4,0,1,3401,c0af92,1
RF02543,5i4l,1,4,3396,3401.6,0,1,3401,c0af92,1
RF02543,6buw,YA,148,2901,1152.1,0,1,3401,c0af92,0
RF02543,6enj,A,160,2893,1264,0,1,3401,c0af92,0
RF02543,6n8j,1,4,3396,3401.6,0,1,3401,c0af92,1
RF02543,7jsw,1,160,2893,1269,0,1,3401,c0af92,0
RF02543,7ryh,A,167,2888,1271.3,0,1,3401,c0af92,0
RF02543,8.00E+42,I,160,2893,1267.9,0,1,3401,c0af92,0
RF02543,8ibw,A,1,60,70.4,8.80E-18,2237,2296,c0af92,1
RF02543,8v87,1,4,3396,3401.6,0,1,3401,c0af92,1
RF00001,4wra,16,5,121,100.7,2.80E-23,1,119,c0af92,1
RF00001,5ndg,3,1,121,88.8,3.30E-20,1,119,c0af92,1
RF00001,6lsr,5,1,119,118.9,5.30E-28,1,119,c0af92,1
RF00001,6q97,3,3,118,77.2,3.20E-17,1,119,c0af92,1
RF00001,6xzb,B2,3,118,77.2,3.20E-17,1,119,c0af92,1
RF00001,7p3k,b,3,118,77.2,3.20E-17,1,119,c0af92,1
RF00001,7pjt,B,3,118,77.2,3.20E-17,1,119,c0af92,1
RF00001,7q0p,3,1,121,78.2,1.70E-17,1,119,c0af92,1
RF00001,8b2l,C3,1,119,131.8,2.50E-31,1,119,c0af92,1
RF00001,8g2a,1B,3,119,100.7,2.80E-23,1,119,c0af92,1
RF02541,1vy5,BA,1,2912,2689.8,0,1,2925,c0af92,1
RF02541,3i56,0,1,2923,1750.8,0,1,2925,c0af92,0
RF02541,4v73,BA,1,2903,2882.1,0,1,2925,c0af92,1
RF02541,4v8p,F1,1,3251,1190.7,0,160,2925,c0af92,0
RF02541,6by1,CA,1,2904,2889.8,0,1,2925,c0af92,1
RF02541,7phc,3,3,2907,2658.1,0,1,2925,c0af92,1
RF02541,8c8z,A,1,2904,2889.8,0,1,2925,c0af92,1
RF02541,8cf5,AA,1,3167,1242.6,0,156,2925,c0af92,0
RF02541,8p17,1,1,2904,2887.4,0,1,2925,c0af92,1
RF02541,8t8c,2A,1,2912,2689.8,0,1,2925,c0af92,1
RF02541,8y0x,L5,1277,4822,597.9,4.50E-197,1,2923,c0af92,0
RF02541,8y0x,L5,5,420,123.7,3.10E-38,30,555,c0af92,0
RF02543,1vy5,BA,148,2901,1152.1,0,1,3401,c0af92,0
RF02543,3i56,0,132,2915,1471.3,0,1,3401,c0af92,0
RF02543,4v73,BA,160,2893,1270.5,0,1,3401,c0af92,0
RF02543,4v8p,F1,2,3352,3119.3,0,1,3401,c0af92,1
RF02543,6by1,CA,160,2893,1270.5,0,1,3401,c0af92,0
RF02543,7phc,3,167,2896,1188.2,0,1,3401,c0af92,0
RF02543,8c8z,A,160,2893,1270.5,0,1,3401,c0af92,0
RF02543,8cf5,AA,4,3396,3401.6,0,1,3401,c0af92,1
RF02543,8p17,1,160,2893,1267.9,0,1,3401,c0af92,0
RF02543,8t8c,2A,148,2901,1152.1,0,1,3401,c0af92,0
RF02543,8y0x,L5,3,5069,2379.3,0,1,3401,c0af92,1
RF00001,3j7r,7,1,119,118.9,5.30E-28,1,119,c0af92,1
RF00001,4v6s,AA,3,118,77.2,3.20E-17,1,119,c0af92,1
RF00001,4y4p,2B,3,119,100.7,2.80E-23,1,119,c0af92,1
RF00001,6enf,B,3,118,77.2,3.20E-17,1,119,c0af92,1
RF00001,6o3m,YB,3,119,100.7,2.80E-23,1,119,c0af92,1
RF00001,6szs,B,3,118,77.2,3.20E-17,1,119,c0af92,1
RF00001,7pjw,B,3,118,77.2,3.20E-17,1,119,c0af92,1
RF00001,8b0x,b,3,118,77.2,3.20E-17,1,119,c0af92,1
RF00028,7r6m,A,32,315,110.6,4.00E-29,1,251,c0af92,1
RF02541,3dg2,B,1,2904,2889.8,0,1,2925,c0af92,1
RF02541,5lzw,5,1,3326,977.8,0,159,2925,c0af92,0
RF02541,5nco,A,1,2903,2882.1,0,1,2925,c0af92,1
RF02541,6bz7,YA,1,2912,2689.8,0,1,2925,c0af92,1
RF02541,6om0,t,1,3382,961.6,0,159,2925,c0af92,0
RF02541,7d80,A,1,2903,2882.1,0,1,2925,c0af92,1
RF02541,7pak,3,3,2907,2658.1,0,1,2925,c0af92,1
RF02541,8p60,K50,1,2587,1116,0,1,2925,c0af92,0
RF02541,8rjb,K,1,3326,977.8,0,159,2925,c0af92,0
RF02541,8s1u,A,1,2928,3016.3,0,1,2925,c0af92,1
RF02543,3dg2,B,160,2893,1270.5,0,1,3401,c0af92,0
RF02543,3j0l,7,1,50,51.3,1.40E-12,2833,2882,c0af92,1
RF02543,5lzw,5,3,3543,2779.4,0,1,3401,c0af92,1
RF02543,5nco,A,160,2893,1270.5,0,1,3401,c0af92,0
RF02543,6bz7,YA,148,2901,1152.1,0,1,3401,c0af92,0
RF02543,6om0,t,3,3606,2746.1,0,1,3401,c0af92,1
RF02543,7d80,A,160,2893,1270.5,0,1,3401,c0af92,0
RF02543,7pak,3,167,2896,1188.2,0,1,3401,c0af92,0
RF02543,8p60,K50,96,2613,1664,0,1,3401,c0af92,1
RF02543,8rjb,K,3,3543,2779.4,0,1,3401,c0af92,1
RF02543,8s1u,A,163,2917,1278.8,0,1,3401,c0af92,0
RF00001,4v4g,JA,2,118,71.6,8.80E-16,1,119,c0af92,1
RF00001,5apn,7,1,121,88.8,3.30E-20,1,119,c0af92,1
RF00001,6lqm,5,1,119,118.9,5.30E-28,1,119,c0af92,1
RF00001,6rm3,L70,1,119,98.4,1.00E-22,1,119,c0af92,1
RF00001,6wdc,2,3,118,77.2,3.20E-17,1,119,c0af92,1
RF00001,7qv2,B,1,111,75.9,6.60E-17,3,116,c0af92,1
RF00001,7u2h,2B,3,119,100.7,2.80E-23,1,119,c0af92,1
RF00001,8btd,LE,1,119,79.5,8.40E-18,1,119,c0af92,1
RF00001,8fc1,2B,3,119,100.7,2.80E-23,1,119,c0af92,1
RF00001,8xz3,B,3,116,77,3.50E-17,1,119,c0af92,1
RF02541,3j92,5,1,3443,934.4,0,159,2925,c0af92,0
RF02541,4w2g,BA,1,2912,2689.8,0,1,2925,c0af92,1
RF02541,4www,RA,1,2904,2889.8,0,1,2925,c0af92,1
RF02541,5jvh,X,1,2878,2737.8,0,1,2925,c0af92,1
RF02541,5ndw,1,1,3167,1242.6,0,156,2925,c0af92,0
RF02541,6nsh,RA,1,2912,2689.8,0,1,2925,c0af92,1
RF02541,7nql,BA,1,1457,360.6,4.30E-118,200,2925,c0af92,1
RF02541,7ohr,1,1,3167,1242.6,0,156,2925,c0af92,0
RF02541,8ine,2,1277,4806,603.9,4.40E-199,1,2923,c0af92,0
RF02541,8ine,2,5,420,123.7,3.10E-38,30,555,c0af92,0
RF02541,8wi8,A,1,3119,2730,0,1,2925,c0af92,1
RF02543,3j92,5,3,3664,2755.6,0,1,3401,c0af92,1
RF02543,4w2g,BA,148,2901,1152.1,0,1,3401,c0af92,0
RF02543,4www,RA,160,2893,1270.5,0,1,3401,c0af92,0
RF02543,5jvh,X,137,2867,1236,0,1,3401,c0af92,0
RF02543,5ndw,1,4,3396,3401.6,0,1,3401,c0af92,1
RF02543,6nsh,RA,148,2901,1152.1,0,1,3401,c0af92,0
RF02543,7ohr,1,4,3396,3401.6,0,1,3401,c0af92,1
RF02543,8ine,2,3,5053,2385.5,0,1,3401,c0af92,1
RF02543,8wi8,A,158,3112,1216.5,0,1,3401,c0af92,0
RF00001,3ccl,9,1,121,75.2,1.10E-16,1,119,c0af92,1
RF00001,4p70,YB,3,119,100.7,2.80E-23,1,119,c0af92,1
RF00001,5dge,7,1,121,88.8,3.30E-20,1,119,c0af92,1
RF00001,5lzs,7,1,119,118.9,5.30E-28,1,119,c0af92,1
RF00001,6o97,2B,3,119,100.7,2.80E-23,1,119,c0af92,1
RF00001,6vwm,3,3,118,77.2,3.20E-17,1,119,c0af92,1
RF00001,6zto,BB,3,118,77.2,3.20E-17,1,119,c0af92,1
RF00001,7p7u,B,1,116,83.5,7.30E-19,1,119,c0af92,1
RF00001,8cgn,BB,1,121,88.8,3.30E-20,1,119,c0af92,1
RF00001,8uu5,B,1,116,87,9.20E-20,1,119,c0af92,1
RF00169,3zn8,G,2,88,59.1,5.30E-14,1,97,c0af92,1
RF02541,1mms,D,1,58,58.8,2.00E-18,1093,1150,c0af92,1
RF02541,4u4r,1,1,3167,1242.6,0,156,2925,c0af92,0
RF02541,4wqu,CA,1,2912,2689.8,0,1,2925,c0af92,1
RF02541,5aka,B,1,2904,2889.8,0,1,2925,c0af92,1
RF02541,5lzf,A,1,2903,2879.8,0,1,2925,c0af92,1
RF02541,7kgb,A,1,3138,2762.8,0,1,2925,c0af92,1
RF02541,7uvx,A,8,2900,2893.9,0,1,2925,c0af92,1
RF02541,8r55,X,1,2928,3016.3,0,1,2925,c0af92,1
RF02543,4u4r,1,4,3396,3401.6,0,1,3401,c0af92,1
RF02543,4wqu,CA,148,2901,1152.1,0,1,3401,c0af92,0
RF02543,5aka,B,160,2893,1270.5,0,1,3401,c0af92,0
RF02543,5lzf,A,160,2893,1267.9,0,1,3401,c0af92,0
RF02543,7kgb,A,162,3127,1211.7,0,1,3401,c0af92,0
RF02543,7uvx,A,167,2888,1271.3,0,1,3401,c0af92,0
RF02543,8r55,X,163,2917,1278.8,0,1,3401,c0af92,0
RF00001,1jj2,9,1,121,77.4,2.90E-17,1,119,c0af92,1
RF00001,3dll,Z,5,121,71.6,9.10E-16,1,119,c0af92,1
RF00001,3j92,7,1,119,118.9,5.30E-28,1,119,c0af92,1
RF00001,4u6f,7,1,121,88.8,3.30E-20,1,119,c0af92,1
RF00001,4v7s,DB,2,117,77.2,3.20E-17,1,119,c0af92,1
RF00001,5ndk,16,5,121,100.7,2.80E-23,1,119,c0af92,1
RF00001,6hcm,72,1,119,118.9,5.30E-28,1,119,c0af92,1
RF00001,6ztp,BB,3,118,77.2,3.20E-17,1,119,c0af92,1
RF00001,8fzf,B,3,118,74.8,1.40E-16,1,119,c0af92,1
RF00001,8fzh,B,3,118,74.8,1.40E-16,1,119,c0af92,1
RF00001,8g29,2B,3,119,100.7,2.80E-23,1,119,c0af92,1
RF00028,1x8w,D,1,237,101.5,1.00E-26,49,251,c0af92,1
RF02541,4v50,DB,1,2904,2889.8,0,1,2925,c0af92,1
RF02541,4v5j,DA,1,2913,2699.6,0,1,2925,c0af92,1
RF02541,7oic,A,1,1454,372,6.20E-122,426,2925,c0af92,1
RF02541,7pip,3,3,2907,2658.1,0,1,2925,c0af92,1
RF02541,8b6c,5,1187,4808,625.4,2.50E-206,1,2856,c0af92,0
RF02541,8b6c,5,5,420,127.7,1.30E-39,30,555,c0af92,0
RF02541,8ceh,AA,1,3167,1242.6,0,156,2925,c0af92,0
RF02541,8e3l,I,1,2904,2887.4,0,1,2925,c0af92,1
RF02541,8fkx,L3,1277,4822,597.9,4.50E-197,1,2923,c0af92,0
RF02541,8fkx,L3,5,420,123.7,3.10E-38,30,555,c0af92,0
RF02543,4v50,DB,160,2893,1270.5,0,1,3401,c0af92,0
RF02543,4v5j,DA,149,2902,1152.1,0,1,3401,c0af92,0
RF02543,7pip,3,167,2896,1188.2,0,1,3401,c0af92,0
RF02543,8b6c,5,3,4808,2475.8,0,1,3401,c0af92,1
RF02543,8ceh,AA,4,3396,3401.6,0,1,3401,c0af92,1
RF02543,8e3l,I,160,2893,1267.9,0,1,3401,c0af92,0
RF02543,8fkx,L3,3,5069,2379.3,0,1,3401,c0af92,1
RF00001,4v49,B9,2,118,71.6,8.70E-16,1,119,c0af92,1
RF00001,4v5f,DB,5,121,100.7,2.80E-23,1,119,c0af92,1
RF00001,4v8n,BB,5,121,100.7,2.80E-23,1,119,c0af92,1
RF00001,5e7k,16,5,121,100.7,2.80E-23,1,119,c0af92,1
RF00001,6gxm,B,3,118,77.2,3.20E-17,1,119,c0af92,1
RF00001,6mtc,7,1,119,118.9,5.30E-28,1,119,c0af92,1
RF00001,7k55,2,3,118,77.2,3.20E-17,1,119,c0af92,1
RF00001,7pwg,3,1,120,82.6,1.30E-18,1,119,c0af92,1
RF00001,8ife,1B,1,119,118.9,5.30E-28,1,119,c0af92,1
RF00028,7xd3,N,32,338,117.1,5.60E-31,1,251,c0af92,1
RF02541,3j6b,A,186,3136,396.9,6.40E-130,1,2925,c0af92,1
RF02541,4v42,BA,1,2914,2686.5,0,1,2925,c0af92,1
RF02541,4v53,BB,1,2904,2889.8,0,1,2925,c0af92,1
RF02541,4v6l,BB,1,2904,2887.4,0,1,2925,c0af92,1
RF02541,4v9k,BA,1,2879,2712.2,0,6,2918,c0af92,1
RF02541,4wqu,AA,1,2912,2689.8,0,1,2925,c0af92,1
RF02541,6gzz,A1,1,2912,2697.7,0,1,2923,c0af92,1
RF02541,6n8k,1,1,3167,1242.6,0,156,2925,c0af92,0
RF02541,6snt,1,1,3167,1242.6,0,156,2925,c0af92,0
RF02541,8am9,a,1,2903,2881.6,0,1,2925,c0af92,1
RF02541,8bhj,0,1,2904,2889.8,0,1,2925,c0af92,1
RF02541,8fc2,2A,1,2912,2689.8,0,1,2925,c0af92,1
RF02541,8rq0,A,1,2903,2876.9,0,1,2925,c0af92,1
RF02541,8tpu,AA,1,3553,986,0,157,2925,c0af92,0
RF02543,3j6b,A,1600,1940,121.9,3.00E-30,1891,2388,c0af92,0
RF02543,3j6b,A,223,302,58.3,1.10E-12,24,103,c0af92,0
RF02543,3j6b,A,2713,2873,96.5,3.10E-23,2825,2984,c0af92,0
RF02543,4v42,BA,149,2903,1134.5,0,1,3401,c0af92,0
RF02543,4v53,BB,160,2893,1270.5,0,1,3401,c0af92,0
RF02543,4v6l,BB,160,2893,1267.9,0,1,3401,c0af92,0
RF02543,4v9k,BA,148,2875,1160.6,0,1,3401,c0af92,0
RF02543,4wqu,AA,148,2901,1152.1,0,1,3401,c0af92,0
RF02543,6gzz,A1,153,2903,1154.9,0,1,3401,c0af92,0
RF02543,6n8k,1,4,3396,3401.6,0,1,3401,c0af92,1
RF02543,6snt,1,4,3396,3401.6,0,1,3401,c0af92,1
RF02543,8am9,a,160,2893,1269.4,0,1,3401,c0af92,0
RF02543,8bhj,0,160,2893,1270.5,0,1,3401,c0af92,0
RF02543,8fc2,2A,148,2901,1152.1,0,1,3401,c0af92,0
RF02543,8rq0,A,160,2893,1266.1,0,1,3401,c0af92,0
RF02543,8tpu,AA,4,3788,2656.6,0,1,3401,c0af92,1
RF00001,1vy4,BB,3,119,100.7,2.80E-23,1,119,c0af92,1
RF00001,4tua,RB,3,119,100.7,2.80E-23,1,119,c0af92,1
RF00001,4tuc,YB,3,119,100.7,2.80E-23,1,119,c0af92,1
RF00001,4u4u,3,1,121,88.8,3.30E-20,1,119,c0af92,1
RF00001,4v9n,BB,3,119,100.7,2.70E-23,1,119,c0af92,1
RF00001,4wr6,16,5,121,100.7,2.80E-23,1,119,c0af92,1
RF00001,4wt1,1J,5,121,100.7,2.80E-23,1,119,c0af92,1
RF00001,6hma,B,1,115,75,1.10E-16,1,119,c0af92,1
RF00001,7qws,7,1,119,118.9,5.30E-28,1,119,c0af92,1
RF00001,8fl9,L4,1,119,118.9,5.30E-28,1,119,c0af92,1
RF00001,8ovj,8,5,123,96.6,3.10E-22,1,119,c0af92,1
RF00001,8y0w,L7,1,119,118.9,5.30E-28,1,119,c0af92,1
RF00001,9bdn,A5S,1,119,118.9,5.30E-28,1,119,c0af92,1
RF02541,5t2c,A,1277,4822,597.9,4.50E-197,1,2923,c0af92,0
RF02541,5t2c,A,5,420,123.7,3.10E-38,30,555,c0af92,0
RF02541,6gxn,A,1,2903,2876.9,0,1,2925,c0af92,1
RF02541,6hd7,1,1,3167,1242.6,0,156,2925,c0af92,0
RF02541,6xqd,1A,1,2912,2689.8,0,1,2925,c0af92,1
RF02541,7bhp,L5,1277,4822,598,4.00E-197,1,2923,c0af92,0
RF02541,7bhp,L5,5,420,123.7,3.10E-38,30,555,c0af92,0
RF02541,7nqh,BA,1,1457,360.6,4.30E-118,200,2925,c0af92,1
RF02541,7u0h,1,1,3167,1242.6,0,156,2925,c0af92,0
RF02541,8fzj,A,1,2904,2887.4,0,1,2925,c0af92,1
RF02541,8jiv,Aa,1,3178,1153.1,0,160,2925,c0af92,0
RF02541,8qu5,A,1,1454,372.4,4.50E-122,426,2925,c0af92,1
RF02541,8vtu,1A,1,2912,2689.8,0,1,2925,c0af92,1
RF02543,5t2c,A,3,5069,2377.9,0,1,3401,c0af92,1
RF02543,6gxn,A,160,2893,1266.1,0,1,3401,c0af92,0
RF02543,6hd7,1,4,3396,3401.6,0,1,3401,c0af92,1
RF02543,6xqd,1A,148,2901,1152.1,0,1,3401,c0af92,0
RF02543,7bhp,L5,3,5069,2379.5,0,1,3401,c0af92,1
RF02543,7u0h,1,4,3396,3401.6,0,1,3401,c0af92,1
RF02543,8fzj,A,160,2893,1267.9,0,1,3401,c0af92,0
RF02543,8jiv,Aa,2,3391,3266.4,0,1,3401,c0af92,1
RF02543,8vtu,1A,148,2901,1152.1,0,1,3401,c0af92,0
RF00010,7uo1,B,1,373,302.2,8.00E-99,1,363,c0af92,1
RF00001,3i56,9,1,121,75.2,1.10E-16,1,119,c0af92,1
RF00001,4v7z,BB,3,119,100.7,2.80E-23,1,119,c0af92,1
RF00001,5lks,L7,1,119,118.9,5.30E-28,1,119,c0af92,1
RF00001,5uyn,2,3,118,77.2,3.20E-17,1,119,c0af92,1
RF00001,5v8i,2B,3,119,100.7,2.80E-23,1,119,c0af92,1
RF00001,6ftj,v,1,119,118.9,5.30E-28,1,119,c0af92,1
RF00001,6hhq,AS,1,121,88.8,3.30E-20,1,119,c0af92,1
RF00001,6n9f,2B,3,119,100.7,2.80E-23,1,119,c0af92,1
RF00001,6t4q,C4,1,121,88.8,3.30E-20,1,119,c0af92,1
RF00001,8.00E+33,J,2,117,77.2,3.20E-17,1,119,c0af92,1
RF02541,1c2w,B,1,2904,2887,0,1,2925,c0af92,1
RF02541,4ujd,A2,1245,4801,585.3,7.30E-193,1,2923,c0af92,0
RF02541,4ujd,A2,5,411,127.9,1.20E-39,30,555,c0af92,0
RF02541,4v5y,BB,1,2904,2889.8,0,1,2925,c0af92,1
RF02541,4v7a,BA,1,2903,2882.1,0,1,2925,c0af92,1
RF02541,4v7u,BA,1,2904,2889.8,0,1,2925,c0af92,1
RF02541,4v7v,BA,1,2903,2882.1,0,1,2925,c0af92,1
RF02541,4wr6,14,1,2914,2708.4,0,1,2925,c0af92,1
RF02541,6ddd,1,1,2923,2986.2,0,1,2925,c0af92,1
RF02541,6mtc,5,1,3380,1012,0,159,2925,c0af92,0
RF02541,6o9k,A,1,2854,2787.7,0,1,2925,c0af92,1
RF02541,6pcq,I,1,2904,2887.4,0,1,2925,c0af92,1
RF02541,7as9,A,1,2926,3004,0,1,2923,c0af92,1
RF02541,7k53,1,1,2903,2879.9,0,1,2925,c0af92,1
RF02541,7oi6,A,1,1454,372.4,4.50E-122,426,2925,c0af92,1
RF02541,8apn,A3,1,207,80.1,5.00E-25,701,908,c0af92,1
RF02541,8xt2,L1,1,1454,372.4,4.50E-122,426,2925,c0af92,1
RF02543,1c2w,B,160,2893,1269.1,0,1,3401,c0af92,0
RF02543,4ujd,A2,3,5024,2378.4,0,1,3401,c0af92,1
RF02543,4v5y,BB,160,2893,1270.5,0,1,3401,c0af92,0
RF02543,4v7a,BA,160,2893,1270.5,0,1,3401,c0af92,0
RF02543,4v7u,BA,160,2893,1270.5,0,1,3401,c0af92,0
RF02543,4v7v,BA,160,2893,1270.5,0,1,3401,c0af92,0
RF02543,4wr6,14,153,2903,1154.9,0,1,3401,c0af92,0
RF02543,6ddd,1,164,2912,1326.7,0,1,3401,c0af92,0
RF02543,6mtc,5,3,3597,2849,0,1,3401,c0af92,1
RF02543,6o9k,A,160,2844,1217.8,0,1,3401,c0af92,0
RF02543,6pcq,I,160,2893,1267.9,0,1,3401,c0af92,0
RF02543,7as9,A,163,2917,1278.8,0,1,3401,c0af92,0
RF02543,7k53,1,160,2893,1269,0,1,3401,c0af92,0
RF00001,4v9h,BB,5,121,100.7,2.80E-23,1,119,c0af92,1
RF00001,4w2g,BB,3,119,100.7,2.80E-23,1,119,c0af92,1
RF00001,5el6,16,5,121,100.7,2.80E-23,1,119,c0af92,1
RF00001,6gsj,16,5,121,100.7,2.80E-23,1,119,c0af92,1
RF00001,6o8z,B,1,116,83.5,7.30E-19,1,119,c0af92,1
RF00001,6woo,7,1,121,88.8,3.30E-20,1,119,c0af92,1
RF00001,7otc,B,3,118,77.2,3.20E-17,1,119,c0af92,1
RF00001,7pia,4,1,108,63.9,7.60E-14,1,119,c0af92,1
RF00001,7ug7,5,3,118,77.2,3.20E-17,1,119,c0af92,1
RF00001,8cgd,b,3,118,77.2,3.20E-17,1,119,c0af92,1
RF02541,5el7,14,1,2914,2708.4,0,1,2925,c0af92,1
RF02541,6gc0,A,1,2904,2889.8,0,1,2925,c0af92,1
RF02541,7pat,3,3,2907,2658.1,0,1,2925,c0af92,1
RF02541,7zpq,5,1,3167,1242.6,0,156,2925,c0af92,0
RF02541,8b2l,A3,1,3176,1176.8,0,160,2925,c0af92,0
RF02541,8vtv,2A,1,2912,2689.8,0,1,2925,c0af92,1
RF02543,5el7,14,153,2903,1154.9,0,1,3401,c0af92,0
RF02543,6gc0,A,160,2893,1270.5,0,1,3401,c0af92,0
RF02543,7pat,3,167,2896,1188.2,0,1,3401,c0af92,0
RF02543,7zpq,5,4,3396,3401.6,0,1,3401,c0af92,1
RF02543,8b2l,A3,2,3390,3351.2,0,1,3401,c0af92,1
RF02543,8vtv,2A,148,2901,1152.1,0,1,3401,c0af92,0
RF00458,7jqc,i,1,191,177.3,1.60E-42,3,193,8484c0,1
RF00458,6d90,4,1,187,177.4,1.50E-42,3,189,ebeb30,1
RF00458,4xej,BIRE,4,193,164.7,1.50E-39,1,189,8.59E+09,1
RF00458,2noq,A,1,190,180.7,2.50E-43,3,192,ebeb30,1
RF00458,5it9,i,1,191,177.3,1.60E-42,3,193,00bac0,1
RF00458,4xej,AIRE,4,193,164.7,1.50E-39,1,189,bdc000,1
RF00458,4d61,j,1,199,175.8,3.70E-42,3,201,ebeb30,1
RF00458,4d5n,X,1,199,175.8,3.70E-42,3,201,c008ae,1
RF00458,2il9,M,2,142,91.9,1.50E-22,1,142,8700,1
RF00458,5it7,4,1,190,180,3.60E-43,3,192,8.59E+09,1
RF00458,2il9,A,2,142,91.9,1.50E-22,1,142,0064f4,1
RF00458,4v92,AZ,1,184,162.9,4.00E-39,3,189,ebeb30,1
RF00458,6d9j,4,1,187,177.4,1.50E-42,3,189,0003c0,1
RF01852,3adc,C,1,88,67.3,4.80E-18,1,91,0003c0,1
RF01852,3add,C,1,88,67.3,4.80E-18,1,91,ff87a4,1
RF01852,4zdp,E,1,86,81.7,8.80E-22,1,91,1fc01f,1
RF01852,6z6m,CC,1,81,48.2,4.00E-13,1,91,c00f0f,1
RF01852,3w1k,J,1,91,76.2,2.50E-20,1,91,8.59E+09,1
RF01852,4rqf,C,1,86,76.2,2.40E-20,1,91,ff87a4,1
RF01852,3adb,C,1,88,67.3,4.80E-18,1,91,bdc000,1
RF01852,3rg5,B,1,86,79.6,2.90E-21,1,91,00bac0,1
RF01852,3w1k,I,1,91,76.2,2.50E-20,1,91,1fc01f,1
RF01852,3hl2,E,1,86,81.7,9.10E-22,1,91,c00f0f,1
RF01852,5lze,y,1,91,83.8,2.60E-22,1,91,c008ae,1
RF01852,3adc,D,1,88,67.3,4.80E-18,1,91,c008ae,1
RF01852,4rqe,B,1,86,76.2,2.40E-20,1,91,1fc01f,1
RF01852,3add,D,1,88,67.3,4.80E-18,1,91,ebeb30,1
RF01852,3w1k,G,1,91,76.2,2.50E-20,1,91,0003c0,1
RF01852,3w1k,F,1,91,76.2,2.50E-20,1,91,0003c0,1
RF01852,4zdo,E,1,86,81.7,8.80E-22,1,91,c0af92,1
RF01852,3adb,D,1,88,67.3,4.80E-18,1,91,ebeb30,1
RF01852,5lzf,y,1,91,83.8,2.60E-22,1,91,0003c0,1
RF01852,5lzd,y,1,91,83.8,2.60E-22,1,91,8.59E+09,1
RF01852,5lzb,y,1,91,83.8,2.60E-22,1,91,93c090,1
RF01852,4rqe,D,1,86,76.2,2.40E-20,1,91,8700,1
RF01852,3w1k,H,1,91,76.2,2.50E-20,1,91,c00f0f,1
RF01852,3a3a,A,1,86,81.7,9.10E-22,1,91,0064f4,1
RF01852,3w3s,B,1,95,71.9,3.40E-19,1,91,8e2511,1
RF01852,3rg5,A,1,86,79.6,2.90E-21,1,91,ebeb30,1
RF01852,5lzc,y,1,91,83.8,2.60E-22,1,91,ebeb30,1
RF02001,4ds6,A,91,263,140,1.00E-34,1,170,0003c0,1
RF02001,6t3n,A,92,264,140,9.50E-35,1,170,454545,1
RF02001,4y1n,B,89,261,136.1,5.80E-34,1,170,c008ae,1
RF02001,5j01,A,83,255,133.8,3.20E-33,1,170,0064f4,1
RF02001,4e8k,A,87,259,140,9.40E-35,1,170,454545,1
RF02001,3igi,A,84,256,140,9.80E-35,1,170,454545,1
RF02001,4e8q,A,87,259,140,9.40E-35,1,170,1fc01f,1
RF02001,4far,A,84,256,140,9.30E-35,1,170,bdc000,1
RF02001,4e8r,A,87,259,140,9.40E-35,1,170,8e2511,1
RF02001,4fax,A,88,260,140,9.40E-35,1,170,8.59E+09,1
RF02001,4fb0,A,87,259,140,9.40E-35,1,170,8484c0,1
RF02001,6t3r,A,84,256,140,9.30E-35,1,170,8700,1
RF02001,4e8v,A,87,259,140,9.40E-35,1,170,93c090,1
RF02001,4faw,A,87,259,140,9.40E-35,1,170,93c090,1
RF02001,6t3s,A,92,264,140,9.50E-35,1,170,00bac0,1
RF02001,3bwp,A,84,256,140,9.80E-35,1,170,ff87a4,1
RF02001,4y1n,A,89,261,136.1,5.80E-34,1,170,454545,1
RF02001,6t3k,A,84,256,140,9.30E-35,1,170,ebeb30,1
RF02001,3g78,A,84,256,140,9.80E-35,1,170,ebeb30,1
RF02001,4fau,A,92,264,140,9.50E-35,1,170,1fc01f,1
RF02001,3eog,A,84,256,140,9.80E-35,1,170,1fc01f,1
RF02001,4faq,A,89,261,140,9.40E-35,1,170,f29242,1
RF02001,4e8p,A,87,259,140,9.40E-35,1,170,8700,1
RF02001,5j02,A,83,255,133.8,3.20E-33,1,170,ff87fa,1
RF02001,4e8t,A,87,259,140,9.40E-35,1,170,8484c0,1
RF02001,3eoh,A,84,256,140,9.80E-35,1,170,0003c0,1
RF02001,4e8n,A,87,259,140,9.40E-35,1,170,00bac0,1
RF02001,4y1o,B,89,261,136.1,5.80E-34,1,170,0064f4,1
RF02001,4y1o,A,89,261,136.1,5.80E-34,1,170,454545,1
RF02001,4e8m,A,87,259,140,9.40E-35,1,170,8700,1
RF01415,4pqv,A,3,68,63.4,1.40E-14,6,75,0064f4,1
RF00044,1foq,C,3,120,145.4,7.10E-42,1,118,0064f4,1
RF00044,7jqq,K,3,115,133.8,1.40E-38,1,113,ff87a4,1
RF00044,1foq,D,3,120,145.4,7.10E-42,1,118,f29242,1
RF00044,7jqq,O,3,115,133.8,1.40E-38,1,113,c008ae,1
RF00044,6qyz,B,3,120,145.4,7.10E-42,1,118,1fc01f,1
RF00044,7jqq,L,3,115,133.8,1.40E-38,1,113,8.59E+09,1
RF00044,7jqq,M,3,115,133.8,1.40E-38,1,113,1fc01f,1
RF00044,1foq,A,3,120,145.4,7.10E-42,1,118,454545,1
RF00044,1foq,B,3,120,145.4,7.10E-42,1,118,ebeb30,1
RF00044,6qyz,C,3,120,145.4,7.10E-42,1,118,454545,1
RF00044,1foq,E,3,120,145.4,7.10E-42,1,118,0003c0,1
RF00044,6qyz,A,3,120,145.4,7.10E-42,1,118,00bac0,1
RF00044,6qyz,E,3,120,145.4,7.10E-42,1,118,c0af92,1
RF00044,7jqq,N,3,115,133.8,1.40E-38,1,113,8e2511,1
RF00044,6qyz,D,3,120,145.4,7.10E-42,1,118,c0af92,1
RF01807,4p8z,A,3,186,108.9,5.60E-30,1,201,c00f0f,1
RF02012,6chr,A,42,199,58.1,5.20E-15,1,151,0003c0,1
RF02012,4r0d,A,42,199,58.1,5.10E-15,1,151,00bac0,1
RF02012,6cih,A,42,199,58.1,5.10E-15,1,151,8e2511,1
RF02012,6mec,A,59,208,127.1,5.60E-32,1,151,c00f0f,1
RF02012,6me0,A,59,208,127.1,5.50E-32,1,151,8.59E+09,1
RF03054,7elq,B,1,44,44.4,2.40E-13,6,51,c00f0f,1
RF03054,7elr,B,1,44,44.4,2.40E-13,6,51,454545,1
RF03054,7els,A,1,44,44.4,2.40E-13,6,51,454545,1
RF03054,7elr,A,1,44,44.4,2.40E-13,6,51,bdc000,1
RF03054,7elq,A,1,44,44.4,2.40E-13,6,51,8.59E+09,1
RF03054,7elp,A,1,44,44.4,2.40E-13,6,51,0064f4,1
RF03054,7elp,B,1,44,44.4,2.40E-13,6,51,c00f0f,1
RF03054,7els,B,1,44,44.4,2.40E-13,6,51,93c090,1
RF00167,4xnr,X,2,70,59.5,2.50E-14,18,88,ebeb30,1
RF00167,5.00E+54,B,2,70,59.5,2.50E-14,18,88,93c090,1
RF00167,3got,A,1,67,64.4,1.50E-15,19,87,0064f4,1
RF00167,3la5,A,3,69,57.6,7.00E-14,19,87,c0af92,1
RF00167,1y27,X,2,68,66.2,5.60E-16,19,87,f29242,1
RF00167,5c7u,B,1,67,66.6,4.50E-16,19,87,0064f4,1
RF00167,5swe,X,2,70,59.5,2.50E-14,18,88,c00f0f,1
RF00167,2eev,A,1,67,57.3,7.80E-14,19,87,c0af92,1
RF00167,4fep,B,1,67,62.7,3.90E-15,19,87,0064f4,1
RF00167,6uc9,B,1,67,66.6,4.50E-16,19,87,8484c0,1
RF00167,3ds7,B,1,67,44.3,1.10E-10,19,87,1fc01f,1
RF00167,5swd,B,2,70,59.5,2.50E-14,18,88,1fc01f,1
RF00167,6uc8,B,1,67,66.6,4.50E-16,19,87,8e2511,1
RF00167,5uza,X,2,70,59.5,2.50E-14,18,88,8700,1
RF00167,2eet,A,1,67,63.7,2.30E-15,19,87,0064f4,1
RF00167,3rkf,B,1,67,58.6,3.70E-14,19,87,c008ae,1
RF00167,3rkf,C,1,67,58.6,3.70E-14,19,87,c0af92,1
RF00167,2xo1,A,3,65,62.6,4.10E-15,21,85,ff87fa,1
RF00167,1y26,X,3,69,65.1,1.10E-15,19,87,8700,1
RF00167,4feo,B,1,67,63.6,2.40E-15,19,87,ff87fa,1
RF00167,4fej,B,1,67,65.7,7.40E-16,19,87,ebeb30,1
RF00167,2xnw,A,1,67,64.4,1.50E-15,19,87,8700,1
RF00167,4fel,B,1,67,65.8,7.10E-16,19,87,00bac0,1
RF00167,3gao,A,1,67,66.6,4.50E-16,19,87,f29242,1
RF00167,2b57,A,1,65,63.4,2.50E-15,20,86,454545,1
RF00167,6vwv,B,2,70,59.5,2.50E-14,18,88,454545,1
RF00167,3rkf,A,1,67,58.6,3.70E-14,19,87,1fc01f,1
RF00167,2ees,A,1,67,63.7,2.30E-15,19,87,ff87fa,1
RF00167,4lx5,A,3,69,57.5,7.70E-14,19,87,f29242,1
RF00167,4tzx,X,2,70,59.5,2.50E-14,18,88,1fc01f,1
RF00167,5c7w,C,1,67,61,1.00E-14,19,87,0064f4,1
RF00167,3ds7,A,1,67,44.3,1.10E-10,19,87,f29242,1
RF00167,6p2h,A,6,60,38,3.70E-09,26,80,8700,1
RF00167,2eew,A,1,67,62.3,4.80E-15,19,87,8484c0,1
RF00167,3fo4,A,1,67,64.4,1.50E-15,19,87,8700,1
RF00167,3g4m,A,1,67,66.6,4.50E-16,19,87,c008ae,1
RF00167,5swd,A,2,70,59.5,2.50E-14,18,88,0064f4,1
RF00167,2xo0,A,1,67,64.4,1.50E-15,19,87,ebeb30,1
RF00167,5.00E+54,A,2,70,59.5,2.50E-14,18,88,93c090,1
RF00167,3ger,A,1,67,66.6,4.50E-16,19,87,00bac0,1
RF00167,6vwv,A,2,70,59.5,2.50E-14,18,88,8700,1
RF00167,3ivn,B,1,69,61.5,8.00E-15,18,88,8.59E+09,1
RF00167,3rkf,D,1,67,58.6,3.70E-14,19,87,8.59E+09,1
RF00167,6ubu,B,1,67,66.6,4.50E-16,19,87,ff87a4,1
RF00167,6vwt,A,2,70,59.5,2.50E-14,18,88,0064f4,1
RF00167,6vwt,B,2,70,59.5,2.50E-14,18,88,8e2511,1
RF00167,2g9c,A,1,67,64.4,1.50E-15,19,87,1fc01f,1
RF00167,4lx6,A,3,69,59.6,2.30E-14,19,87,c0af92,1
RF00167,2eeu,A,1,67,57,9.40E-14,19,87,ebeb30,1
RF00167,4tzy,X,2,70,59.5,2.50E-14,18,88,1fc01f,1
RF00167,4fen,B,1,67,64.9,1.20E-15,19,87,8.59E+09,1
RF00167,3ivn,A,1,69,61.5,8.00E-15,18,88,1fc01f,1
RF00167,6uc7,B,1,67,66.6,4.50E-16,19,87,0064f4,1
RF00167,3fo6,A,1,67,66.6,4.60E-16,19,87,c00f0f,1
RF00167,4fe5,B,1,67,66.6,4.50E-16,19,87,c00f0f,1
RF00167,3ges,A,1,67,64.4,1.50E-15,19,87,bdc000,1
RF00167,2xnz,A,1,67,64.4,1.50E-15,19,87,454545,1
RF00167,3gog,A,1,67,63.7,2.30E-15,19,87,8700,1
RF01734,4en5,A,2,52,40.3,6.80E-12,10,60,454545,1
RF01734,5kh8,A,1,47,42.9,1.20E-12,10,58,0064f4,1
RF01734,3vrs,A,2,52,40.3,6.80E-12,10,60,0003c0,1
RF01734,4enb,A,2,52,40.3,6.80E-12,10,60,f29242,1
RF01734,4enc,A,2,52,40.3,6.80E-12,10,60,8.59E+09,1
RF01734,4ena,A,2,52,40.3,6.80E-12,10,60,8484c0,1
RF00059,2cky,A,6,73,60.4,6.70E-16,10,89,ff87a4,1
RF00059,3d2v,A,6,73,60.4,6.70E-16,10,89,c0af92,1
RF00059,4nyc,A,2,81,65.8,3.30E-17,6,93,00bac0,1
RF00059,3k0j,E,2,86,62.6,2.10E-16,6,93,8700,1
RF00059,3k0j,F,2,86,62.6,2.10E-16,6,93,93c090,1
RF00059,7tdc,A,2,81,65.8,3.30E-17,6,93,c0af92,1
RF00059,3d2x,A,6,73,60.4,6.70E-16,10,89,ff87fa,1
RF00059,7tzr,X,1,80,63.7,1.10E-16,6,93,ff87fa,1
RF00059,4nya,B,1,80,63.7,1.10E-16,6,93,f29242,1
RF00059,3d2g,A,6,73,60.4,6.70E-16,10,89,8.59E+09,1
RF00059,3d2g,B,6,73,60.4,6.70E-16,10,89,00bac0,1
RF00059,2hol,A,2,81,65.8,3.30E-17,6,93,bdc000,1
RF00059,4nyg,A,2,81,65.8,3.30E-17,6,93,8.59E+09,1
RF00059,7tzt,A,2,81,65.8,3.30E-17,6,93,8484c0,1
RF00059,4nya,A,1,80,63.7,1.10E-16,6,93,0064f4,1
RF00059,2gdi,X,1,80,63.7,1.10E-16,6,93,c0af92,1
RF00059,4nyb,A,2,81,65.8,3.30E-17,6,93,f29242,1
RF00059,3d2x,B,6,73,60.4,6.70E-16,10,89,c00f0f,1
RF00059,7tda,A,2,81,65.8,3.30E-17,6,93,8484c0,1
RF00059,2gdi,Y,1,80,63.7,1.10E-16,6,93,1fc01f,1
RF00059,2hok,A,2,81,65.8,3.30E-17,6,93,8e2511,1
RF00059,2cky,B,6,73,60.4,6.70E-16,10,89,0003c0,1
RF00059,4nyd,A,2,81,65.8,3.30E-17,6,93,1fc01f,1
RF00059,7td7,A,2,81,65.8,3.30E-17,6,93,93c090,1
RF00059,7tzr,Y,1,80,63.7,1.10E-16,6,93,8700,1
RF00059,2hop,A,2,81,65.8,3.30E-17,6,93,bdc000,1
RF00059,2hom,A,2,81,65.8,3.30E-17,6,93,8.59E+09,1
RF00059,2hoj,A,2,81,65.8,3.30E-17,6,93,1fc01f,1
RF00059,7tzs,X,1,80,63.7,1.10E-16,6,93,1fc01f,1
RF00059,3d2v,B,6,73,60.4,6.70E-16,10,89,ff87a4,1
RF00059,7tdb,A,2,81,65.8,3.30E-17,6,93,bdc000,1
RF00059,7tzu,A,2,81,65.8,3.30E-17,6,93,8.59E+09,1
RF00059,7tzs,Y,1,80,63.7,1.10E-16,6,93,8e2511,1
RF00059,2hoo,A,2,81,65.8,3.30E-17,6,93,0064f4,1
RF01786,3q3z,A,1,74,66.8,2.60E-19,6,79,454545,1
RF01786,3q3z,V,1,74,66.8,2.60E-19,6,79,c00f0f,1
RF00162,5fk6,A,1,93,80.5,8.30E-24,1,108,f29242,1
RF00162,3gx2,A,1,93,86.3,1.70E-25,1,108,00bac0,1
RF00162,5fk3,A,1,93,79.6,1.40E-23,1,108,c008ae,1
RF00162,5fkf,A,1,93,80,1.10E-23,1,108,93c090,1
RF00162,4kqy,A,2,118,98.6,5.50E-29,1,108,c008ae,1
RF00162,3gx6,A,1,93,86.3,1.70E-25,1,108,ff87a4,1
RF00162,5fk4,A,1,93,80.7,7.00E-24,1,108,93c090,1
RF00162,4aob,A,1,93,71.2,4.10E-21,1,108,0064f4,1
RF00162,3iqn,A,1,93,84.7,4.90E-25,1,108,f29242,1
RF00162,5fke,A,1,93,79.9,1.20E-23,1,108,0064f4,1
RF00162,5fkh,A,1,93,80.3,9.20E-24,1,108,8700,1
RF00162,3iqr,A,1,93,87.7,6.30E-26,1,108,8.59E+09,1
RF00162,2ydh,A,1,93,82,3.00E-24,1,108,c0af92,1
RF00162,3gx3,A,1,93,86.3,1.70E-25,1,108,c0af92,1
RF00162,3v7e,D,1,125,85.9,2.80E-25,1,108,00bac0,1
RF00162,3gx5,A,1,93,86.3,1.70E-25,1,108,8e2511,1
RF00162,2ygh,A,1,93,83.5,1.10E-24,1,108,8e2511,1
RF00162,3v7e,C,1,125,85.9,2.80E-25,1,108,ebeb30,1
RF00162,5fjc,A,1,93,80.8,6.70E-24,1,108,ff87a4,1
RF00162,2gis,A,1,93,87.7,6.30E-26,1,108,00bac0,1
RF00162,5fk1,A,1,93,81.6,4.00E-24,1,108,ebeb30,1
RF00162,3iqp,A,1,93,87.7,6.30E-26,1,108,f29242,1
RF00162,4b5r,A,1,93,82.8,1.70E-24,1,108,8.59E+09,1
RF00162,5fkd,A,1,93,80.8,6.40E-24,1,108,1fc01f,1
RF00162,3gx7,A,1,93,80,1.10E-23,1,108,ebeb30,1
RF00162,5fk2,A,1,93,80.7,6.90E-24,1,108,8e2511,1
RF00162,7eaf,A,1,93,82.4,2.30E-24,1,108,1fc01f,1
RF00162,5fk5,A,1,93,82.1,2.80E-24,1,108,bdc000,1
RF00162,5fkg,A,1,93,79.1,2.00E-23,1,108,ff87fa,1
RF00234,2ho6,B,1,125,77.2,2.40E-22,36,167,8.59E+09,1
RF00234,2nz4,R,1,141,88.6,2.20E-25,24,167,454545,1
RF00234,2h0z,B,1,125,77.2,2.40E-22,36,167,8700,1
RF00234,3g8s,P,1,141,88.6,2.20E-25,24,167,ff87a4,1
RF00234,4meh,B,1,126,66.4,2.10E-19,35,167,c0af92,1
RF00234,3g8t,Q,1,141,85.1,2.00E-24,24,167,0003c0,1
RF00234,2z75,B,1,125,77.2,2.40E-22,36,167,1fc01f,1
RF00234,2ho7,B,1,125,77.2,2.40E-22,36,167,8700,1
RF00234,2h0w,B,1,125,77.2,2.40E-22,36,167,bdc000,1
RF00234,2nz4,Q,1,141,88.6,2.20E-25,24,167,8.59E+09,1
RF00234,2gcv,B,1,125,77.2,2.40E-22,36,167,8.59E+09,1
RF00234,3g8s,R,1,141,88.6,2.20E-25,24,167,c008ae,1
RF00234,3g96,P,1,141,88.6,2.20E-25,24,167,454545,1
RF00234,2h0s,B,1,125,77.2,2.40E-22,36,167,1fc01f,1
RF00234,3g8t,R,1,141,85.1,2.00E-24,24,167,c008ae,1
RF00234,3l3c,S,1,141,88.6,2.20E-25,24,167,0003c0,1
RF00234,3l3c,P,1,141,88.6,2.20E-25,24,167,454545,1
RF00234,3g8s,S,1,141,88.6,2.20E-25,24,167,8484c0,1
RF00234,3l3c,R,1,141,88.6,2.20E-25,24,167,c008ae,1
RF00234,3g96,S,1,141,88.6,2.20E-25,24,167,0064f4,1
RF00234,3g8t,P,1,141,85.1,2.00E-24,24,167,c008ae,1
RF00234,3b4a,B,1,125,73.6,2.30E-21,36,167,0003c0,1
RF00234,3b4b,B,1,125,73.6,2.30E-21,36,167,00bac0,1
RF00234,2nz4,S,1,141,88.6,2.20E-25,24,167,ebeb30,1
RF00234,4meg,B,1,126,66.4,2.10E-19,35,167,1fc01f,1
RF00234,3g9c,Q,1,141,88.6,2.20E-25,24,167,c0af92,1
RF00234,3b4c,B,1,125,77.2,2.40E-22,36,167,c0af92,1
RF00234,3g9c,S,1,141,88.6,2.20E-25,24,167,8700,1
RF00234,3g9c,P,1,141,88.6,2.20E-25,24,167,1fc01f,1
RF00234,2nz4,P,1,141,88.6,2.20E-25,24,167,8e2511,1
RF00234,3g8s,Q,1,141,88.6,2.20E-25,24,167,f29242,1
RF00234,3g9c,R,1,141,88.6,2.20E-25,24,167,ff87fa,1
RF00234,3l3c,Q,1,141,88.6,2.20E-25,24,167,bdc000,1
RF00234,3g96,R,1,141,88.6,2.20E-25,24,167,8484c0,1
RF00234,2gcs,B,1,125,77.2,2.40E-22,36,167,c0af92,1
RF00234,3g8t,S,1,141,85.1,2.00E-24,24,167,8700,1
RF00234,3g96,Q,1,141,88.6,2.20E-25,24,167,93c090,1
RF00234,2h0x,B,1,125,77.2,2.40E-22,36,167,93c090,1
RF00234,2z74,B,1,125,77.2,2.40E-22,36,167,f29242,1
RF00168,3d0x,A,1,160,89.8,1.60E-28,6,177,f29242,1
RF00168,3dir,A,4,173,106.3,1.70E-33,6,179,93c090,1
RF00168,3dim,A,4,173,106.3,1.70E-33,6,179,93c090,1
RF00168,3diy,A,4,173,106.3,1.70E-33,6,179,c00f0f,1
RF00168,3dig,X,4,173,106.3,1.70E-33,6,179,0003c0,1
RF00168,3dj2,A,4,173,106.3,1.70E-33,6,179,0003c0,1
RF00168,4erj,A,1,160,89.8,1.60E-28,6,177,c00f0f,1
RF00168,3d0u,A,1,160,89.8,1.60E-28,6,177,0003c0,1
RF00168,3dio,X,4,173,106.3,1.70E-33,6,179,00bac0,1
RF00168,3dj0,A,4,173,106.3,1.70E-33,6,179,ff87fa,1
RF00168,3dix,A,4,173,106.3,1.70E-33,6,179,c0af92,1
RF00168,3dil,A,4,173,106.3,1.70E-33,6,179,c008ae,1
RF00168,3dis,A,4,173,106.3,1.70E-33,6,179,00bac0,1
RF00168,3diq,A,4,173,106.3,1.70E-33,6,179,ebeb30,1
RF00168,3diz,A,4,173,106.3,1.70E-33,6,179,8.59E+09,1
RF00168,4erl,A,1,160,89.8,1.60E-28,6,177,ff87a4,1
RF01831,3suy,X,2,100,96.3,6.00E-28,1,99,f29242,1
RF01831,7kd1,A,1,89,65.8,3.30E-19,2,99,f29242,1
RF01831,4lvw,A,1,89,65.8,3.30E-19,2,99,8700,1
RF01831,4lvy,A,1,89,65.8,3.30E-19,2,99,ff87a4,1
RF01831,6q57,A,1,89,65.8,3.30E-19,2,99,8484c0,1
RF01831,4lvz,A,1,89,65.8,3.30E-19,2,99,93c090,1
RF01831,4lvx,A,1,89,65.8,3.30E-19,2,99,bdc000,1
RF01831,3sux,X,2,100,96.3,6.00E-28,1,99,8e2511,1
RF01831,4lw0,A,1,89,65.8,3.30E-19,2,99,c00f0f,1
RF01831,4lvv,A,1,89,65.8,3.30E-19,2,99,8700,1
RF01831,3sd3,A,1,89,60.7,1.00E-17,2,99,f29242,1
RF01831,3suh,X,2,100,96.3,6.00E-28,1,99,8.59E+09,1
RF01510,3skz,A,3,66,86.8,2.60E-24,1,63,f29242,1
RF01510,3slq,B,3,66,86.8,2.60E-24,1,63,93c090,1
RF01510,3skt,A,2,65,85.6,5.40E-24,1,63,8700,1
RF01510,3skw,A,2,65,85.6,5.40E-24,1,63,0064f4,1
RF01510,3skl,B,2,65,85.6,5.40E-24,1,63,bdc000,1
RF01510,3skr,A,2,65,85.6,5.40E-24,1,63,8700,1
RF01510,3skl,A,2,65,85.6,5.40E-24,1,63,8484c0,1
RF01510,3slm,A,3,66,86.8,2.60E-24,1,63,8.59E+09,1
RF01510,3skw,B,2,65,85.6,5.40E-24,1,63,8.59E+09,1
RF01510,3ski,A,3,66,86.8,2.60E-24,1,63,8.59E+09,1
RF01510,3slm,B,3,66,86.8,2.60E-24,1,63,8.59E+09,1
RF01510,3ski,B,3,66,86.8,2.60E-24,1,63,1fc01f,1
RF01510,3slq,A,3,66,86.8,2.60E-24,1,63,0003c0,1
RF01510,3skr,B,2,65,85.6,5.40E-24,1,63,ff87a4,1
RF01510,3skz,B,3,66,86.8,2.60E-24,1,63,ebeb30,1
RF01510,3skt,B,2,65,85.6,5.40E-24,1,63,c00f0f,1
RF01854,7o5b,W,2,265,242.7,5.50E-48,1,256,c00f0f,1
RF01854,4wfm,B,3,101,90,1.00E-18,1,256,c008ae,1
RF01854,4wfl,A,3,105,94.3,1.60E-19,1,256,0064f4,1
RF01854,4wfm,A,3,101,90,1.00E-18,1,256,c00f0f,1
RF01854,4ue4,A,2,265,242.7,5.50E-48,1,256,ff87a4,1
RF00504,6wll,A,9,89,59.6,5.30E-16,1,94,1fc01f,1
RF00504,6wll,A,93,171,53.3,2.40E-14,9,86,c00f0f,1
RF00504,3ox0,A,1,88,64,1.90E-17,7,88,c0af92,1
RF00504,3oxd,A,1,88,48.6,2.20E-13,7,88,c00f0f,1
RF00504,6wlt,A,138,231,67,7.80E-18,1,88,1fc01f,1
RF00504,3oxb,A,1,88,55.7,3.00E-15,7,88,c008ae,1
RF00504,3ox0,B,1,88,64,1.90E-17,7,88,8700,1
RF00504,3oxm,B,1,88,64,1.90E-17,7,88,0064f4,1
RF00504,3owi,B,1,88,64,1.90E-17,7,88,bdc000,1
RF00504,3oxj,B,1,88,64,1.90E-17,7,88,c0af92,1
RF00504,3oww,B,1,88,64,1.90E-17,7,88,0064f4,1
RF00504,3oww,A,1,88,64,1.90E-17,7,88,454545,1
RF00504,3owz,B,1,88,64,1.90E-17,7,88,8700,1
RF00504,3oxd,B,1,88,48.6,2.20E-13,7,88,0003c0,1
RF00504,3p49,A,83,169,57.2,2.30E-15,1,86,0003c0,1
RF00504,3owi,A,1,88,64,1.90E-17,7,88,f29242,1
RF00504,6wlu,A,138,231,67,7.80E-18,1,88,c0af92,1
RF00504,3oxe,A,1,88,64,1.90E-17,7,88,454545,1
RF00504,3oxm,A,1,88,64,1.90E-17,7,88,c00f0f,1
RF00504,3oxe,B,1,88,64,1.90E-17,7,88,8.59E+09,1
RF00504,6wlm,A,9,89,59.6,5.30E-16,1,94,1fc01f,1
RF00504,6wlm,A,93,171,53.3,2.40E-14,9,86,1fc01f,1
RF00504,3oxj,A,1,88,64,1.90E-17,7,88,8e2511,1
RF00504,3oxb,B,1,88,55.7,3.00E-15,7,88,0003c0,1
RF00504,3owz,A,1,88,64,1.90E-17,7,88,00bac0,1
RF01750,6od9,A,1,75,50.9,6.70E-12,1,80,c00f0f,1
RF01750,4znp,A,1,73,53.4,2.00E-12,4,82,c00f0f,1
RF01750,6od9,B,1,75,50.9,6.70E-12,1,80,bdc000,1
RF01750,4znp,B,1,73,53.4,2.00E-12,4,82,00bac0,1
RF01750,4xw7,A,1,64,46.1,5.50E-11,1,81,c00f0f,1
RF01750,6wzr,B,1,75,50.9,6.70E-12,1,80,c00f0f,1
RF01750,5btp,A,1,75,50.9,6.70E-12,1,80,454545,1
RF01750,6wzs,B,1,75,50.9,6.70E-12,1,80,454545,1
RF01750,5btp,B,1,75,50.9,6.70E-12,1,80,0064f4,1
RF01750,6wzr,A,1,75,50.9,6.70E-12,1,80,ebeb30,1
RF01750,6wzs,A,1,75,50.9,6.70E-12,1,80,00bac0,1
RF01750,4xwf,A,1,64,46.1,5.50E-11,1,81,93c090,1
RF01689,4frg,X,1,83,62.8,1.30E-19,1,81,8700,1
RF01689,4frn,B,1,81,83.4,6.90E-26,1,81,8e2511,1
RF01689,4frg,B,1,83,62.8,1.30E-19,1,81,8.59E+09,1
RF01689,4frn,A,1,81,83.4,6.90E-26,1,81,c0af92,1
RF01826,6fz0,A,5,53,59.9,6.10E-14,12,60,c008ae,1
RF01725,4l81,A,1,96,41.6,8.60E-10,6,95,454545,1
RF01725,4oqu,A,1,93,41.3,1.00E-09,6,92,ebeb30,1
RF02683,4rum,A,4,89,69.3,2.00E-20,9,96,c00f0f,1
RF00050,6wjr,X,1,112,110.1,4.00E-31,3,136,0003c0,1
RF00050,3f2w,X,1,112,110.1,4.00E-31,3,136,8e2511,1
RF00050,3f30,X,1,112,110.1,4.00E-31,3,136,8e2511,1
RF00050,3f2t,X,1,112,110.1,4.00E-31,3,136,00bac0,1
RF00050,3f2y,X,1,112,110.1,4.00E-31,3,136,c00f0f,1
RF00050,3f2q,X,1,112,110.1,4.00E-31,3,136,c008ae,1
RF00050,6wjs,X,1,112,110.1,4.00E-31,3,136,454545,1
RF00050,3f2x,X,1,112,110.1,4.00E-31,3,136,8484c0,1
RF02678,6jq5,B,1,81,83.2,2.90E-22,5,133,8.59E+09,1
RF02678,6jq5,A,1,81,83.2,2.90E-22,5,133,bdc000,1
RF02678,6jq6,U,1,81,83.7,2.20E-22,5,133,00bac0,1
RF02680,4rzd,A,1,101,117.9,7.90E-30,1,102,c00f0f,1
RF02680,6xko,A,1,101,115.7,2.80E-29,1,102,93c090,1
RF02680,6xkn,A,1,101,115.4,3.20E-29,1,102,0003c0,1
RF01704,6qn3,B,1,50,37.1,3.50E-12,4,60,93c090,1
RF01704,6qn3,A,1,50,37.1,3.50E-12,4,60,bdc000,1
RF00174,4gma,Z,3,187,129.8,1.90E-38,7,189,8e2511,1
RF00174,6vmy,A,1,130,74.5,8.70E-23,10,189,c008ae,1
RF00174,4gxy,A,3,171,114.2,4.50E-34,14,178,8e2511,1
RF00080,6cc3,B,2,87,54.2,5.20E-18,10,177,8484c0,1
RF00080,6cc3,A,2,87,54.2,5.20E-18,10,177,8e2511,1
RF00080,6cc1,A,2,87,48,3.60E-16,10,177,ff87fa,1
RF00080,6cc1,B,2,87,48,3.60E-16,10,177,1fc01f,1
RF00442,6dls,A,1,99,67.7,2.80E-16,1,107,f29242,1
RF00442,6dlr,A,1,99,67.7,2.80E-16,1,107,0003c0,1
RF00442,5t83,A,2,95,84.1,5.50E-20,1,107,ebeb30,1
RF00442,6dnr,A,1,99,67.7,2.80E-16,1,107,8e2511,1
RF00442,5u3g,B,1,85,68,1.90E-16,7,107,0064f4,1
RF00442,6dlq,A,1,99,67.7,2.80E-16,1,107,0064f4,1
RF00442,6ck5,B,2,102,68.1,2.40E-16,1,107,bdc000,1
RF00442,6dlt,A,1,99,67.7,2.80E-16,1,107,0064f4,1
RF00442,7mlw,F,2,127,63,3.70E-15,7,105,0003c0,1
RF00442,6ck5,A,2,102,68.1,2.40E-16,1,107,8e2511,1
RF01051,4yb0,R,3,78,48.3,7.00E-13,1,87,0064f4,1
RF01051,3irw,R,3,90,74.4,3.10E-19,1,87,8e2511,1
RF01051,3mur,R,3,90,71.5,1.70E-18,1,87,ff87a4,1
RF01051,3ud4,R,3,90,71.5,1.70E-18,1,87,c008ae,1
RF01051,4yb1,R,3,90,71.2,2.00E-18,1,87,0003c0,1
RF01051,3mut,R,3,90,68.3,1.00E-17,1,87,00bac0,1
RF01051,3mxh,R,3,90,74.4,3.10E-19,1,87,ff87a4,1
RF01051,3ud3,R,3,90,71.5,1.70E-18,1,87,0003c0,1
RF01051,3iwn,B,2,91,69.9,4.00E-18,3,87,8484c0,1
RF01051,3iwn,A,2,91,69.9,4.00E-18,3,87,8484c0,1
RF01051,4yb0,A,3,78,48.3,7.00E-13,1,87,00bac0,1
RF01051,3ucu,R,3,90,74.4,3.10E-19,1,87,1fc01f,1
RF01051,4yaz,A,4,79,48.3,7.10E-13,1,87,8.59E+09,1
RF01051,4yaz,R,4,79,48.3,7.10E-13,1,87,00bac0,1
RF01051,3muv,R,3,90,68.3,1.00E-17,1,87,ebeb30,1
RF01051,3mum,R,3,90,71.2,1.90E-18,1,87,ebeb30,1
RF01051,3ucz,R,3,90,74.4,3.10E-19,1,87,8e2511,1
RF00380,2qbz,X,2,159,142,2.70E-38,5,165,8700,1
RF00380,3pdr,A,2,159,142,2.70E-38,5,165,1fc01f,1
RF00380,3pdr,X,2,159,142,2.70E-38,5,165,8.59E+09,1
RF01763,5o69,A,1,41,51.4,1.50E-14,23,64,00bac0,1
RF01763,5nzd,B,1,41,51.4,1.50E-14,23,64,ebeb30,1
RF01763,5nz3,A,1,41,51.4,1.50E-14,23,64,c00f0f,1
RF01763,5o62,B,1,41,51.4,1.50E-14,23,64,c008ae,1
RF01763,5nz6,A,1,41,53,5.90E-15,23,64,c00f0f,1
RF01763,5o62,A,1,41,51.4,1.50E-14,23,64,0064f4,1
RF01763,5o69,B,1,41,53,5.90E-15,23,64,8700,1
RF01763,5nzd,A,1,41,51.4,1.50E-14,23,64,1fc01f,1
RF01763,5ny8,B,1,41,51.4,1.50E-14,23,64,454545,1
RF01763,5nwq,A,1,41,51.4,1.50E-14,23,64,1fc01f,1
RF01763,5ny8,A,1,41,51.4,1.50E-14,23,64,8.59E+09,1
RF01763,5nwq,B,1,41,51.4,1.50E-14,23,64,c00f0f,1
RF01763,5nz3,B,1,41,51.4,1.50E-14,23,64,454545,1
RF00634,6ues,A,1,119,118.4,1.20E-27,1,116,c0af92,1
RF00634,6wlq,A,1,119,118.4,1.20E-27,1,116,8e2511,1
RF00634,6wlr,A,1,119,118.4,1.20E-27,1,116,0003c0,1
RF00634,6uet,A,1,119,118.4,1.20E-27,1,116,f29242,1
RF00379,4w90,C,4,116,74.7,7.30E-22,11,119,00bac0,1
RF00379,4qk8,A,4,121,88.5,1.10E-25,11,131,00bac0,1
RF00379,4qka,A,4,121,88.5,1.10E-25,11,131,c00f0f,1
RF00379,6n5p,A,4,127,87.1,2.80E-25,11,132,93c090,1
RF00379,6n5n,A,4,125,86.8,3.30E-25,11,132,c008ae,1
RF00379,6n5s,A,4,123,90.2,3.80E-26,11,131,454545,1
RF00379,4w92,C,4,116,74.7,7.30E-22,11,119,ebeb30,1
RF00379,6n5k,A,4,125,89,8.10E-26,11,132,c00f0f,1
RF00379,6n5o,A,4,126,86.8,3.20E-25,11,132,1fc01f,1
RF00379,6wtl,A,4,124,89.7,5.10E-26,11,132,00bac0,1
RF00379,4qlm,A,5,124,93.8,3.80E-27,11,132,c0af92,1
RF00379,6wtr,A,4,125,89.1,7.30E-26,11,132,0064f4,1
RF00379,4qk9,A,3,123,98,2.60E-28,11,130,8e2511,1
RF00379,4qln,A,5,124,93.8,3.80E-27,11,132,bdc000,1
RF00379,6n5t,A,4,126,89.2,7.30E-26,11,132,ff87fa,1
RF00379,6n5q,A,4,128,88.1,1.50E-25,11,132,8e2511,1
RF03013,6tfh,A,1,52,57.9,9.80E-18,1,62,c00f0f,1
RF03013,6tf2,A,1,52,57.9,9.80E-18,1,62,93c090,1
RF03013,6tff,A,1,52,57.9,9.80E-18,1,62,ebeb30,1
RF03013,7d7x,A,1,51,48.6,5.20E-15,2,62,8700,1
RF03013,7d82,A,1,50,55.1,6.30E-17,1,62,f29242,1
RF03013,6tfg,A,1,52,57.9,9.80E-18,1,62,1fc01f,1
RF03013,7d7w,A,1,51,48.6,5.20E-15,2,62,f29242,1
RF03013,6tf1,A,1,52,57.9,9.80E-18,1,62,c00f0f,1
RF03013,7d81,A,1,50,55.1,6.30E-17,1,62,8.59E+09,1
RF03013,6tfe,A,1,52,57.9,9.80E-18,1,62,ff87fa,1
RF03013,6tb7,A,1,52,57.9,9.80E-18,1,62,8484c0,1
RF03013,7d7z,A,1,51,48.6,5.20E-15,2,62,454545,1
RF03013,6tf0,A,1,52,57.9,9.80E-18,1,62,c00f0f,1
RF03013,6tf3,A,1,52,57.9,9.80E-18,1,62,8700,1
RF03013,7d7v,A,1,56,44.7,8.40E-14,1,62,c0af92,1
RF03013,7d7y,A,1,51,48.6,5.20E-15,2,62,454545,1
RF02540,5vpp,RA,1,2912,1928.1,0,1,2987,c00f0f,1
RF02540,4v8e,AA,1,2912,1926.8,0,1,2987,8.59E+09,1
RF02540,7st6,1,1,2903,1860.3,0,1,2987,0003c0,1
RF02540,5mrc,A,1326,2892,150,3.60E-48,1423,2973,0064f4,1
RF02540,5mrc,A,221,302,66.3,1.90E-21,163,244,ff87fa,1
RF02540,5mrc,A,578,700,62.3,3.60E-20,788,930,ff87a4,1
RF02540,6yhs,1,1,2892,1880.6,0,1,2987,c008ae,1
RF02540,6rm3,L50,5,2484,988.5,0,16,2963,ff87fa,1
RF02540,6zu5,L50,5,2639,1162.3,0,16,2977,8.59E+09,1
RF02540,6zsd,XA,771,1559,301.8,6.10E-97,1423,2908,0003c0,1
RF02540,5mmm,A,2,2810,1701.5,0,1,2885,8484c0,1
RF02540,6nd6,2A,1,2912,1928.1,0,1,2987,00bac0,1
RF02540,4wqu,AA,1,2912,1928.1,0,1,2987,8e2511,1
RF02540,6gzz,A1,1,2912,1926.8,0,1,2987,8700,1
RF02540,6n8k,1,1,3198,1506.3,0,130,2987,f29242,1
RF02540,6snt,1,1,3198,1506.3,0,130,2987,ff87fa,1
RF02540,4v9k,BA,1,2879,1925.5,0,1,2987,c008ae,1
RF02540,4v6l,BB,1,2903,1860.2,0,1,2987,c008ae,1
RF02540,3j6b,A,1326,2892,151.2,1.40E-48,1423,2973,c0af92,1
RF02540,3j6b,A,221,302,66.3,1.90E-21,163,244,ff87fa,1
RF02540,3j6b,A,578,700,62.3,3.60E-20,788,930,1fc01f,1
RF02540,4v42,BA,1,2914,1908.7,0,1,2987,c00f0f,1
RF02540,4v53,BB,1,2903,1862.6,0,1,2987,8e2511,1
RF02540,4v6c,BA,1,2903,1862.6,0,1,2987,0064f4,1
RF02540,5d8b,VC,1,2890,1934.6,0,1,2987,bdc000,1
RF02540,6wd7,1,1,2903,1860.3,0,1,2987,0064f4,1
RF02540,7mt7,A,1,3138,1857.8,0,1,2987,0003c0,1
RF02540,6xyw,1,3,2842,1479.9,0,16,2975,8484c0,1
RF02540,3ow2,0,3,2902,2776.4,0,16,2975,8e2511,1
RF02540,7nww,1,1,2903,1860.6,0,1,2987,454545,1
RF02540,4v4t,BA,1,2914,1908.7,0,1,2987,0064f4,1
RF02540,1k9m,A,1,2922,2791,0,1,2987,c0af92,1
RF02540,4v8y,B5,1,3198,1506.3,0,130,2987,ff87a4,1
RF02540,7as8,A,1,2926,1995.2,0,1,2987,ff87a4,1
RF02540,4v9h,BA,1,2913,1928.1,0,1,2987,0003c0,1
RF02540,6tnn,U,1,2930,1999.7,0,1,2987,ebeb30,1
RF02540,6vz7,a,1,2903,1860.6,0,1,2987,1fc01f,1
RF02540,6xhx,1A,1,2912,1928.1,0,1,2987,ebeb30,1
RF02540,5w4k,2A,1,2912,1928.1,0,1,2987,00bac0,1
RF02540,7top,A25S,1,3198,1506.3,0,130,2987,ff87a4,1
RF02540,7p7s,A,1,2912,1972,0,1,2987,f29242,1
RF02540,5doy,1A,1,2912,1928.1,0,1,2987,1fc01f,1
RF02540,5o2r,A,1,2903,1859.3,0,1,2987,bdc000,1
RF02540,6rzz,A,1,3198,1506.3,0,130,2987,8.59E+09,1
RF02540,6n8l,1,1,3198,1506.3,0,130,2987,8484c0,1
RF02540,5ndv,1,1,3198,1506.3,0,130,2987,c008ae,1
RF02540,4v4g,HB,1,2825,1840.4,0,1,2987,c0af92,1
RF02540,4v9m,DA,1,2879,1925.5,0,1,2987,8700,1
RF02540,6vyt,a,1,2903,1863,0,1,2987,0064f4,1
RF02540,6wdf,1,1,2903,1860.3,0,1,2987,f29242,1
RF02540,4v63,DA,1,2891,1934,0,1,2987,ff87fa,1
RF02540,5tga,5,1,3196,1506.5,0,130,2987,c0af92,1
RF02540,6i0y,A,1,2903,1862.6,0,1,2987,8e2511,1
RF02540,7rqe,2A,1,2912,1928.1,0,1,2987,c008ae,1
RF02540,5x8t,A,2,2810,1701.5,0,1,2885,0064f4,1
RF02540,7btb,1,1,3198,1506.3,0,130,2987,c0af92,1
RF02540,6w6l,t,1,3372,1098,0,130,2987,454545,1
RF02540,7azo,23SA,2,2911,1925.9,0,1,2987,1fc01f,1
RF02540,6of1,1A,1,2912,1928.1,0,1,2987,8.59E+09,1
RF02540,6gxp,A,1,2903,1859.3,0,1,2987,ff87fa,1
RF02540,4u4y,1,1,3198,1506.3,0,130,2987,c008ae,1
RF02540,6ydw,AA,1173,2738,300,2.30E-95,1,2987,8.59E+09,1
RF02540,4p70,RA,1,2913,1928.1,0,1,2987,93c090,1
RF02540,7p6z,3,1,2907,1792.4,0,1,2987,8484c0,1
RF02540,7k55,1,1,2903,1860.3,0,1,2987,00bac0,1
RF02540,5hd1,2A,1,2912,1928.1,0,1,2987,ff87a4,1
RF02540,4wqr,1H,1,2914,1927.8,0,1,2987,0064f4,1
RF02540,6z6k,C1,1,3198,1506.3,0,130,2987,00bac0,1
RF02540,4v9o,EA,1,2903,1862.6,0,1,2987,bdc000,1
RF02540,4v9a,DA,1,2912,1926.8,0,1,2987,0064f4,1
RF02540,6bz6,YA,1,2912,1928.1,0,1,2987,8e2511,1
RF02540,4u4r,5,1,3198,1506.3,0,130,2987,8700,1
RF02540,7p7q,A,2,2910,1968.9,0,1,2987,c0af92,1
RF02540,4v8j,BA,1,2913,1928.1,0,1,2987,bdc000,1
RF02540,4v8n,DA,1,2913,1928.1,0,1,2987,0003c0,1
RF02540,7s1g,I,1,2903,1860.2,0,1,2987,ebeb30,1
RF02540,6qnr,1H,1,2914,1927.8,0,1,2987,8700,1
RF02540,6r87,1,1,3118,1518.5,0,130,2987,bdc000,1
RF02540,6r84,1,1,3118,1518.5,0,130,2987,bdc000,1
RF02540,4v53,DB,1,2903,1862.6,0,1,2987,ebeb30,1
RF02540,4wqy,AA,1,2912,1928.1,0,1,2987,454545,1
RF02540,4u3n,5,1,3198,1506.3,0,130,2987,bdc000,1
RF02540,6nu2,A,1,1472,298.8,5.30E-96,684,2883,8e2511,1
RF02540,6oj2,YA,1,2912,1928.1,0,1,2987,bdc000,1
RF02540,7n31,23,1,2903,1860.2,0,1,2987,0064f4,1
RF02540,5apn,5,1,3255,1491.5,0,130,2987,c008ae,1
RF02540,6nta,YA,1,2912,1928.1,0,1,2987,8e2511,1
RF02540,1ffk,0,1,2922,2791,0,1,2987,ff87a4,1
RF02540,4io9,X,1,2878,1906.5,0,1,2987,8484c0,1
RF02540,7pia,3,1,2907,1792.4,0,1,2987,0064f4,1
RF02540,1p9x,0,1,2878,1906.5,0,1,2987,8484c0,1
RF02540,5v8i,2A,1,2891,1934.6,0,1,2987,0003c0,1
RF02540,6gwt,A,1,2903,1859.3,0,1,2987,0064f4,1
RF02540,6pc7,I,1,2903,1860.2,0,1,2987,c0af92,1
RF02540,6z6l,L5,1267,4755,823.1,8.30E-263,1,2987,8.59E+09,1
RF02540,4v8t,5,1,3198,1506.3,0,130,2987,8.59E+09,1
RF02540,1jzz,A,1,2878,1906.5,0,1,2987,1fc01f,1
RF02540,2om7,J,1,102,55.8,1.30E-19,2197,2298,bdc000,1
RF02540,6m62,1,1,3198,1506.3,0,130,2987,f29242,1
RF02540,6ztj,BA,1,2903,1862.6,0,1,2987,bdc000,1
RF02540,4v7x,BA,1,2784,1814.7,0,1,2987,f29242,1
RF02540,6vyx,a,1,2903,1863,0,1,2987,ff87fa,1
RF02540,4v9b,BA,1,2912,1926.8,0,1,2987,93c090,1
RF02540,5zzm,N,1,2903,1862.6,0,1,2987,8e2511,1
RF02540,1q86,A,1,2922,2791,0,1,2987,8484c0,1
RF02540,5vpp,YA,1,2912,1928.1,0,1,2987,454545,1
RF02540,6o8w,A,2,2903,1975.2,0,1,2987,0003c0,1
RF02540,6xqd,1A,1,2912,1928.1,0,1,2987,f29242,1
RF02540,7nqh,BA,76,1460,288.4,1.10E-92,1,2987,ff87fa,1
RF02540,6hd7,1,1,3198,1506.3,0,130,2987,0003c0,1
RF02540,5t2c,A,1267,4755,823.1,8.30E-263,1,2987,8700,1
RF02540,6gxn,A,1,2903,1859.3,0,1,2987,0003c0,1
RF02540,7bhp,L5,1267,4755,823.3,7.20E-263,1,2987,ebeb30,1
RF02540,4v4n,A1,1,3049,2908.2,0,1,2987,8484c0,1
RF02540,3j77,2S,1,3197,1506.6,0,130,2987,ebeb30,1
RF02540,4wfa,X,1,2923,1989,0,1,2987,c0af92,1
RF02540,4tud,YA,1,2912,1928.1,0,1,2987,ff87fa,1
RF02540,3j0q,2,1,111,70.1,3.70E-24,1953,2064,ff87a4,1
RF02540,5dgv,5,1,3198,1506.3,0,130,2987,00bac0,1
RF02540,6zu1,BA,1,2903,1862.6,0,1,2987,93c090,1
RF02540,5dfe,YA,1,2912,1928.1,0,1,2987,454545,1
RF02540,4wsd,1H,1,2914,1927.8,0,1,2987,8e2511,1
RF02540,4z3s,1A,1,2912,1928.1,0,1,2987,f29242,1
RF02540,7mt3,A,1,3138,1857.8,0,1,2987,ff87a4,1
RF02540,5ib7,1H,1,2914,1927.8,0,1,2987,bdc000,1
RF02540,4v7l,BA,1,2912,1928.1,0,1,2987,454545,1
RF02540,6cfl,1A,1,2912,1928.1,0,1,2987,ff87a4,1
RF02540,4v6r,BB,1,2903,1860.2,0,1,2987,c00f0f,1
RF02540,5w4k,1A,1,2912,1928.1,0,1,2987,ff87fa,1
RF02540,5z3g,A,1,3198,1506.3,0,130,2987,0003c0,1
RF02540,7lh5,BA,1,2836,1905.3,0,1,2987,0003c0,1
RF02540,6v39,AN1,7,2899,1884.6,0,1,2987,1fc01f,1
RF02540,7of5,A,771,1559,300.6,1.40E-96,1423,2908,ebeb30,1
RF02540,6vwm,2,1,2903,1860.3,0,1,2987,c0af92,1
RF02540,7aso,Y,1,2720,1791.4,0,1,2987,93c090,1
RF02540,6y2l,L5,1267,4755,823.3,7.20E-263,1,2987,ebeb30,1
RF02540,7msm,A,1,3138,1857.8,0,1,2987,f29242,1
RF02540,7ohv,1,1,3198,1506.3,0,130,2987,c00f0f,1
RF02540,1yij,0,2,2922,2797.3,0,1,2987,93c090,1
RF02540,6oj2,RA,1,2912,1928.1,0,1,2987,ff87fa,1
RF02540,4u50,5,1,3198,1506.3,0,130,2987,ebeb30,1
RF02540,3j8g,B,1,2903,1862.6,0,1,2987,00bac0,1
RF02540,7ohy,1,1,3198,1506.3,0,130,2987,ff87fa,1
RF02540,7oya,51,870,4269,923.2,8.00E-295,1,2970,454545,1
RF02540,7oya,51,25,105,71.7,4.40E-23,164,244,8484c0,1
RF02540,7m4x,A,7,2899,1884.4,0,1,2987,1fc01f,1
RF02540,6wd8,1,1,2903,1860.3,0,1,2987,f29242,1
RF02540,4w29,DA,1,2879,1925.5,0,1,2987,0003c0,1
RF02540,3j5s,A,1,360,217.6,1.10E-70,1952,2296,0064f4,1
RF02540,3j3w,A,1,2927,1993.5,0,1,2987,f29242,1
RF02540,6d9j,5,1,3377,1220,0,130,2987,1fc01f,1
RF02540,6olg,A2,1,3383,1229.6,0,130,2987,8484c0,1
RF02540,6ywv,A,167,3445,618.4,1.20E-197,1,2987,f29242,1
RF02540,6sxo,L5,1267,4755,823.1,8.30E-263,1,2987,8700,1
RF02540,4u25,BA,1,2903,1862.6,0,1,2987,ff87a4,1
RF02540,2o43,A,1,2878,1906.5,0,1,2987,8e2511,1
RF02540,6hcf,52,1,3417,1220.8,0,130,2987,ff87a4,1
RF02540,4v5b,AB,1,2903,1862.6,0,1,2987,93c090,1
RF02540,5gad,A,1,2903,1862.6,0,1,2987,00bac0,1
RF02540,7n8b,A1,1,3015,1461.3,0,130,2987,0064f4,1
RF02540,6xzb,A2,1,2897,1863.1,0,1,2987,8700,1
RF02540,7oie,A,771,1559,300.6,1.40E-96,1423,2908,0003c0,1
RF02540,4v83,BA,1,2879,1925.5,0,1,2987,93c090,1
RF02540,7rq8,2A,1,2912,1928.1,0,1,2987,ff87a4,1
RF02540,6zsb,XA,771,1561,300,2.20E-96,1423,2910,ebeb30,1
RF02540,4tue,YA,1,2912,1928.1,0,1,2987,f29242,1
RF02540,5kcr,1A,1,2903,1861.6,0,1,2987,ff87a4,1
RF02540,1yjn,0,2,2922,2797.3,0,1,2987,1fc01f,1
RF02540,4u1v,BA,1,2903,1862.6,0,1,2987,93c090,1
RF02540,4u55,1,1,3198,1506.3,0,130,2987,f29242,1
RF02540,6o90,A,2,2903,1975.2,0,1,2987,8e2511,1
RF02540,7too,A25S,1,3198,1506.3,0,130,2987,c00f0f,1
RF02540,5mei,AR,1,3198,1506.3,0,130,2987,c008ae,1
RF02540,4zsn,YA,1,2913,1928.1,0,1,2987,1fc01f,1
RF02540,7oig,1,1,2903,1860.6,0,1,2987,ff87fa,1
RF02540,6xu6,A5,1,3706,1194,0,130,2987,93c090,1
RF02540,4v52,DB,1,2903,1862.6,0,1,2987,ebeb30,1
RF02540,4v19,A,76,1459,291.3,1.40E-93,1,2987,454545,1
RF02540,6om7,t,1,3372,1175.1,0,130,2987,ff87a4,1
RF02540,7md7,1A,1,2912,1928.1,0,1,2987,8.59E+09,1
RF02540,7jql,1A,1,2912,1928.1,0,1,2987,c008ae,1
RF02540,5tcu,B,1,2923,1989,0,1,2987,c00f0f,1
RF02540,4www,YA,1,2903,1862.6,0,1,2987,ff87fa,1
RF02540,5imq,D,1,2891,1918.7,0,1,2987,bdc000,1
RF02540,4v9s,BA,1,2912,1928.1,0,1,2987,c0af92,1
RF02540,4v5s,DA,1,2913,1922.9,0,1,2987,c008ae,1
RF02540,4v4p,AA,1,2913,1909,0,1,2987,f29242,1
RF02540,6ztn,BA,1,2903,1862.6,0,1,2987,0003c0,1
RF02540,4v71,BA,1,2903,1862.6,0,1,2987,c0af92,1
RF02540,7pju,A,1,2903,1857.3,0,1,2987,bdc000,1
RF02540,7pah,3,1,2907,1792.4,0,1,2987,c00f0f,1
RF02540,4u27,DA,1,2903,1862.6,0,1,2987,c0af92,1
RF02540,4v9o,GA,1,2903,1862.6,0,1,2987,c0af92,1
RF02540,6s13,A,1,2905,1977.8,0,1,2987,93c090,1
RF02540,5ndk,1H,1,2914,1927.8,0,1,2987,c0af92,1
RF02540,6r7q,5,1,3327,1196,0,130,2987,8700,1
RF02540,7a0r,X,1,2877,1905.8,0,1,2987,8e2511,1
RF02540,4v5f,BA,1,2913,1928.1,0,1,2987,f29242,1
RF02540,7u2h,2A,1,2912,1928.1,0,1,2987,454545,1
RF02540,5czp,YA,1,2912,1928.1,0,1,2987,ff87a4,1
RF02540,4wfb,X,1,2923,1989,0,1,2987,00bac0,1
RF02540,5zet,A,1,3120,1842.4,0,1,2987,0003c0,1
RF02540,2jq7,B,1,58,56.7,3.70E-20,1178,1235,00bac0,1
RF02540,5uyk,1,1,2903,1860.3,0,1,2987,8484c0,1
RF02540,6frk,5,1,3431,1148.6,0,130,2987,8484c0,1
RF02540,7rqc,2A,1,2912,1928.1,0,1,2987,ff87a4,1
RF02540,6em4,1,1,3198,1506.3,0,130,2987,8e2511,1
RF02540,4wt8,D1,1,2899,1831.8,0,1,2987,8700,1
RF02540,6c5l,DA,1,2913,1928.1,0,1,2987,0064f4,1
RF02540,7qg8,N,1,2903,1862.6,0,1,2987,0064f4,1
RF02540,6vz5,a,1,2903,1863,0,1,2987,1fc01f,1
RF02540,6xhw,2A,1,2912,1928.1,0,1,2987,8e2511,1
RF02540,6xz7,A,1,2897,1863.1,0,1,2987,00bac0,1
RF02540,6ip6,1A,1267,4755,823.3,7.20E-263,1,2987,c008ae,1
RF02540,4tub,YA,1,2912,1928.1,0,1,2987,c0af92,1
RF02540,5dgv,1,1,3198,1506.3,0,130,2987,ff87a4,1
RF02540,6p5j,5,1,3377,1229.6,0,130,2987,ff87fa,1
RF02540,6s0x,A,1,2905,1977.8,0,1,2987,ebeb30,1
RF02540,4tue,RA,1,2912,1928.1,0,1,2987,8.59E+09,1
RF02540,4wfn,X,1,2878,1906.5,0,1,2987,00bac0,1
RF02540,1qa6,D,1,58,50,5.10E-18,1178,1235,ff87a4,1
RF02540,6hcm,52,1,3417,1220.8,0,130,2987,1fc01f,1
RF02540,4u56,1,1,3198,1506.3,0,130,2987,8e2511,1
RF02540,5u9f,1,1,2903,1861.6,0,1,2987,1fc01f,1
RF02540,3jcs,1,1,1782,455.2,7.70E-146,130,1734,8e2511,1
RF02540,4v7w,BA,1,2784,1814.7,0,1,2987,c00f0f,1
RF02540,4v6p,BB,1,2903,1860.2,0,1,2987,454545,1
RF02540,4v7v,DA,1,2903,1862.6,0,1,2987,c00f0f,1
RF02540,7qh4,A,3,2928,1998.1,0,1,2987,8.59E+09,1
RF02540,5t2a,G,35,166,71.6,2.10E-24,2736,2866,c0af92,1
RF02540,5dox,1A,1,2912,1928.1,0,1,2987,f29242,1
RF02540,4w2g,DA,1,2912,1928.1,0,1,2987,f29242,1
RF02540,5jut,B,1,3198,1506.3,0,130,2987,c0af92,1
RF02540,6ylx,1,1,3198,1506.3,0,130,2987,bdc000,1
RF02540,5wf0,A,1,2903,1855.5,0,1,2987,ebeb30,1
RF02540,6vyr,a,1,2903,1863,0,1,2987,c00f0f,1
RF02540,5lzz,5,1,3326,1195.9,0,130,2987,8.59E+09,1
RF02540,1xbp,0,1,2878,1906.5,0,1,2987,00bac0,1
RF02540,3j9m,A,771,1559,300.6,1.40E-96,1423,2908,8700,1
RF02540,6woo,5,1,3073,1520.5,0,130,2987,0003c0,1
RF02540,4v7j,BA,1,2848,1828.7,0,1,2987,f29242,1
RF02540,7o7y,B5,1212,4500,910.5,9.90E-291,1,2987,93c090,1
RF02540,4v9q,CA,1,2879,1925.2,0,1,2987,93c090,1
RF02540,7st7,1,1,2903,1860.3,0,1,2987,f29242,1
RF02540,7b5k,A,1,2897,1863.1,0,1,2987,f29242,1
RF02540,4tua,RA,1,2912,1928.1,0,1,2987,ebeb30,1
RF02540,5j7l,CA,1,2903,1860.2,0,1,2987,c00f0f,1
RF02540,6gaw,BA,76,1460,288.4,1.10E-92,1,2987,c008ae,1
RF02540,4v6e,DA,1,2903,1862.6,0,1,2987,8e2511,1
RF02540,4v47,A0,1,2903,1862.6,0,1,2987,c008ae,1
RF02540,6zsa,XA,771,1559,301.8,6.10E-97,1423,2908,c008ae,1
RF02540,4v5j,BA,1,2913,1928.1,0,1,2987,ff87fa,1
RF02540,6yef,A,1,2923,1996.7,0,1,2987,f29242,1
RF02540,6nwy,YA,1,2912,1928.1,0,1,2987,1fc01f,1
RF02540,4yzv,YA,1,2913,1928.1,0,1,2987,8.59E+09,1
RF02540,5dge,5,1,3198,1506.3,0,130,2987,8700,1
RF02540,4lt8,RA,1,2913,1928.1,0,1,2987,ff87fa,1
RF02540,7p48,A,1,2921,1991,0,1,2987,bdc000,1
RF02540,3pip,X,1,2878,1906.5,0,1,2987,c00f0f,1
RF02540,6ofx,1,1,2903,1860.3,0,1,2987,93c090,1
RF02540,6vyw,a,1,2903,1863,0,1,2987,00bac0,1
RF02540,2o45,A,1,2878,1906.5,0,1,2987,ebeb30,1
RF02540,4d67,2,1247,4714,823.5,5.90E-263,1,2987,00bac0,1
RF02540,7o19,BA,1,2897,1863.1,0,1,2987,ff87a4,1
RF02540,5wfk,A,1,2903,1855.5,0,1,2987,8e2511,1
RF02540,1yi2,0,2,2922,2797.3,0,1,2987,c0af92,1
RF02540,6zvk,e2,1,3657,1129.3,0,130,2987,93c090,1
RF02540,5juo,B,1,3198,1506.3,0,130,2987,ff87fa,1
RF02540,6gb2,BA,76,1460,288.4,1.10E-92,1,2987,ebeb30,1
RF02540,4u4o,1,1,3198,1506.3,0,130,2987,c00f0f,1
RF02540,6az3,2,1,1449,541.8,1.40E-173,1724,2987,c0af92,1
RF02540,7p7r,A,1,2912,1972,0,1,2987,c008ae,1
RF02540,5j5b,DA,1,2903,1860.2,0,1,2987,0064f4,1
RF02540,5mdv,1,1,2903,1860.6,0,1,2987,bdc000,1
RF02540,5imr,D,1,2891,1918.7,0,1,2987,00bac0,1
RF02540,5an9,N,1,3587,1382,0,130,2987,8.59E+09,1
RF02540,5hcq,2A,1,2912,1928.1,0,1,2987,c0af92,1
RF02540,3fwo,A,1,2878,1906.5,0,1,2987,bdc000,1
RF02540,7ls2,A2,1068,4405,917.5,5.50E-293,1,2987,0064f4,1
RF02540,7n1p,23,1,2903,1860.9,0,1,2987,c00f0f,1
RF02540,1njo,0,1,2878,1906.5,0,1,2987,c0af92,1
RF02540,4v4v,B0,1,2740,1925.3,0,17,2987,8.59E+09,1
RF02540,6x7k,a,1,2903,1863,0,1,2987,c008ae,1
RF02540,3j78,2S,1,3197,1506.6,0,130,2987,8e2511,1
RF02540,6b4v,B,1,2880,1924.8,0,1,2987,00bac0,1
RF02540,4wra,14,1,2916,1913.9,0,1,2987,0064f4,1
RF02540,4u4z,1,1,3198,1506.3,0,130,2987,ff87fa,1
RF02540,5f8k,1A,1,2912,1928.1,0,1,2987,0003c0,1
RF02540,7ohu,1,1,3198,1506.3,0,130,2987,1fc01f,1
RF02540,4v9i,DA,1,2913,1924.5,0,1,2987,00bac0,1
RF02540,5t5h,A,1,1278,400,2.30E-128,148,1545,c0af92,1
RF02540,6sj6,A,1,2923,1996.7,0,1,2987,ebeb30,1
RF02540,5ju8,BA,1,2903,1862.6,0,1,2987,8484c0,1
RF02540,6zse,XA,771,1561,300,2.20E-96,1423,2910,ff87a4,1
RF02540,6ip5,1A,1267,4755,823.3,7.20E-263,1,2987,1fc01f,1
RF02540,7oh3,1,1,3198,1506.3,0,130,2987,8e2511,1
RF02540,7p3k,a,1,2753,1695.9,0,1,2987,93c090,1
RF02540,7msh,A,1,3138,1857.8,0,1,2987,ff87a4,1
RF02540,1vqk,0,1,2922,2791,0,1,2987,8484c0,1
RF02540,5h4p,1,1,3198,1506.3,0,130,2987,00bac0,1
RF02540,3cma,0,1,2923,2800.2,0,1,2987,8.59E+09,1
RF02540,6s0k,A,1,2883,1848.5,0,1,2987,0064f4,1
RF02540,6lss,2,1267,4755,823.3,7.20E-263,1,2987,1fc01f,1
RF02540,4v5e,BA,1,2898,1937.8,0,1,2987,bdc000,1
RF02540,5ndg,1,1,3198,1506.3,0,130,2987,93c090,1
RF02540,7sae,A,3,2928,1998.1,0,1,2987,93c090,1
RF02540,5lzs,5,1,3326,1195.9,0,130,2987,0064f4,1
RF02540,6z6j,C1,1,3198,1506.3,0,130,2987,0003c0,1
RF02540,5.00E+81,1H,1,2914,1927.8,0,1,2987,f29242,1
RF02540,4ypb,RA,1,2913,1928.1,0,1,2987,c008ae,1
RF02540,7paj,3,1,2907,1792.4,0,1,2987,1fc01f,1
RF02540,7of1,1,1,3198,1506.3,0,130,2987,ff87fa,1
RF02540,6ip8,1A,1267,4755,823.3,7.20E-263,1,2987,0064f4,1
RF02540,7pzy,1,1,3191,1475.7,0,130,2987,ff87fa,1
RF02540,5aa0,AA,1,2889,1917.6,0,1,2987,8700,1
RF02540,3g4s,0,1,2923,2800.2,0,1,2987,8e2511,1
RF02540,4v7s,DA,1,2903,1862.6,0,1,2987,c00f0f,1
RF02540,4v95,DA,1,2912,1928.1,0,1,2987,8e2511,1
RF02540,6uo1,2A,1,2912,1928.1,0,1,2987,0003c0,1
RF02540,2j37,Z,1,280,136.7,5.20E-45,1348,1693,ebeb30,1
RF02540,4v8f,AA,1,2912,1926.8,0,1,2987,c00f0f,1
RF02540,1hc8,D,1,58,50,5.10E-18,1178,1235,8484c0,1
RF02540,5fcj,5,1,3198,1506.3,0,130,2987,ff87a4,1
RF02540,1vq6,0,1,2922,2791,0,1,2987,0064f4,1
RF02540,7qv2,V,3,2928,1997.9,0,1,2987,8.59E+09,1
RF02540,6spf,A,2,2888,1891.1,0,1,2987,1fc01f,1
RF02540,1vvj,RA,1,2913,1928.1,0,1,2987,c008ae,1
RF02540,1eg0,L,1,57,54.8,1.50E-19,1179,1235,c008ae,1
RF02540,4u51,1,1,3198,1506.3,0,130,2987,454545,1
RF02540,2qa4,0,1,2922,2791,0,1,2987,8484c0,1
RF02540,1jzx,A,1,2878,1906.5,0,1,2987,1fc01f,1
RF02540,6t7t,C1,1,3043,1496.3,0,130,2987,0003c0,1
RF02540,6c0f,1,1,3197,1493.6,0,130,2987,8700,1
RF02540,4v5n,BA,1,2913,1928.1,0,1,2987,1fc01f,1
RF02540,5el4,14,1,2914,1927.8,0,1,2987,8700,1
RF02540,5it8,DA,1,2903,1860.2,0,1,2987,c00f0f,1
RF02540,7nwi,5,1,3544,1129.2,0,130,2987,c0af92,1
RF02540,1vq5,0,1,2922,2791,0,1,2987,bdc000,1
RF02540,4v7e,Aa,1,3201,1366.4,0,130,2987,0003c0,1
RF02540,7nrc,LA,1,3196,1506.5,0,130,2987,bdc000,1
RF02540,7ood,3,1,2907,1792.4,0,1,2987,93c090,1
RF02540,5ibb,14,1,2914,1927.8,0,1,2987,bdc000,1
RF02540,1q82,A,1,2922,2791,0,1,2987,454545,1
RF02540,4v6v,BA,1,2903,1860.2,0,1,2987,c008ae,1
RF02540,5j30,RA,1,2912,1928.1,0,1,2987,8700,1
RF02540,5el6,1H,1,2912,1926.8,0,1,2987,0003c0,1
RF02540,4v4a,B0,1,2885,1889.8,0,1,2987,c008ae,1
RF02540,7u2h,1A,1,2912,1928.1,0,1,2987,454545,1
RF02540,2aar,0,1,2878,1906.5,0,1,2987,0064f4,1
RF02540,4woi,BA,1,2903,1862.6,0,1,2987,00bac0,1
RF02540,4lsk,YA,1,2913,1928.1,0,1,2987,c008ae,1
RF02540,6em5,1,1,3198,1506.3,0,130,2987,8700,1
RF02540,6vwl,2,1,2903,1860.3,0,1,2987,bdc000,1
RF02540,4v9j,BA,1,2879,1925.5,0,1,2987,93c090,1
RF02540,6u48,CA,1,2903,1859.8,0,1,2987,8e2511,1
RF02540,6ys3,b,1,2906,1858.6,0,1,2987,ff87fa,1
RF02540,7rq9,1A,1,2912,1928.1,0,1,2987,c00f0f,1
RF02540,4v61,BA,2,2810,1701.9,0,1,2885,93c090,1
RF02540,5nd8,A,1,2918,1989.7,0,1,2987,00bac0,1
RF02540,6nuo,YA,1,2912,1928.1,0,1,2987,bdc000,1
RF02540,6o8z,A,2,2909,1966.7,0,1,2987,8e2511,1
RF02540,3dll,X,1,2878,1906.5,0,1,2987,c008ae,1
RF02540,7ode,I,1,2903,1860.2,0,1,2987,1fc01f,1
RF02540,6spb,A,2,2888,1891.1,0,1,2987,8700,1
RF02540,7jt2,1,1,2903,1860.3,0,1,2987,ff87fa,1
RF02540,3cc2,0,1,2923,2800.2,0,1,2987,ebeb30,1
RF02540,5u4j,A,1,2903,1863,0,1,2987,bdc000,1
RF02540,7nhn,A,1,2928,1947.8,0,1,2987,c0af92,1
RF02540,1vq9,0,1,2922,2791,0,1,2987,8700,1
RF02540,4wf9,X,1,2923,1989,0,1,2987,0003c0,1
RF02540,7acr,1,1,2903,1860.6,0,1,2987,ff87a4,1
RF02540,2zjq,X,1,2878,1906.5,0,1,2987,0003c0,1
RF02540,7of7,A,771,1559,300.6,1.40E-96,1423,2908,00bac0,1
RF02540,6wdh,1,1,2903,1860.3,0,1,2987,1fc01f,1
RF02540,4v6c,DA,1,2903,1862.6,0,1,2987,0003c0,1
RF02540,7cpu,L5,1069,4404,923.2,8.50E-295,1,2987,ff87fa,1
RF02540,3j46,4,2,109,57,5.60E-20,2195,2302,c00f0f,1
RF02540,6bok,EB,1,2880,1924.8,0,1,2987,00bac0,1
RF02540,4zer,1A,1,2912,1928.1,0,1,2987,8e2511,1
RF02540,7azo,23SB,2,2911,1925.9,0,1,2987,8.59E+09,1
RF02540,7pio,3,1,2907,1792.4,0,1,2987,c0af92,1
RF02540,6cfk,1A,1,2912,1928.1,0,1,2987,8e2511,1
RF02540,5ib8,1H,1,2914,1927.8,0,1,2987,c0af92,1
RF02540,4v8g,DA,1,2912,1928.1,0,1,2987,ff87a4,1
RF02540,3jcd,A,1,2903,1862.6,0,1,2987,c0af92,1
RF02540,4v7w,DA,1,2784,1814.7,0,1,2987,c008ae,1
RF02540,6uz7,8,1975,2825,233.9,5.10E-75,1,726,0064f4,1
RF02540,6oxa,RA,1,2912,1928.1,0,1,2987,c00f0f,1
RF02540,7k54,1,1,2903,1860.3,0,1,2987,f29242,1
RF02540,4u55,5,1,3198,1506.3,0,130,2987,c008ae,1
RF02540,4v6d,BA,1,2903,1862.6,0,1,2987,ebeb30,1
RF02540,4v5h,BB,1,2903,1862.6,0,1,2987,8700,1
RF02540,7pit,3,1,2907,1792.4,0,1,2987,8e2511,1
RF02540,5u9g,1,1,2903,1861.6,0,1,2987,8700,1
RF02540,7pao,3,1,2907,1792.4,0,1,2987,0003c0,1
RF02540,6ope,YA,1,2912,1928.1,0,1,2987,f29242,1
RF02540,5mdw,1,1,2903,1860.6,0,1,2987,0064f4,1
RF02540,4v76,BA,1,2903,1862.6,0,1,2987,8484c0,1
RF02540,1nwy,0,1,2878,1906.5,0,1,2987,ebeb30,1
RF02540,7ss9,1,1,2903,1860.3,0,1,2987,c0af92,1
RF02540,6d90,5,1,3377,1220,0,130,2987,1fc01f,1
RF02540,7qiw,2,1,3174,1440.1,0,130,2987,ff87fa,1
RF02540,7obr,5,1,3262,1106.1,0,130,2987,93c090,1
RF02540,7oi6,A,771,1559,300.6,1.40E-96,1423,2908,c008ae,1
RF02540,6o9k,A,1,2854,1796.4,0,1,2987,93c090,1
RF02540,6mtc,5,1,3380,1223.2,0,130,2987,1fc01f,1
RF02540,4v7a,BA,1,2903,1862.6,0,1,2987,0064f4,1
RF02540,7as9,A,1,2926,1995.2,0,1,2987,ff87fa,1
RF02540,7k53,1,1,2903,1860.3,0,1,2987,454545,1
RF02540,4wr6,14,1,2914,1927.8,0,1,2987,bdc000,1
RF02540,1c2w,B,1,2903,1860.9,0,1,2987,8484c0,1
RF02540,6pcq,I,1,2903,1860.2,0,1,2987,8700,1
RF02540,4v5y,BB,1,2903,1862.6,0,1,2987,c00f0f,1
RF02540,4ujd,A2,1247,4714,823.5,5.90E-263,1,2987,c0af92,1
RF02540,6ddd,1,1,2923,1996.7,0,1,2987,c008ae,1
RF02540,4v7v,BA,1,2903,1862.6,0,1,2987,ebeb30,1
RF02540,4v7u,BA,1,2903,1862.6,0,1,2987,0064f4,1
RF02540,7aqd,A,1,2918,1978.6,0,1,2987,0003c0,1
RF02540,6enu,A,1,2903,1856,0,1,2987,c008ae,1
RF02540,4v77,BA,1,2903,1862.6,0,1,2987,8e2511,1
RF02540,7s1j,I,1,2903,1860.2,0,1,2987,c0af92,1
RF02540,3cf5,X,1,2878,1906.5,0,1,2987,bdc000,1
RF02540,5l3p,A,1,2903,1856.9,0,1,2987,0003c0,1
RF02540,4u26,BA,1,2903,1862.6,0,1,2987,c00f0f,1
RF02540,7ttu,1,1,2923,1997.8,0,1,2987,8.59E+09,1
RF02540,7k51,1,1,2903,1860.3,0,1,2987,ff87a4,1
RF02540,6vzj,a,1,2903,1863,0,1,2987,ff87fa,1
RF02540,4lfz,YA,1,2913,1928.1,0,1,2987,bdc000,1
RF02540,7bt6,1,1,3198,1506.3,0,130,2987,c008ae,1
RF02540,4v8p,A1,1,3164,1441.7,0,130,2987,00bac0,1
RF02540,5mc6,BQ,1,3198,1506.3,0,130,2987,454545,1
RF02540,6fxc,BA,1,2923,1997.3,0,1,2987,00bac0,1
RF02540,4v63,BA,1,2891,1934,0,1,2987,8.59E+09,1
RF02540,4v6x,A5,1267,4755,823.1,8.30E-263,1,2987,8.59E+09,1
RF02540,7p7t,A,1,2912,1972,0,1,2987,0064f4,1
RF02540,5mrf,A,1326,2892,150,3.60E-48,1423,2973,8484c0,1
RF02540,5mrf,A,221,302,66.3,1.90E-21,163,244,8700,1
RF02540,5mrf,A,578,700,62.3,3.60E-20,788,930,f29242,1
RF02540,5lzu,5,1,3326,1195.9,0,130,2987,8.59E+09,1
RF02540,7m4z,A,7,2899,1884.4,0,1,2987,ff87a4,1
RF02540,6o97,1A,1,2912,1928.1,0,1,2987,00bac0,1
RF02540,1ml5,a,1,2914,1908.7,0,1,2987,8484c0,1
RF02540,1k73,A,1,2922,2791,0,1,2987,ebeb30,1
RF02540,6olz,A2,1,3414,1199.8,0,130,2987,ebeb30,1
RF02540,7n2u,23,1,2903,1860.2,0,1,2987,00bac0,1
RF02540,6wdm,1,1,2903,1860.3,0,1,2987,93c090,1
RF02540,6n1d,B23S,1,2880,1924.4,0,1,2987,454545,1
RF02540,4z8c,2A,1,2912,1928.1,0,1,2987,ff87a4,1
RF02540,6wnv,4,1,3031,1767.8,0,1,2987,00bac0,1
RF02540,7jqm,1A,1,2912,1928.1,0,1,2987,c0af92,1
RF02540,5lze,A,1,2903,1860.2,0,1,2987,93c090,1
RF02540,7cpj,A,1,2903,1856.9,0,1,2987,454545,1
RF02540,7qgr,N,1,2903,1862.6,0,1,2987,bdc000,1
RF02540,6yss,A,1,2903,1856.9,0,1,2987,c008ae,1
RF02540,6xhw,1A,1,2912,1928.1,0,1,2987,c00f0f,1
RF02540,3jcs,2,1,1450,542,1.30E-173,1723,2987,0064f4,1
RF02540,3j7y,A,771,1559,300.6,1.40E-96,1423,2908,00bac0,1
RF02540,4wq1,1H,1,2912,1926.8,0,1,2987,c0af92,1
RF02540,4csu,B,1,2903,1862.6,0,1,2987,f29242,1
RF02540,7unv,A,1,2890,1898.2,0,1,2987,ff87a4,1
RF02540,7po4,A,771,1561,298.9,5.00E-96,1423,2910,8484c0,1
RF02540,5tgm,1,1,2951,1501,0,130,2987,c0af92,1
RF02540,6nsh,YA,1,2912,1928.1,0,1,2987,454545,1
RF02540,4v7y,BA,1,2784,1814.7,0,1,2987,c008ae,1
RF02540,6xza,A2,1,2897,1863.1,0,1,2987,bdc000,1
RF02540,7jt1,1,1,2903,1860.3,0,1,2987,bdc000,1
RF02540,1jzy,A,1,2878,1906.5,0,1,2987,ff87a4,1
RF02540,7oid,A,771,1559,300.6,1.40E-96,1423,2908,0003c0,1
RF02540,6olf,t,1,3372,1175.1,0,130,2987,c00f0f,1
RF02540,4v8m,BG,25,180,70.7,4.10E-24,2726,2880,8484c0,1
RF02540,7jss,1,1,2903,1860.3,0,1,2987,0064f4,1
RF02540,6pcs,I,1,2903,1860.2,0,1,2987,c008ae,1
RF02540,6t7i,C1,1,3198,1506.3,0,130,2987,8484c0,1
RF02540,4tuc,RA,1,2912,1928.1,0,1,2987,8.59E+09,1
RF02540,1vq4,0,1,2922,2791,0,1,2987,93c090,1
RF02540,4v87,DA,1,2912,1926.8,0,1,2987,c0af92,1
RF02540,4v85,BA,1,2903,1862.6,0,1,2987,ff87a4,1
RF02540,6ysr,A,1,2903,1856.9,0,1,2987,8484c0,1
RF02540,5wis,2A,1,2912,1928.1,0,1,2987,c00f0f,1
RF02540,7oj0,a,1,2807,1778,0,1,2987,454545,1
RF02540,6xij,a,1,2903,1863,0,1,2987,bdc000,1
RF02540,4v9c,BA,1,2903,1862.6,0,1,2987,93c090,1
RF02540,6oxi,YA,1,2912,1928.1,0,1,2987,8700,1
RF02540,6osq,1,1,2903,1860.6,0,1,2987,c00f0f,1
RF02540,4wzo,1H,1,2914,1927.8,0,1,2987,bdc000,1
RF02540,7msc,A,1,3138,1857.8,0,1,2987,c0af92,1
RF02540,6zmi,L5,1267,4752,823.6,5.50E-263,1,2987,f29242,1
RF02540,7ohx,1,1,3198,1506.3,0,130,2987,454545,1
RF02540,7par,3,1,2907,1792.4,0,1,2987,ebeb30,1
RF02540,3j7q,5,1,3491,1172.9,0,130,2987,1fc01f,1
RF02540,6gsk,14,1,2914,1927.8,0,1,2987,0064f4,1
RF02540,5j91,CA,1,2903,1858.9,0,1,2987,8700,1
RF02540,7jil,1,7,2862,1944.5,0,16,2974,c0af92,1
RF02540,3pio,X,1,2878,1906.5,0,1,2987,454545,1
RF02540,5ibb,1H,1,2914,1927.8,0,1,2987,f29242,1
RF02540,6sv4,BQ,1,3198,1506.3,0,130,2987,00bac0,1
RF02540,6o97,2A,1,2912,1928.1,0,1,2987,1fc01f,1
RF02540,7o81,B5,1212,4500,910.5,9.90E-291,1,2987,c008ae,1
RF02540,2zjr,X,1,2878,1906.5,0,1,2987,8e2511,1
RF02540,4v9n,BA,1,2879,1925.2,0,1,2987,ebeb30,1
RF02540,7rqa,1A,1,2912,1928.1,0,1,2987,93c090,1
RF02540,7m4y,A,7,2899,1884.4,0,1,2987,ebeb30,1
RF02540,4v7z,DA,1,2784,1814.7,0,1,2987,c008ae,1
RF02540,1jj2,0,1,2922,2791,0,1,2987,454545,1
RF02540,1njp,0,1,2878,1906.5,0,1,2987,8.59E+09,1
RF02540,5t6r,A,1,3198,1506.3,0,130,2987,8.59E+09,1
RF02540,4v8h,DA,1,2910,1929,0,1,2987,8e2511,1
RF02540,5.00E+81,14,1,2914,1927.8,0,1,2987,ff87a4,1
RF02540,3jbo,AA,1,2996,1188.9,0,149,2987,1fc01f,1
RF02540,4u25,DA,1,2903,1862.6,0,1,2987,8.59E+09,1
RF02540,4v7b,BA,1,2903,1862.6,0,1,2987,bdc000,1
RF02540,6em1,1,1,3198,1506.3,0,130,2987,454545,1
RF02540,5fdu,2A,1,2912,1928.1,0,1,2987,454545,1
RF02540,4v4g,DB,1,2825,1840.4,0,1,2987,ff87fa,1
RF02540,4v8x,DA,1,2848,1828.7,0,1,2987,ff87a4,1
RF02540,5obm,5,1,3198,1506.3,0,130,2987,8.59E+09,1
RF02540,6eri,AA,2,2810,1701.5,0,1,2885,00bac0,1
RF02540,6pc6,I,1,2903,1860.2,0,1,2987,8.59E+09,1
RF02540,4v9q,AA,1,2879,1925.2,0,1,2987,c00f0f,1
RF02540,4v6d,DA,1,2903,1862.6,0,1,2987,8.59E+09,1
RF02540,6xa1,L5,1,3283,1181.7,0,130,2987,ff87fa,1
RF02540,5vp2,1A,1,2912,1928.1,0,1,2987,00bac0,1
RF02540,4u26,DA,1,2903,1862.6,0,1,2987,ebeb30,1
RF02540,6ri5,A,1,3198,1506.3,0,130,2987,93c090,1
RF02540,6r6g,5,1,3327,1193.7,0,130,2987,ff87a4,1
RF02540,6qik,A,1,3198,1506.3,0,130,2987,8e2511,1
RF02540,6i7o,BQ,1,3198,1506.3,0,130,2987,8.59E+09,1
RF02540,5hl7,X,1,2923,1989,0,1,2987,8e2511,1
RF02540,4v8p,H1,1,3164,1441.7,0,130,2987,bdc000,1
RF02540,5dm7,X,1,2878,1910.4,0,1,2987,ff87fa,1
RF02540,5jvg,X,1,2877,1904.5,0,1,2987,454545,1
RF02540,6skf,BA,9,3037,2822.7,0,1,2987,c008ae,1
RF02540,4v9k,DA,1,2879,1925.5,0,1,2987,f29242,1
RF02540,7pkt,3,1,184,82.4,7.20E-28,778,973,ff87a4,1
RF02540,6wd4,1,1,2903,1860.3,0,1,2987,c00f0f,1
RF02540,5fdv,2A,1,2912,1928.1,0,1,2987,bdc000,1
RF02540,6zsg,XA,771,1561,300,2.20E-96,1423,2910,c008ae,1
RF02540,5czp,RA,1,2912,1928.1,0,1,2987,454545,1
RF02540,6gc6,A,1,2903,1862.6,0,1,2987,8e2511,1
RF02540,5mei,1,1,3198,1506.3,0,130,2987,454545,1
RF02540,4v97,DA,1,2912,1928.1,0,1,2987,1fc01f,1
RF02540,4v7t,BA,1,2903,1862.6,0,1,2987,454545,1
RF02540,4v67,BA,1,2891,1934,0,1,2987,8700,1
RF02540,5j88,DA,1,2903,1858.9,0,1,2987,ff87fa,1
RF02540,7r81,A1,1,3205,1523.9,0,130,2987,454545,1
RF02540,4v7x,DA,1,2784,1814.7,0,1,2987,8e2511,1
RF02540,7olc,1,1,3158,1537.1,0,130,2987,00bac0,1
RF02540,6v3b,AN1,7,2899,1884.6,0,1,2987,00bac0,1
RF02540,5umd,A,1,3558,1185.8,0,130,2987,00bac0,1
RF02540,6p5n,5,1,3377,1229.6,0,130,2987,0003c0,1
RF02540,1vqn,0,1,2922,2791,0,1,2987,8e2511,1
RF02540,7a5h,A,771,1559,300.6,1.40E-96,1423,2908,0003c0,1
RF02540,5mgp,A,1,2903,1854.4,0,1,2987,c00f0f,1
RF02540,7oht,1,1,3198,1506.3,0,130,2987,c008ae,1
RF02540,6xhv,2A,1,2912,1928.1,0,1,2987,0064f4,1
RF02540,7rqb,2A,1,2912,1928.1,0,1,2987,8484c0,1
RF02540,7nhl,A,1,2923,1993.9,0,1,2987,93c090,1
RF02540,6bu8,1,1,2903,1860.3,0,1,2987,bdc000,1
RF02540,6zs9,XA,771,1559,301.8,6.10E-97,1423,2908,0064f4,1
RF02540,1yjw,0,2,2922,2797.3,0,1,2987,1fc01f,1
RF02540,5j3c,RA,1,2912,1928.1,0,1,2987,c0af92,1
RF02540,6zm6,A,771,1561,298.9,5.00E-96,1423,2910,c0af92,1
RF02540,6i7v,DA,1,2903,1860.2,0,1,2987,1fc01f,1
RF02540,5hd1,1A,1,2912,1928.1,0,1,2987,8700,1
RF02540,5mre,A,1326,2892,150,3.60E-48,1423,2973,454545,1
RF02540,5mre,A,221,302,66.3,1.90E-21,163,244,93c090,1
RF02540,5mre,A,578,700,62.3,3.60E-20,788,930,8e2511,1
RF02540,5fcj,1,1,3198,1506.3,0,130,2987,454545,1
RF02540,4v6a,DA,1,2912,1928.1,0,1,2987,c0af92,1
RF02540,7pir,3,1,2907,1792.4,0,1,2987,0003c0,1
RF02540,5on6,1,1,3198,1506.3,0,130,2987,c008ae,1
RF02540,5jte,BA,1,2897,1865.5,0,1,2987,454545,1
RF02540,6gsj,1H,1,2914,1927.8,0,1,2987,ff87a4,1
RF02540,4v57,DB,1,2903,1862.6,0,1,2987,8.59E+09,1
RF02540,7qv1,V,3,2928,1997.1,0,1,2987,f29242,1
RF02540,4v55,DB,1,2903,1862.6,0,1,2987,0064f4,1
RF02540,5j4b,2A,1,2912,1928.1,0,1,2987,8.59E+09,1
RF02540,6xdr,a,1,2903,1863,0,1,2987,c008ae,1
RF02540,7a5k,A3,771,1559,300.6,1.40E-96,1423,2908,f29242,1
RF02540,6qnq,14,1,2914,1927.8,0,1,2987,c00f0f,1
RF02540,6ndk,YA,1,2912,1928.1,0,1,2987,8484c0,1
RF02540,6q95,1,1,2913,1928.1,0,1,2987,f29242,1
RF02540,4u1u,BA,1,2903,1862.6,0,1,2987,8e2511,1
RF02540,3cc4,0,1,2923,2800.2,0,1,2987,ff87fa,1
RF02540,5vpo,YA,1,2912,1928.1,0,1,2987,1fc01f,1
RF02540,5ndk,14,1,2914,1927.8,0,1,2987,c008ae,1
RF02540,7oyb,51,870,4269,923.2,8.00E-295,1,2970,ff87a4,1
RF02540,7oyb,51,25,105,71.7,4.40E-23,164,244,ff87fa,1
RF02540,7m4w,A,7,2899,1884.4,0,1,2987,c008ae,1
RF02540,6wnt,4,1,3031,1767.8,0,1,2987,c0af92,1
RF02540,7bl6,A,1,2903,1862.6,0,1,2987,8.59E+09,1
RF02540,4v57,BB,1,2903,1862.6,0,1,2987,bdc000,1
RF02540,5dat,5,1,3198,1506.3,0,130,2987,c00f0f,1
RF02540,7pam,3,1,2907,1792.4,0,1,2987,bdc000,1
RF02540,6fxc,AA,1,2923,1997.3,0,1,2987,8484c0,1
RF02540,5el5,14,1,2912,1926.8,0,1,2987,93c090,1
RF02540,1vy7,DA,1,2912,1928.1,0,1,2987,8.59E+09,1
RF02540,3j3v,A,1,2927,1993.5,0,1,2987,00bac0,1
RF02540,4v6g,BA,1,2898,1923.2,0,1,2987,8.59E+09,1
RF02540,7o1c,BA,1,2897,1863.1,0,1,2987,93c090,1
RF02540,5el4,1H,1,2914,1927.8,0,1,2987,0064f4,1
RF02540,4v8q,AA,1,2913,1920.4,0,1,2987,93c090,1
RF02540,7azs,23SA,2,2911,1925.9,0,1,2987,8700,1
RF02540,3j45,5,1,108,57,5.50E-20,2195,2302,c00f0f,1
RF02540,6uz7,5,1,3172,1524.9,0,130,2987,8700,1
RF02540,4v8c,BA,1,2912,1926.8,0,1,2987,ff87fa,1
RF02540,3g6e,0,1,2923,2800.2,0,1,2987,8.59E+09,1
RF02540,4zer,2A,1,2912,1928.1,0,1,2987,ebeb30,1
RF02540,4v9p,AA,1,2903,1862.6,0,1,2987,c00f0f,1
RF02540,5lzv,5,1,3326,1195.9,0,130,2987,93c090,1
RF02540,7u2i,2A,1,2912,1928.1,0,1,2987,c0af92,1
RF02540,6oli,t,1,3372,1175.1,0,130,2987,c008ae,1
RF02540,7paq,3,1,2907,1792.4,0,1,2987,454545,1
RF02540,4v4y,BA,1,2914,1908.7,0,1,2987,454545,1
RF02540,5apo,5,1,3255,1491.7,0,130,2987,bdc000,1
RF02540,7of0,A,771,1559,300.6,1.40E-96,1423,2908,bdc000,1
RF02540,5d8b,ZC,1,2890,1934.6,0,1,2987,8.59E+09,1
RF02540,4v4q,DB,1,2903,1862.6,0,1,2987,454545,1
RF02540,7oi7,A,771,1559,300.6,1.40E-96,1423,2908,ebeb30,1
RF02540,7ac7,1,1,2903,1860.6,0,1,2987,8e2511,1
RF02540,7bl2,A,7,2910,1868.5,0,1,2987,c008ae,1
RF02540,1vy6,BA,1,2912,1928.1,0,1,2987,c0af92,1
RF02540,6pj6,I,1,2903,1860.2,0,1,2987,93c090,1
RF02540,3j9w,BA,3,2928,1998.1,0,1,2987,0064f4,1
RF02540,4v64,BB,1,2903,1862.6,0,1,2987,f29242,1
RF02540,2otj,0,1,2922,2791,0,1,2987,00bac0,1
RF02540,4u3u,1,1,3198,1506.3,0,130,2987,ff87fa,1
RF02540,1njm,0,1,2878,1906.5,0,1,2987,8700,1
RF02540,6z6n,L5,1267,4755,823.1,8.30E-263,1,2987,8.59E+09,1
RF02540,5iqr,1,1,2903,1860.6,0,1,2987,bdc000,1
RF02540,3cme,0,1,2923,2800.2,0,1,2987,454545,1
RF02540,5kps,28,1,2903,1859.3,0,1,2987,8700,1
RF02540,5hkv,X,1,2923,1989,0,1,2987,c008ae,1
RF02540,6ydw,BA,1173,2738,300,2.30E-95,1,2987,ff87a4,1
RF02540,4u3m,1,1,3198,1506.3,0,130,2987,c00f0f,1
RF02540,6y0g,L5,1267,4755,823.3,7.20E-263,1,2987,8700,1
RF02540,4v5g,DA,1,2913,1928.1,0,1,2987,8700,1
RF02540,4v5q,DA,1,2913,1922.9,0,1,2987,c008ae,1
RF02540,5hcq,1A,1,2912,1928.1,0,1,2987,8484c0,1
RF02540,6bz6,RA,1,2912,1928.1,0,1,2987,ff87a4,1
RF02540,5nd9,A,1,2923,1993.9,0,1,2987,454545,1
RF02540,3ccm,0,1,2923,2795.5,0,1,2987,c008ae,1
RF02540,3-Jan,5,1,3431,1148.6,0,130,2987,ff87fa,1
RF02540,7lv0,1,1,2903,1860.3,0,1,2987,93c090,1
RF02540,6bz7,RA,1,2912,1928.1,0,1,2987,0064f4,1
RF02540,7pi9,3,1,2907,1792.4,0,1,2987,ff87a4,1
RF02540,4wpo,CA,1,2912,1928.1,0,1,2987,8e2511,1
RF02540,1qvg,0,1,2922,2791,0,1,2987,1fc01f,1
RF02540,6ftj,u,1,3431,1148.6,0,130,2987,ff87a4,1
RF02540,6vmi,A,771,1559,300.6,1.40E-96,1423,2908,0064f4,1
RF02540,4u4z,5,1,3198,1506.3,0,130,2987,ebeb30,1
RF02540,5xxb,1,1,3362,1490.5,0,130,2987,8484c0,1
RF02540,3g71,0,1,2923,2800.2,0,1,2987,ebeb30,1
RF02540,6wqn,1,1,2923,1999.5,0,1,2987,1fc01f,1
RF02540,4u4q,1,1,3198,1506.3,0,130,2987,8.59E+09,1
RF02540,5jup,B,1,3198,1506.3,0,130,2987,00bac0,1
RF02540,6zj3,LH,1,744,207.3,4.10E-67,1676,2241,c0af92,1
RF02540,6nwy,RA,1,2912,1928.1,0,1,2987,00bac0,1
RF02540,3j7p,5,1,3433,1143.5,0,130,2987,ff87fa,1
RF02540,1z58,2,1,2878,1906.5,0,1,2987,c0af92,1
RF02540,4v6z,BA,1,2903,1862.6,0,1,2987,c00f0f,1
RF02540,5i4l,5,1,3198,1506.3,0,130,2987,ff87fa,1
RF02540,6cfl,2A,1,2912,1928.1,0,1,2987,c0af92,1
RF02540,2otl,0,1,2922,2791,0,1,2987,1fc01f,1
RF02540,5mdz,1,1,2903,1860.6,0,1,2987,bdc000,1
RF02540,7msz,A,1,3138,1857.8,0,1,2987,1fc01f,1
RF02540,6c5l,BA,1,2913,1928.1,0,1,2987,c0af92,1
RF02540,6nd5,1A,1,2912,1928.1,0,1,2987,93c090,1
RF02540,4v84,DA,1,2879,1925.5,0,1,2987,454545,1
RF02540,7ucj,5,1,3282,1140.9,0,130,2987,93c090,1
RF02540,4v6n,AB,1,2903,1860.2,0,1,2987,93c090,1
RF02540,7ph9,3,1,2907,1792.4,0,1,2987,ff87a4,1
RF02540,7pjy,A,1,2903,1857.3,0,1,2987,0003c0,1
RF02540,7uck,5,1,3329,1197,0,130,2987,00bac0,1
RF02540,4ybb,DA,1,2903,1858.9,0,1,2987,ebeb30,1
RF02540,4w2f,BA,1,2912,1928.1,0,1,2987,c0af92,1
RF02540,6xhv,1A,1,2912,1928.1,0,1,2987,93c090,1
RF02540,6cfj,2A,1,2912,1928.1,0,1,2987,f29242,1
RF02540,6q8y,BQ,1,3198,1506.3,0,130,2987,0003c0,1
RF02540,7n2v,23,1,2903,1860.2,0,1,2987,8e2511,1
RF02540,7q0f,1,1,3191,1475.7,0,130,2987,8.59E+09,1
RF02540,5dfe,RA,1,2912,1928.1,0,1,2987,bdc000,1
RF02540,6lqm,2,1267,4755,823.3,7.20E-263,1,2987,0064f4,1
RF02540,6ylg,1,1,3198,1506.3,0,130,2987,c008ae,1
RF02540,5j4c,2A,1,2912,1928.1,0,1,2987,8700,1
RF02540,5wfs,A,1,2903,1855.5,0,1,2987,00bac0,1
RF02540,6xdq,a,1,2903,1863,0,1,2987,93c090,1
RF02540,6gxm,A,1,2903,1859.3,0,1,2987,0003c0,1
RF02540,7k00,a,1,2903,1860.2,0,1,2987,0003c0,1
RF02540,6pcr,I,1,2903,1860.2,0,1,2987,93c090,1
RF02540,6wd2,1,1,2903,1860.3,0,1,2987,93c090,1
RF02540,6otr,YA,1,2912,1928.1,0,1,2987,0003c0,1
RF02540,4v8o,BA,1,2913,1922.9,0,1,2987,8700,1
RF02540,6xqe,2A,1,2912,1928.1,0,1,2987,c00f0f,1
RF02540,7o5b,X,2,2887,1990.7,0,1,2987,93c090,1
RF02540,6yst,A,1,2903,1856.9,0,1,2987,8e2511,1
RF02540,6wdi,1,1,2903,1860.3,0,1,2987,8700,1
RF02540,4v8u,DA,1,2913,1928.1,0,1,2987,bdc000,1
RF02540,3jq4,A,1,2878,1906.5,0,1,2987,8700,1
RF02540,1j5a,A,1,2878,1906.5,0,1,2987,8484c0,1
RF02540,4v87,AA,1,2912,1926.8,0,1,2987,93c090,1
RF02540,4ug0,L5,1267,4755,823.1,8.30E-263,1,2987,8700,1
RF02540,5j7l,DA,1,2903,1860.2,0,1,2987,ff87fa,1
RF02540,1k8a,A,1,2922,2791,0,1,2987,c00f0f,1
RF02540,2zjp,X,1,2878,1906.5,0,1,2987,ff87a4,1
RF02540,7pwg,1,1,2578,839.2,3.20E-268,130,2987,bdc000,1
RF02540,6tbv,23S1,1,2897,1863.1,0,1,2987,c00f0f,1
RF02540,7bv8,A,1,2903,1859.9,0,1,2987,1fc01f,1
RF02540,4tud,RA,1,2912,1928.1,0,1,2987,c00f0f,1
RF02540,5a9z,AA,1,2889,1917.6,0,1,2987,ebeb30,1
RF02540,4v9r,BA,1,2912,1928.1,0,1,2987,0003c0,1
RF02540,1fg0,A,1,602,626.3,6.10E-201,2125,2724,c00f0f,1
RF02540,5nrg,X,1,2923,1989,0,1,2987,bdc000,1
RF02540,6ole,t,1,3372,1175.1,0,130,2987,c00f0f,1
RF02540,6of6,RA,1,2912,1928.1,0,1,2987,c0af92,1
RF02540,6ouo,1,1,2903,1860.6,0,1,2987,8e2511,1
RF02540,7u2j,2A,1,2912,1928.1,0,1,2987,ebeb30,1
RF02540,1mms,C,1,58,56.7,3.70E-20,1178,1235,f29242,1
RF02540,5j4d,B,1,2880,1924.8,0,1,2987,1fc01f,1
RF02540,6tnu,BQ,1,3043,1496.3,0,130,2987,0064f4,1
RF02540,7oi8,A,771,1559,300.6,1.40E-96,1423,2908,8484c0,1
RF02540,6om6,1,1,2903,1863,0,1,2987,c0af92,1
RF02540,7s0s,C,1,3120,1837.3,0,1,2987,454545,1
RF02540,7osa,25S,1,3198,1508.4,0,130,2987,1fc01f,1
RF02540,6gq1,1,1,3198,1506.3,0,130,2987,c00f0f,1
RF02540,3jaj,5,1,3431,1148.6,0,130,2987,8e2511,1
RF02540,5d8h,A,1,74,78.9,3.90E-27,1168,1241,1fc01f,1
RF02540,6wdc,1,1,2903,1860.3,0,1,2987,0003c0,1
RF02540,6xu8,A5,1,3435,1250,0,130,2987,ff87a4,1
RF02540,5el7,1H,1,2914,1927.8,0,1,2987,ff87a4,1
RF02540,7cpv,L5,1069,4404,923.2,8.50E-295,1,2987,8.59E+09,1
RF02540,4u4u,5,1,3198,1506.3,0,130,2987,c008ae,1
RF02540,4v8h,BA,1,2910,1929,0,1,2987,8e2511,1
RF02540,6bok,B,1,2880,1924.8,0,1,2987,00bac0,1
RF02540,4wzo,14,1,2914,1927.8,0,1,2987,454545,1
RF02540,7pib,3,1,2907,1792.4,0,1,2987,ebeb30,1
RF02540,5xym,A,1,3127,1847.4,0,1,2987,8484c0,1
RF02540,1vy6,DA,1,2912,1928.1,0,1,2987,ff87a4,1
RF02540,4w2i,BA,1,2912,1928.1,0,1,2987,ff87a4,1
RF02540,4v7m,DA,1,2912,1928.1,0,1,2987,8.59E+09,1
RF02540,6lu8,2,1267,4755,823.3,7.20E-263,1,2987,0064f4,1
RF02540,1w2b,0,1,2922,2791,0,1,2987,bdc000,1
RF02540,4p6f,RA,1,2912,1928.1,0,1,2987,c008ae,1
RF02540,7u2j,1A,1,2912,1928.1,0,1,2987,bdc000,1
RF02540,5lyb,5,1,3196,1506.5,0,130,2987,8.59E+09,1
RF02540,4y4o,2A,1,2912,1928.1,0,1,2987,bdc000,1
RF02540,4v90,BA,1,2913,1923.1,0,1,2987,00bac0,1
RF02540,4v8u,BA,1,2913,1928.1,0,1,2987,8.59E+09,1
RF02540,6qnr,14,1,2914,1927.8,0,1,2987,ff87a4,1
RF02540,7q0r,1,1,3191,1475.7,0,130,2987,ff87fa,1
RF02540,4v49,B0,1,2885,1889.8,0,1,2987,c008ae,1
RF02540,5uyl,1,1,2903,1860.3,0,1,2987,0003c0,1
RF02540,1vq8,0,1,2922,2791,0,1,2987,c0af92,1
RF02540,4v83,DA,1,2879,1925.5,0,1,2987,f29242,1
RF02540,6czr,1A,1,2913,1928.1,0,1,2987,ff87fa,1
RF02540,1k01,A,1,2878,1906.5,0,1,2987,f29242,1
RF02540,6y69,A,1,2903,1854.4,0,1,2987,ff87fa,1
RF02540,4ujc,A2,1247,4714,823.5,5.90E-263,1,2987,1fc01f,1
RF02540,5el6,14,1,2912,1926.8,0,1,2987,c00f0f,1
RF02540,7qv3,V,3,2928,1997.1,0,1,2987,8e2511,1
RF02540,7ssl,1,1,2903,1860.3,0,1,2987,c008ae,1
RF02540,6vz2,a,1,2903,1863,0,1,2987,1fc01f,1
RF02540,4v9o,AA,1,2903,1862.6,0,1,2987,454545,1
RF02540,5e7k,14,1,2914,1927.8,0,1,2987,0064f4,1
RF02540,7pkt,7,1,578,225.7,4.20E-73,1734,2501,8484c0,1
RF02540,6t83,Aa,1,3198,1506.3,0,130,2987,0003c0,1
RF02540,1kqs,0,1,2922,2791,0,1,2987,454545,1
RF02540,4wpo,AA,1,2912,1928.1,0,1,2987,ff87fa,1
RF02540,7oia,A,771,1559,300.6,1.40E-96,1423,2908,ebeb30,1
RF02540,7rqb,1A,1,2912,1928.1,0,1,2987,c008ae,1
RF02540,7rqd,2A,1,2912,1928.1,0,1,2987,8.59E+09,1
RF02540,7o7z,B5,1212,4500,910.5,9.90E-291,1,2987,c008ae,1
RF02540,5oom,A,771,1559,300.6,1.40E-96,1423,2908,1fc01f,1
RF02540,4ioc,X,1,2878,1906.5,0,1,2987,ff87fa,1
RF02540,6ysu,A,1,2903,1856.9,0,1,2987,0064f4,1
RF02540,4uje,A2,1247,4714,823.5,5.90E-263,1,2987,8484c0,1
RF02540,6bz8,YA,1,2912,1928.1,0,1,2987,0003c0,1
RF02540,4lfz,RA,1,2913,1928.1,0,1,2987,454545,1
RF02540,4wro,1H,1,2914,1927.8,0,1,2987,1fc01f,1
RF02540,6spd,A,2,2888,1892.5,0,1,2987,f29242,1
RF02540,6gz4,A2,1,3383,1229.6,0,130,2987,0064f4,1
RF02540,7odt,A,771,1559,300.6,1.40E-96,1423,2908,8484c0,1
RF02540,5ady,B,1,2903,1862.6,0,1,2987,c00f0f,1
RF02540,6qdw,b,1,2906,1858.6,0,1,2987,1fc01f,1
RF02540,4u4n,1,1,3198,1506.3,0,130,2987,ff87fa,1
RF02540,7a18,X,1,2699,1769.6,0,1,2987,93c090,1
RF02540,5j8b,A,1,2912,1928.1,0,1,2987,8700,1
RF02540,7ohw,1,1,3198,1506.3,0,130,2987,1fc01f,1
RF02540,4v4g,JB,1,2825,1840.4,0,1,2987,8.59E+09,1
RF02540,4v9n,DA,1,2879,1925.2,0,1,2987,93c090,1
RF02540,4v70,BA,1,2903,1862.6,0,1,2987,ff87fa,1
RF02540,5j5b,CA,1,2903,1860.2,0,1,2987,8e2511,1
RF02540,4v5z,B0,1,2899,1395.1,0,154,2973,8e2511,1
RF02540,5dgf,5,1,3198,1506.3,0,130,2987,bdc000,1
RF02540,7phb,3,1,2907,1792.4,0,1,2987,ff87fa,1
RF02540,7k50,1,1,2903,1860.3,0,1,2987,8.59E+09,1
RF02540,1njn,0,1,2878,1906.5,0,1,2987,8700,1
RF02540,1y69,0,1,2878,1906.5,0,1,2987,c0af92,1
RF02540,4zsn,RA,1,2913,1928.1,0,1,2987,c0af92,1
RF02540,6wdj,1,1,2903,1860.3,0,1,2987,8484c0,1
RF02540,6o3m,RA,1,2912,1928.1,0,1,2987,8e2511,1
RF02540,5hau,1A,1,2912,1928.1,0,1,2987,c008ae,1
RF02540,6wdg,1,1,2903,1860.3,0,1,2987,1fc01f,1
RF02540,5o61,A,1,3120,1842.4,0,1,2987,ebeb30,1
RF02540,4u20,BA,1,2903,1862.6,0,1,2987,93c090,1
RF02540,1kc8,A,1,2922,2791,0,1,2987,ff87a4,1
RF02540,3jbv,b,1,2903,1862.6,0,1,2987,8700,1
RF02540,7qws,5,1204,4450,921.2,3.70E-294,1,2987,c00f0f,1
RF02540,6th6,BA,9,3037,2965.5,0,1,2987,8.59E+09,1
RF02540,4v4z,BA,1,2914,1908.7,0,1,2987,ff87a4,1
RF02540,6ztl,BA,1,2903,1862.6,0,1,2987,00bac0,1
RF02540,6q98,1,1,2903,1860.6,0,1,2987,ff87a4,1
RF02540,6i9r,A,770,1557,298.6,6.30E-96,1423,2908,00bac0,1
RF02540,5dat,1,1,3198,1506.3,0,130,2987,0003c0,1
RF02540,6tb3,BQ,1,3082,1526.9,0,130,2987,ebeb30,1
RF02540,4xej,A23S,1,2879,1925.5,0,1,2987,c00f0f,1
RF02540,6s47,AA,1,2951,1501,0,130,2987,bdc000,1
RF02540,4v5c,DA,1,2819,1846.6,0,1,2987,c0af92,1
RF02540,4v6e,BA,1,2903,1862.6,0,1,2987,f29242,1
RF02540,3cxc,0,1,2922,2791,0,1,2987,0003c0,1
RF02540,5t5h,B,1,895,430.1,4.10E-138,1728,2987,bdc000,1
RF02540,4wqf,CA,1,2912,1928.1,0,1,2987,bdc000,1
RF02540,6wd5,1,1,2903,1860.3,0,1,2987,ff87a4,1
RF02540,4v48,A0,1,2903,1862.6,0,1,2987,8484c0,1
RF02540,1vql,0,1,2922,2791,0,1,2987,93c090,1
RF02540,6gsl,1H,1,2914,1927.8,0,1,2987,8.59E+09,1
RF02540,6c4h,A,1,2903,1860.6,0,1,2987,ebeb30,1
RF02540,5j4d,GB,1,2880,1924.8,0,1,2987,00bac0,1
RF02540,4v8z,B5,1,3198,1506.3,0,130,2987,ff87fa,1
RF02540,3jcn,A,1,2903,1862.6,0,1,2987,8700,1
RF02540,6dnc,B,1,2903,1859.3,0,1,2987,8e2511,1
RF02540,4v79,BA,1,2903,1862.6,0,1,2987,c0af92,1
RF02540,6n8m,A,1,3198,1506.3,0,130,2987,8e2511,1
RF02540,7rq9,2A,1,2912,1928.1,0,1,2987,bdc000,1
RF02540,6sgc,54,1,3386,1227.2,0,130,2987,ff87fa,1
RF02540,6xii,a,1,2903,1863,0,1,2987,ff87a4,1
RF02540,7s1k,I,1,2903,1858.5,0,1,2987,ebeb30,1
RF02540,1qvf,0,1,2922,2791,0,1,2987,93c090,1
RF02540,6vyy,a,1,2903,1863,0,1,2987,0003c0,1
RF02540,4v88,A1,1,3198,1506.3,0,130,2987,ff87a4,1
RF02540,3cce,0,1,2923,2795.5,0,1,2987,bdc000,1
RF02540,6gc7,A,1,2903,1862.6,0,1,2987,8e2511,1
RF02540,4v6m,B8,1,2903,1862.6,0,1,2987,f29242,1
RF02540,7rq8,1A,1,2912,1928.1,0,1,2987,c0af92,1
RF02540,7jt3,1,1,2903,1860.3,0,1,2987,c008ae,1
RF02540,7qgh,N,1,2903,1862.6,0,1,2987,bdc000,1
RF02540,5m1j,14,1,3198,1506.3,0,130,2987,00bac0,1
RF02540,1q81,A,1,2922,2791,0,1,2987,ebeb30,1
RF02540,6x7f,a,1,2903,1863,0,1,2987,ebeb30,1
RF02540,7jsw,1,1,2903,1860.3,0,1,2987,93c090,1
RF02540,3j6x,2S,1,3197,1506.6,0,130,2987,00bac0,1
RF02540,4lsk,RA,1,2913,1928.1,0,1,2987,c0af92,1
RF02540,4v8d,BA,1,2912,1926.8,0,1,2987,1fc01f,1
RF02540,7ryh,A,7,2899,1884.4,0,1,2987,bdc000,1
RF02540,5anb,N,1,3587,1382,0,130,2987,c008ae,1
RF02540,6enj,A,1,2903,1856,0,1,2987,8.59E+09,1
RF02540,6buw,YA,1,2912,1928.1,0,1,2987,0003c0,1
RF02540,6n8j,1,1,3198,1506.3,0,130,2987,1fc01f,1
RF02540,5i4l,1,1,3198,1506.3,0,130,2987,bdc000,1
RF02540,6buw,RA,1,2912,1928.1,0,1,2987,c008ae,1
RF02540,4v4i,w,1,2889,1933.6,0,1,2987,93c090,1
RF02540,5d6g,0,1,74,78.9,3.90E-27,1168,1241,0064f4,1
RF02540,4v7m,BA,1,2912,1928.1,0,1,2987,bdc000,1
RF02540,4v84,BA,1,2879,1925.5,0,1,2987,1fc01f,1
RF02540,4v9i,BA,1,2913,1924.5,0,1,2987,8e2511,1
RF02540,7qep,1,5,2456,1153,0,16,2975,1fc01f,1
RF02540,6otr,RA,1,2912,1928.1,0,1,2987,0003c0,1
RF02540,5doy,2A,1,2912,1928.1,0,1,2987,8e2511,1
RF02540,6gzx,A2,1,2912,1926.8,0,1,2987,ff87fa,1
RF02540,6cb1,1,1,3198,1491.1,0,130,2987,ff87a4,1
RF02540,7og4,XA,771,1561,298.9,5.00E-96,1423,2910,0064f4,1
RF02540,5afi,A,1,2903,1856.9,0,1,2987,bdc000,1
RF02540,6orl,1,1,2903,1860.6,0,1,2987,c0af92,1
RF02540,4v8p,D1,1,3164,1441.7,0,130,2987,8.59E+09,1
RF02540,6mte,5,1,3380,1223.2,0,130,2987,f29242,1
RF02540,5fci,5,1,3198,1506.3,0,130,2987,0064f4,1
RF02540,7pan,3,1,2907,1792.4,0,1,2987,ff87a4,1
RF02540,3j79,A,1,3558,1185.8,0,130,2987,bdc000,1
RF02540,7mt2,A,1,3138,1857.8,0,1,2987,1fc01f,1
RF02540,6ope,RA,1,2912,1928.1,0,1,2987,bdc000,1
RF02540,7qgn,N,1,2903,1862.6,0,1,2987,00bac0,1
RF02540,3jbp,AA,1,2997,1188.3,0,149,2987,f29242,1
RF02540,6pc8,I,1,2903,1860.2,0,1,2987,8.59E+09,1
RF02540,6boh,B,1,2880,1924.8,0,1,2987,1fc01f,1
RF02540,6wd0,1,1,2903,1860.3,0,1,2987,8484c0,1
RF02540,4v4x,BA,1,2914,1908.7,0,1,2987,8.59E+09,1
RF02540,6zm7,L5,1267,4752,823.6,5.50E-263,1,2987,ebeb30,1
RF02540,4wsm,14,1,2914,1927.8,0,1,2987,8484c0,1
RF02540,7oi9,A,771,1559,300.6,1.40E-96,1423,2908,ff87a4,1
RF02540,6i7v,CA,1,2903,1862.6,0,1,2987,1fc01f,1
RF02540,4v74,BA,1,2903,1862.6,0,1,2987,454545,1
RF02540,6yws,A,167,3445,618.4,1.20E-197,1,2987,ebeb30,1
RF02540,5wit,1A,1,2912,1928.1,0,1,2987,ff87fa,1
RF02540,6wd6,1,1,2903,1860.3,0,1,2987,ff87a4,1
RF02540,6bz8,RA,1,2912,1928.1,0,1,2987,c0af92,1
RF02540,1nwx,0,1,2878,1906.5,0,1,2987,ff87a4,1
RF02540,6s12,A,1,2905,1977.8,0,1,2987,8.59E+09,1
RF02540,7rqe,1A,1,2912,1928.1,0,1,2987,8e2511,1
RF02540,4v9r,DA,1,2912,1928.1,0,1,2987,f29242,1
RF02540,3jai,5,1,3431,1148.6,0,130,2987,0064f4,1
RF02540,7pic,3,1,2907,1792.4,0,1,2987,8.59E+09,1
RF02540,7oif,1,1,2903,1860.6,0,1,2987,8e2511,1
RF02540,6x6t,a,1,2903,1863,0,1,2987,93c090,1
RF02540,4v9p,EA,1,2903,1862.6,0,1,2987,454545,1
RF02540,7a5i,A3,771,1559,300.6,1.40E-96,1423,2908,ff87fa,1
RF02540,3ja1,LA,1,2903,1855.4,0,1,2987,f29242,1
RF02540,4v5d,DA,1,2819,1846.6,0,1,2987,ff87a4,1
RF02540,7ttw,1,1,2923,1997.8,0,1,2987,c00f0f,1
RF02540,6wd1,1,1,2903,1860.3,0,1,2987,ebeb30,1
RF02540,6xu7,A5,1,3706,1194,0,130,2987,c00f0f,1
RF02540,6az3,1,1,1778,449.8,4.10E-144,144,1734,ff87a4,1
RF02540,7n30,23,1,2903,1860.2,0,1,2987,8484c0,1
RF02540,6o8y,A,2,2903,1975.2,0,1,2987,0003c0,1
RF02540,4lt8,YA,1,2913,1928.1,0,1,2987,bdc000,1
RF02540,2ogm,0,1,2878,1906.5,0,1,2987,c0af92,1
RF02540,4v7j,AA,1,2848,1828.7,0,1,2987,8.59E+09,1
RF02540,6wyv,I,1,2903,1860.2,0,1,2987,454545,1
RF02540,7tos,23S,1,2903,1860.3,0,1,2987,0064f4,1
RF02540,7s9u,A,3,2928,1998.1,0,1,2987,ff87fa,1
RF02540,5el5,1H,1,2912,1926.8,0,1,2987,00bac0,1
RF02540,4u24,DA,1,2903,1862.6,0,1,2987,ff87fa,1
RF02540,4u52,5,1,3198,1506.3,0,130,2987,0064f4,1
RF02540,3ccv,0,1,2923,2795.5,0,1,2987,8e2511,1
RF02540,4u67,X,1,2878,1906.5,0,1,2987,454545,1
RF02540,7nwt,1,1,2903,1860.6,0,1,2987,c008ae,1
RF02540,4wqf,AA,1,2912,1928.1,0,1,2987,c00f0f,1
RF02540,5v7q,A,1,3138,1857.8,0,1,2987,8.59E+09,1
RF02540,4wt8,C1,1,2899,1831.8,0,1,2987,ff87fa,1
RF02540,6cfj,1A,1,2912,1928.1,0,1,2987,ff87a4,1
RF02540,6zsc,XA,771,1561,300,2.20E-96,1423,2910,ebeb30,1
RF02540,6ha1,A,3,2928,1997.9,0,1,2987,454545,1
RF02540,7nhm,A,1,2923,1993.9,0,1,2987,00bac0,1
RF02540,5zlu,V,1,2875,1906.7,0,1,2987,bdc000,1
RF02540,6n9e,1A,1,2912,1928.1,0,1,2987,1fc01f,1
RF02540,5hcp,1A,1,2912,1928.1,0,1,2987,1fc01f,1
RF02540,5uyp,1,1,2903,1860.3,0,1,2987,f29242,1
RF02540,4u4n,5,1,3198,1506.3,0,130,2987,1fc01f,1
RF02540,7nrd,LA,1,3196,1506.5,0,130,2987,1fc01f,1
RF02540,6fkr,2A,1,2901,1919.8,0,1,2987,0064f4,1
RF02540,6gqb,1,1,3198,1506.3,0,130,2987,8e2511,1
RF02540,4z8c,1A,1,2912,1928.1,0,1,2987,bdc000,1
RF02540,6z1p,Ab,1,2224,675.9,3.70E-216,399,2987,ebeb30,1
RF02540,6uo1,1A,1,2912,1928.1,0,1,2987,93c090,1
RF02540,5x8p,A,2,2810,1701.5,0,1,2885,c0af92,1
RF02540,4v9m,BA,1,2879,1925.5,0,1,2987,8.59E+09,1
RF02540,1vy7,BA,1,2912,1928.1,0,1,2987,ff87fa,1
RF02540,4v4s,BA,1,2914,1908.7,0,1,2987,f29242,1
RF02540,4v4h,BB,1,2903,1862.6,0,1,2987,8484c0,1
RF02540,7pai,3,1,2907,1792.4,0,1,2987,c0af92,1
RF02540,4v6k,AB,1,2903,1860.2,0,1,2987,c0af92,1
RF02540,5a8l,A,1247,4714,820.6,5.00E-262,1,2987,f29242,1
RF02540,4u3n,1,1,3198,1506.3,0,130,2987,0064f4,1
RF02540,4u4u,1,1,3198,1506.3,0,130,2987,0003c0,1
RF02540,5we6,A,1,2903,1855.5,0,1,2987,93c090,1
RF02540,5jus,B,1,3198,1506.3,0,130,2987,93c090,1
RF02540,4v5g,BA,1,2913,1928.1,0,1,2987,454545,1
RF02540,4v8i,DA,1,2912,1928.1,0,1,2987,0003c0,1
RF02540,6ywx,A,167,3445,618.4,1.20E-197,1,2987,ff87a4,1
RF02540,4tub,RA,1,2912,1928.1,0,1,2987,8700,1
RF02540,7azs,23SB,2,2911,1925.9,0,1,2987,ebeb30,1
RF02540,6gz3,A2,1,3383,1229.6,0,130,2987,8484c0,1
RF02540,5u4i,A,1,2903,1863,0,1,2987,0003c0,1
RF02540,5gak,1,1,3198,1506.3,0,130,2987,00bac0,1
RF02540,4u53,5,1,3198,1506.3,0,130,2987,c0af92,1
RF02540,5lzc,A,1,2903,1860.2,0,1,2987,8.59E+09,1
RF02540,4ypb,YA,1,2913,1928.1,0,1,2987,0064f4,1
RF02540,6wru,1,1,2923,1999.5,0,1,2987,ebeb30,1
RF02540,6hcj,51,1,3417,1220.8,0,130,2987,8484c0,1
RF02540,4lel,RA,1,2913,1928.1,0,1,2987,c0af92,1
RF02540,4wzd,1H,1,2914,1927.8,0,1,2987,454545,1
RF02540,7ssd,1,1,2903,1860.3,0,1,2987,0003c0,1
RF02540,4v78,BA,1,2903,1862.6,0,1,2987,0064f4,1
RF02540,6ore,1,1,2903,1860.6,0,1,2987,f29242,1
RF02540,4wro,14,1,2914,1927.8,0,1,2987,93c090,1
RF02540,5lks,L5,1267,4755,823.1,8.30E-263,1,2987,8e2511,1
RF02540,6gzz,A2,1,2912,1926.8,0,1,2987,ff87fa,1
RF02540,6gc4,A,1,2903,1862.6,0,1,2987,8700,1
RF02540,1m90,A,1,2922,2791,0,1,2987,8484c0,1
RF02540,4y4p,2A,1,2912,1928.1,0,1,2987,ff87a4,1
RF02540,6by1,CA,1,2903,1862.6,0,1,2987,ff87fa,1
RF02540,4v8p,F1,1,3164,1441.7,0,130,2987,454545,1
RF02540,7phc,3,1,2907,1792.4,0,1,2987,0064f4,1
RF02540,3i56,0,1,2923,2798.2,0,1,2987,c00f0f,1
RF02540,1vy5,BA,1,2912,1928.1,0,1,2987,f29242,1
RF02540,4v73,BA,1,2903,1862.6,0,1,2987,0003c0,1
RF02540,3dg2,B,1,2903,1862.6,0,1,2987,c0af92,1
RF02540,6om0,t,1,3372,1175.1,0,130,2987,8.59E+09,1
RF02540,5nco,A,1,2903,1862.6,0,1,2987,1fc01f,1
RF02540,7pak,3,1,2907,1792.4,0,1,2987,ff87fa,1
RF02540,5lzw,5,1,3326,1195.9,0,130,2987,454545,1
RF02540,6bz7,YA,1,2912,1928.1,0,1,2987,c00f0f,1
RF02540,7d80,A,1,2903,1862.6,0,1,2987,454545,1
RF02540,4v9f,0,1,2910,2786.1,0,12,2978,f29242,1
RF02540,4v65,BB,1,2903,1862.6,0,1,2987,454545,1
RF02540,4v9d,DA,1,2903,1862.6,0,1,2987,bdc000,1
RF02540,6nd6,1A,1,2912,1928.1,0,1,2987,ff87a4,1
RF02540,4v7l,DA,1,2912,1928.1,0,1,2987,f29242,1
RF02540,4v8e,CA,1,2912,1926.8,0,1,2987,ff87fa,1
RF02540,4v9l,BA,1,2879,1925.5,0,1,2987,8484c0,1
RF02540,7n2c,23,1,2903,1860.2,0,1,2987,ff87fa,1
RF02540,6x9q,a,1,2903,1863,0,1,2987,bdc000,1
RF02540,7a5k,8,771,1559,300.6,1.40E-96,1423,2908,8700,1
RF02540,6ddg,1,1,2923,1996.7,0,1,2987,0003c0,1
RF02540,4v9j,DA,1,2879,1925.5,0,1,2987,ff87a4,1
RF02540,5hau,2A,1,2912,1928.1,0,1,2987,1fc01f,1
RF02540,6nta,RA,1,2912,1928.1,0,1,2987,8e2511,1
RF02540,6ppk,A,1,2927,1995.7,0,1,2987,bdc000,1
RF02540,6vys,a,1,2903,1863,0,1,2987,ebeb30,1
RF02540,3j0o,2,1,111,70.1,3.70E-24,1953,2064,8.59E+09,1
RF02540,7f5s,L5,1267,4755,821.2,3.30E-262,1,2987,00bac0,1
RF02540,4v8b,DA,1,2912,1926.8,0,1,2987,ff87fa,1
RF02540,4v5f,DA,1,2913,1928.1,0,1,2987,c008ae,1
RF02540,5lzb,A,1,2903,1860.2,0,1,2987,ff87a4,1
RF02540,5t62,A,1,3198,1506.3,0,130,2987,ff87a4,1
RF02540,6zm5,A,771,1561,298.9,5.00E-96,1423,2910,bdc000,1
RF02540,6gsj,14,1,2914,1927.8,0,1,2987,bdc000,1
RF02540,6fkr,1A,1,2901,1919.8,0,1,2987,ff87fa,1
RF02540,5we4,A,1,2903,1855.5,0,1,2987,454545,1
RF02540,6xhx,2A,1,2912,1928.1,0,1,2987,8e2511,1
RF02540,4v6a,BA,1,2912,1928.1,0,1,2987,8e2511,1
RF02540,7qi4,A,768,1558,298.9,5.00E-96,1423,2910,454545,1
RF02540,4u24,BA,1,2903,1862.6,0,1,2987,1fc01f,1
RF02540,6zj3,LI,1,610,218.6,8.50E-71,2255,2716,0003c0,1
RF02540,6wdk,1,1,2903,1860.3,0,1,2987,c0af92,1
RF02540,7nwg,51,1,3552,1198,0,130,2987,f29242,1
RF02540,6s0z,A,1,2905,1977.8,0,1,2987,c008ae,1
RF02540,5j91,DA,1,2903,1858.9,0,1,2987,00bac0,1
RF02540,6ogg,1,1,2903,1860.3,0,1,2987,0064f4,1
RF02540,5dm6,X,1,2878,1910.4,0,1,2987,00bac0,1
RF02540,4v8a,AA,1,2912,1924.8,0,1,2987,93c090,1
RF02540,5ndw,1,1,3198,1506.3,0,130,2987,c008ae,1
RF02540,4w2g,BA,1,2912,1928.1,0,1,2987,c0af92,1
RF02540,6nsh,RA,1,2912,1928.1,0,1,2987,bdc000,1
RF02540,4www,RA,1,2903,1862.6,0,1,2987,ff87a4,1
RF02540,3j92,5,1,3433,1143.5,0,130,2987,8e2511,1
RF02540,5jvh,X,1,2878,1906.5,0,1,2987,bdc000,1
RF02540,7nql,BA,76,1460,288.4,1.10E-92,1,2987,8700,1
RF02540,7ohr,1,1,3198,1506.3,0,130,2987,8700,1
RF02540,4v50,BB,1,2903,1862.6,0,1,2987,93c090,1
RF02540,3jbn,AA,1,2997,1188.3,0,149,2987,0003c0,1
RF02540,5hcr,1A,1,2912,1928.1,0,1,2987,c0af92,1
RF02540,7pas,3,1,2907,1792.4,0,1,2987,c00f0f,1
RF02540,6wde,1,1,2903,1860.3,0,1,2987,0064f4,1
RF02540,5ib8,14,1,2914,1927.8,0,1,2987,c00f0f,1
RF02540,3j9z,LA,1,2903,1862.7,0,1,2987,8700,1
RF02540,7nbu,a,1,2903,1859.3,0,1,2987,bdc000,1
RF02540,4v4b,B3,12,2999,2698.9,0,16,2975,8e2511,1
RF02540,4u52,1,1,3198,1506.3,0,130,2987,0003c0,1
RF02540,4v8x,BA,1,2848,1828.7,0,1,2987,8e2511,1
RF02540,4v8a,BA,1,2912,1924.8,0,1,2987,8.59E+09,1
RF02540,6t83,1b,1,3198,1506.3,0,130,2987,c0af92,1
RF02540,7l20,A,771,1559,300.6,1.40E-96,1423,2908,8e2511,1
RF02540,7l08,A,771,1559,300.6,1.40E-96,1423,2908,c00f0f,1
RF02540,6skg,BA,9,3037,2961.8,0,1,2987,ff87fa,1
RF02540,7qwq,5,1204,4450,921.2,3.70E-294,1,2987,00bac0,1
RF02540,5njt,U,1,2923,1992.8,0,1,2987,454545,1
RF02540,6sv4,YQ,1,3198,1506.3,0,130,2987,00bac0,1
RF02540,6hma,A,1,2923,1996.7,0,1,2987,c0af92,1
RF02540,6cae,1A,1,2912,1928.1,0,1,2987,1fc01f,1
RF02540,7ot5,1,1,2903,1860.6,0,1,2987,1fc01f,1
RF02540,6enf,A,1,2903,1854.4,0,1,2987,00bac0,1
RF02540,4v54,DB,1,2903,1862.6,0,1,2987,8.59E+09,1
RF02540,3dg4,B,1,2903,1862.6,0,1,2987,c008ae,1
RF02540,6dzi,A,1,3119,1840.2,0,1,2987,0064f4,1
RF02540,4v54,BB,1,2903,1862.6,0,1,2987,ff87fa,1
RF02540,6vu3,a,1,2903,1863,0,1,2987,1fc01f,1
RF02540,5uq7,A,1,2912,1928.1,0,1,2987,8484c0,1
RF02540,7asp,Y,1,2923,1989,0,1,2987,f29242,1
RF02540,7odr,A,1,1454,291.9,9.10E-94,684,2987,ff87fa,1
RF02540,7pjx,A,1,2903,1857.3,0,1,2987,8700,1
RF02540,7oii,1,1,2903,1860.6,0,1,2987,c008ae,1
RF02540,1n8r,A,1,2922,2791,0,1,2987,8700,1
RF02540,2qex,0,1,2772,2624,0,1,2987,0003c0,1
RF02540,5ndj,1H,1,2914,1927.8,0,1,2987,c008ae,1
RF02540,4v6w,A5,1,3702,1197.2,0,130,2987,ff87a4,1
RF02540,4v9l,DA,1,2879,1925.5,0,1,2987,8484c0,1
RF02540,1r2x,C,1,58,56.7,3.70E-20,1178,1235,93c090,1
RF02540,4l71,YA,1,2913,1928.1,0,1,2987,8.59E+09,1
RF02540,4v5b,CB,1,2903,1862.6,0,1,2987,ebeb30,1
RF02540,7bl5,A,7,2910,1868.5,0,1,2987,c0af92,1
RF02540,5ool,A,771,1559,300.6,1.40E-96,1423,2908,bdc000,1
RF02540,1nji,A,1,2922,2791,0,1,2987,8e2511,1
RF02540,4ce4,A,76,1459,291.3,1.40E-93,1,2987,454545,1
RF02540,4l47,YA,1,2913,1928.1,0,1,2987,ff87fa,1
RF02540,6cfk,2A,1,2912,1928.1,0,1,2987,ff87fa,1
RF02540,4p6f,YA,1,2912,1928.1,0,1,2987,ff87a4,1
RF02540,5lyb,1,1,3196,1506.5,0,130,2987,ff87a4,1
RF02540,5gah,A,1,2903,1862.6,0,1,2987,f29242,1
RF02540,6xhy,2A,1,2912,1928.1,0,1,2987,ebeb30,1
RF02540,3jag,5,1,3431,1148.6,0,130,2987,93c090,1
RF02540,4v55,BB,1,2903,1862.6,0,1,2987,bdc000,1
RF02540,5j8a,CA,1,2903,1858.9,0,1,2987,8484c0,1
RF02540,4v5r,BA,1,2913,1922.9,0,1,2987,8484c0,1
RF02540,5fl8,x,1,2779,1213.9,0,130,2508,f29242,1
RF02540,6ot3,1,1,2903,1860.6,0,1,2987,1fc01f,1
RF02540,1m1k,A,1,2922,2791,0,1,2987,c0af92,1
RF02540,4u1u,DA,1,2903,1862.6,0,1,2987,8700,1
RF02540,5wit,2A,1,2912,1928.1,0,1,2987,ebeb30,1
RF02540,3jcs,4,25,180,77.3,3.30E-26,2726,2880,8.59E+09,1
RF02540,3ccl,0,1,2923,2795.7,0,1,2987,00bac0,1
RF02540,5uyn,1,1,2903,1860.3,0,1,2987,bdc000,1
RF02540,5f8k,2A,1,2912,1928.1,0,1,2987,ebeb30,1
RF02540,6mtb,5,1,3380,1223.2,0,130,2987,ff87fa,1
RF02540,1ffz,A,1,602,626.3,6.10E-201,2125,2724,ff87fa,1
RF02540,4v7k,AA,1,2848,1828.7,0,1,2987,8484c0,1
RF02540,4v7h,B5,1,2960,1495.3,0,130,2987,bdc000,1
RF02540,6n8o,A,1,3198,1506.3,0,130,2987,8484c0,1
RF02540,4u4y,5,1,3198,1506.3,0,130,2987,0064f4,1
RF02540,5uym,1,1,2903,1860.3,0,1,2987,f29242,1
RF02540,3i55,0,1,2923,2800.2,0,1,2987,c00f0f,1
RF02540,7nfx,5,1,3262,1106.1,0,130,2987,8e2511,1
RF02540,4v7c,BA,1,2903,1862.6,0,1,2987,8.59E+09,1
RF02540,6gz5,A2,1,3383,1229.6,0,130,2987,93c090,1
RF02540,6gc8,A,1,2903,1862.6,0,1,2987,f29242,1
RF02540,5lzy,5,1,3326,1195.9,0,130,2987,c00f0f,1
RF02540,2rdo,B,1,2903,1862.6,0,1,2987,454545,1
RF02540,4v7k,BA,1,2848,1828.7,0,1,2987,8484c0,1
RF02540,5ib7,14,1,2914,1927.8,0,1,2987,0064f4,1
RF02540,6vz3,a,1,2903,1856.8,0,1,2987,454545,1
RF02540,7jsz,1,1,2903,1860.3,0,1,2987,ff87a4,1
RF02540,4v8m,BA,1,1847,435.7,1.30E-139,148,1628,454545,1
RF02540,3ccs,0,1,2923,2796.4,0,1,2987,0064f4,1
RF02540,6ogf,1,1,2903,1860.3,0,1,2987,8700,1
RF02540,7pha,3,1,2907,1792.4,0,1,2987,454545,1
RF02540,7q08,1,1,3191,1475.7,0,130,2987,ff87a4,1
RF02540,7ls1,A2,1068,4405,917.5,5.50E-293,1,2987,c00f0f,1
RF02540,4v5q,BA,1,2913,1922.9,0,1,2987,f29242,1
RF02540,5xy3,1,1,2763,1501.3,0,130,2987,8700,1
RF02540,6osk,1,1,2903,1860.6,0,1,2987,8484c0,1
RF02540,7nwh,5,1,3470,1167.2,0,130,2987,1fc01f,1
RF02540,7lvk,I,1,2903,1858.5,0,1,2987,93c090,1
RF02540,4v5c,BA,1,2819,1846.6,0,1,2987,0003c0,1
RF02540,4w2h,BA,1,2912,1928.1,0,1,2987,93c090,1
RF02540,7unr,A,1,2890,1898.2,0,1,2987,ff87fa,1
RF02540,1r2w,C,1,58,56.7,3.70E-20,1178,1235,8700,1
RF02540,3cc7,0,1,2923,2797.2,0,1,2987,00bac0,1
RF02540,4v9b,DA,1,2912,1926.8,0,1,2987,ebeb30,1
RF02540,7o9m,A,771,1559,300.6,1.40E-96,1423,2908,0064f4,1
RF02540,7pjz,A,1,2903,1857.3,0,1,2987,bdc000,1
RF02540,4ybb,CA,1,2903,1858.9,0,1,2987,f29242,1
RF02540,7sso,1,1,2903,1860.3,0,1,2987,ff87a4,1
RF02540,2d3o,0,1,2878,1906.5,0,1,2987,8e2511,1
RF02540,1kd1,A,1,2922,2791,0,1,2987,c008ae,1
RF02540,3j9y,A,1,2903,1856.9,0,1,2987,00bac0,1
RF02540,7rqc,1A,1,2912,1928.1,0,1,2987,93c090,1
RF02540,7b7d,LA,1,3082,1526.9,0,130,2987,454545,1
RF02540,6nd5,2A,1,2912,1928.1,0,1,2987,c0af92,1
RF02540,5gae,A,1,2903,1862.6,0,1,2987,1fc01f,1
RF02540,4v4w,B0,1,2740,1925.3,0,17,2987,8.59E+09,1
RF02540,5kpv,27,1,2903,1859.3,0,1,2987,00bac0,1
RF02540,4v9p,CA,1,2903,1862.6,0,1,2987,ff87a4,1
RF02540,6qkl,N,1,3587,1382,0,130,2987,8700,1
RF02540,7rqa,2A,1,2912,1928.1,0,1,2987,93c090,1
RF02540,4v6q,BB,1,2903,1860.2,0,1,2987,8e2511,1
RF02540,1q7y,A,1,2922,2791,0,1,2987,8e2511,1
RF02540,4u1v,DA,1,2903,1862.6,0,1,2987,454545,1
RF02540,6lkq,t,1,2903,1862.6,0,1,2987,8e2511,1
RF02540,5j8a,DA,1,2903,1858.9,0,1,2987,0064f4,1
RF02540,4v7y,DA,1,2784,1814.7,0,1,2987,bdc000,1
RF02540,6q97,1,1,2903,1860.6,0,1,2987,8.59E+09,1
RF02540,6zme,L5,1267,4752,823.6,5.50E-263,1,2987,8.59E+09,1
RF02540,4v8c,AA,1,2912,1926.8,0,1,2987,bdc000,1
RF02540,7otc,A,1,2903,1860.8,0,1,2987,bdc000,1
RF02540,4v5d,BA,1,2819,1846.6,0,1,2987,1fc01f,1
RF02540,6em3,1,1,3198,1506.3,0,130,2987,0064f4,1
RF02540,5vpo,RA,1,2912,1928.1,0,1,2987,93c090,1
RF02540,4v6g,DA,1,2898,1923.2,0,1,2987,ff87fa,1
RF02540,4v8m,BB,1,1386,540.3,4.30E-173,1723,2987,ff87fa,1
RF02540,4v51,DA,1,2784,1814.7,0,1,2987,0064f4,1
RF02540,7a5g,A3,771,1559,300.6,1.40E-96,1423,2908,8700,1
RF02540,4v9d,CA,1,2903,1862.6,0,1,2987,8.59E+09,1
RF02540,4v6f,DA,1,2912,1926.8,0,1,2987,0003c0,1
RF02540,3j0p,2,1,111,70.1,3.70E-24,1953,2064,8e2511,1
RF02540,6ha8,A,3,2928,1997.9,0,1,2987,8700,1
RF02540,7ryf,A,7,2899,1884.4,0,1,2987,ff87fa,1
RF02540,4v8n,BA,1,2913,1928.1,0,1,2987,8484c0,1
RF02540,6n9f,2A,1,2912,1928.1,0,1,2987,c008ae,1
RF02540,6zj3,LF,1,527,95.7,1.30E-31,1045,1522,93c090,1
RF02540,6z6m,L5,1267,4755,823.3,7.20E-263,1,2987,0064f4,1
RF02540,7of6,A,771,1559,300.6,1.40E-96,1423,2908,454545,1
RF02540,6ppf,A,1,2927,1995.7,0,1,2987,1fc01f,1
RF02540,7oiz,a,1,2753,1695.9,0,1,2987,c00f0f,1
RF02540,7acj,1,1,2903,1860.6,0,1,2987,f29242,1
RF02540,4wqy,CA,1,2912,1928.1,0,1,2987,ff87fa,1
RF02540,4v8i,BA,1,2912,1928.1,0,1,2987,c008ae,1
RF02540,4v68,BA,1,2852,1921.6,0,1,2987,00bac0,1
RF02540,6oxi,RA,1,2912,1928.1,0,1,2987,bdc000,1
RF02540,4v6y,BA,1,2903,1862.6,0,1,2987,c0af92,1
RF02540,5j4c,1A,1,2912,1928.1,0,1,2987,8e2511,1
RF02540,6zj3,LC,1,320,67.8,6.70E-23,249,548,00bac0,1
RF02540,5v93,A,1,3138,1857.8,0,1,2987,454545,1
RF02540,6ztp,BA,1,2903,1862.6,0,1,2987,ff87fa,1
RF02540,7ssw,1,1,2903,1860.3,0,1,2987,93c090,1
RF02540,4v7r,B1,1,3198,1506.3,0,130,2987,8700,1
RF02540,7pjt,A,1,2903,1857.3,0,1,2987,ff87fa,1
RF02540,6wdb,1,1,2903,1860.3,0,1,2987,8700,1
RF02540,6wd9,1,1,2903,1860.3,0,1,2987,c00f0f,1
RF02540,4v88,A5,1,3198,1506.3,0,130,2987,c00f0f,1
RF02540,7azy,E,1,3198,1504.2,0,130,2987,0064f4,1
RF02540,6r6p,5,1,3431,1148.6,0,130,2987,8700,1
RF02540,6r5q,5,1,3326,1195.9,0,130,2987,0064f4,1
RF02540,6tpq,U,1,2924,1990.2,0,1,2987,454545,1
RF02540,4u56,5,1,3198,1506.3,0,130,2987,bdc000,1
RF02540,6ndk,RA,1,2912,1928.1,0,1,2987,c008ae,1
RF02540,3jce,A,1,2903,1862.6,0,1,2987,00bac0,1
RF02540,6wnw,4,1,3031,1767.8,0,1,2987,8484c0,1
RF02540,4lnt,RA,1,2913,1928.1,0,1,2987,454545,1
RF02540,6s05,A,1,3198,1506.3,0,130,2987,ff87a4,1
RF02540,5hcp,2A,1,2912,1928.1,0,1,2987,93c090,1
RF02540,7pjv,A,1,2903,1857.3,0,1,2987,c0af92,1
RF02540,6v3a,AN1,7,2899,1884.6,0,1,2987,ff87a4,1
RF02540,2ftc,R,176,1472,319.2,1.70E-102,1,2987,93c090,1
RF02540,6n9e,2A,1,2912,1928.1,0,1,2987,8700,1
RF02540,5lzd,A,1,2903,1860.2,0,1,2987,0003c0,1
RF02540,5tbw,1,1,2951,1501,0,130,2987,8e2511,1
RF02540,7of3,A,771,1559,300.6,1.40E-96,1423,2908,c0af92,1
RF02540,4v7p,BA,1,2879,1925.5,0,1,2987,c00f0f,1
RF02540,7qh6,A,771,1559,300.6,1.40E-96,1423,2908,ff87fa,1
RF02540,7aqc,A,1,2820,1900.8,0,1,2987,bdc000,1
RF02540,7qwr,5,1204,4450,921.2,3.70E-294,1,2987,ff87a4,1
RF02540,6gqv,1,1,3198,1506.3,0,130,2987,ff87fa,1
RF02540,1vqp,0,1,2922,2791,0,1,2987,00bac0,1
RF02540,1c04,E,1,58,50,5.10E-18,1178,1235,bdc000,1
RF02540,3dg0,B,1,2903,1862.6,0,1,2987,ebeb30,1
RF02540,5nwy,N,1,2903,1862.6,0,1,2987,bdc000,1
RF02540,6xir,1,1,3197,1506.6,0,130,2987,0064f4,1
RF02540,6ysi,1,1,2892,1880.6,0,1,2987,ff87fa,1
RF02540,4wt1,1H,1,2914,1927.8,0,1,2987,0064f4,1
RF02540,4v7z,BA,1,2784,1814.7,0,1,2987,8700,1
RF02540,6wda,1,1,2903,1860.3,0,1,2987,c0af92,1
RF02540,7o9k,A,771,1559,300.6,1.40E-96,1423,2908,0064f4,1
RF02540,6qt0,A,1,3198,1506.3,0,130,2987,ff87a4,1
RF02540,7bl4,A,1,2903,1862.6,0,1,2987,bdc000,1
RF02540,6elz,1,1,3198,1506.3,0,130,2987,bdc000,1
RF02540,5lza,A,1,2903,1860.2,0,1,2987,8.59E+09,1
RF02540,6boh,GB,1,2880,1924.8,0,1,2987,8484c0,1
RF02540,7nsi,BA,76,1460,288.4,1.10E-92,1,2987,93c090,1
RF02540,1yhq,0,2,2922,2797.3,0,1,2987,c0af92,1
RF02540,5fdv,1A,1,2912,1928.1,0,1,2987,8.59E+09,1
RF02540,3cd6,0,1,2923,2795.5,0,1,2987,f29242,1
RF02540,4v56,DB,1,2903,1862.6,0,1,2987,8484c0,1
RF02540,4wf1,DA,1,2903,1862.6,0,1,2987,93c090,1
RF02540,4v7d,AA,1,2903,1862.6,0,1,2987,00bac0,1
RF02540,6yly,1,1,3198,1506.3,0,130,2987,0064f4,1
RF02540,7d6z,A,1,2903,1862.6,0,1,2987,00bac0,1
RF02540,4v8d,DA,1,2912,1926.8,0,1,2987,454545,1
RF02540,3j5l,A,1,2903,1862.6,0,1,2987,8700,1
RF02540,6by1,DA,1,2903,1862.6,0,1,2987,0003c0,1
RF02540,6vyq,a,1,2903,1863,0,1,2987,8700,1
RF02540,6o8x,A,2,2903,1975.2,0,1,2987,00bac0,1
RF02540,5anc,N,1,3587,1382,0,130,2987,c00f0f,1
RF02540,3ccu,0,1,2923,2795.4,0,1,2987,ff87fa,1
RF02540,5j30,YA,1,2912,1928.1,0,1,2987,0064f4,1
RF02540,5dar,A,1,74,78.9,3.90E-27,1168,1241,ff87fa,1
RF02540,4u27,BA,1,2903,1862.6,0,1,2987,0064f4,1
RF02540,7tor,A28S,1,3339,1234.4,0,130,2987,f29242,1
RF02540,6nuo,RA,1,2912,1928.1,0,1,2987,0003c0,1
RF02540,5vp2,2A,1,2912,1928.1,0,1,2987,c008ae,1
RF02540,4v6s,AB,1,2903,1860.2,0,1,2987,8.59E+09,1
RF02540,5tga,1,1,3196,1506.5,0,130,2987,8.59E+09,1
RF02540,5li0,A,1,2918,1989.7,0,1,2987,c008ae,1
RF02540,5fdu,1A,1,2912,1928.1,0,1,2987,00bac0,1
RF02540,7nsq,A,1,2903,1862.6,0,1,2987,8e2511,1
RF02540,6mtd,5,1,3380,1223.2,0,130,2987,bdc000,1
RF02540,4v6t,BA,1,2903,1862.6,0,1,2987,8.59E+09,1
RF02540,6gzq,A1,1,2912,1926.8,0,1,2987,c00f0f,1
RF02540,6ost,1,1,2903,1860.6,0,1,2987,454545,1
RF02540,6gbz,A,1,2903,1862.6,0,1,2987,ebeb30,1
RF02540,4v7f,1,1,3198,1506.3,0,130,2987,bdc000,1
RF02540,6vwn,2,1,2903,1860.3,0,1,2987,c0af92,1
RF02540,4y4o,1A,1,2912,1928.1,0,1,2987,00bac0,1
RF02540,6qtz,A,1,3198,1506.3,0,130,2987,454545,1
RF02540,7bl3,A,7,2910,1868.5,0,1,2987,ff87a4,1
RF02540,4v6f,AA,1,2909,1927.7,0,1,2987,1fc01f,1
RF02540,4v97,BA,1,2912,1928.1,0,1,2987,93c090,1
RF02540,6wrs,1,1,2923,1999.5,0,1,2987,ebeb30,1
RF02540,7pal,3,1,2907,1792.4,0,1,2987,c00f0f,1
RF02540,7nsj,BA,76,1460,288.4,1.10E-92,1,2987,c0af92,1
RF02540,4d5y,2,1247,4714,823.5,5.90E-263,1,2987,8.59E+09,1
RF02540,6i7o,YQ,1,3198,1506.3,0,130,2987,ebeb30,1
RF02540,7k52,1,1,2903,1860.3,0,1,2987,8e2511,1
RF02540,7qgu,A,3,2928,1998.1,0,1,2987,c0af92,1
RF02540,4u6f,1,1,3198,1506.3,0,130,2987,ebeb30,1
RF02540,6xiq,1,1,3197,1506.6,0,130,2987,bdc000,1
RF02540,6wd3,1,1,2903,1860.3,0,1,2987,ebeb30,1
RF02540,1sm1,0,1,2878,1906.5,0,1,2987,ebeb30,1
RF02540,2om7,I,1,58,54.9,1.50E-19,1178,1235,0064f4,1
RF02540,4v56,BB,1,2903,1862.6,0,1,2987,8e2511,1
RF02540,7pkt,8,1,413,153,4.90E-50,2507,2889,c0af92,1
RF02540,1oln,C,1,58,56.7,3.70E-20,1178,1235,f29242,1
RF02540,4v64,DB,1,2903,1862.6,0,1,2987,c008ae,1
RF02540,7osm,25S,1,3198,1508.4,0,130,2987,bdc000,1
RF02540,4wf1,BA,1,2903,1862.6,0,1,2987,8700,1
RF02540,6p5k,5,1,3377,1229.6,0,130,2987,c0af92,1
RF02540,4v5l,BA,1,2913,1922.9,0,1,2987,454545,1
RF02540,4w4g,RA,1,2913,1928.1,0,1,2987,93c090,1
RF02540,4w29,BA,1,2879,1925.5,0,1,2987,00bac0,1
RF02540,5t7v,B,2,2919,1996.1,0,1,2987,93c090,1
RF02540,7ohp,1,1,3198,1506.3,0,130,2987,8e2511,1
RF02540,4v9c,DA,1,2903,1862.6,0,1,2987,8700,1
RF02540,4v4j,w,1,2889,1933.6,0,1,2987,00bac0,1
RF02540,6osi,RA,2,2905,1921.2,0,1,2987,c00f0f,1
RF02540,6pct,I,1,2903,1860.2,0,1,2987,ff87a4,1
RF02540,7oib,A,771,1559,300.6,1.40E-96,1423,2908,8.59E+09,1
RF02540,3jbu,b,1,2903,1862.6,0,1,2987,1fc01f,1
RF02540,7mdz,5,1,3386,1227.2,0,130,2987,c008ae,1
RF02540,2j28,B,1,2903,1862.6,0,1,2987,00bac0,1
RF02540,6zj3,LE,1,698,103.6,4.90E-34,19,1055,ebeb30,1
RF02540,5gag,A,1,2903,1862.6,0,1,2987,0064f4,1
RF02540,5hcr,2A,1,2912,1928.1,0,1,2987,bdc000,1
RF02540,5ndg,5,1,3198,1506.3,0,130,2987,93c090,1
RF02540,7pat,3,1,2907,1792.4,0,1,2987,8e2511,1
RF02540,6gc0,A,1,2903,1862.6,0,1,2987,1fc01f,1
RF02540,5el7,14,1,2914,1927.8,0,1,2987,0003c0,1
RF02540,1mms,D,1,58,56.7,3.70E-20,1178,1235,0003c0,1
RF02540,7kgb,A,1,3138,1857.8,0,1,2987,f29242,1
RF02540,5lzf,A,1,2903,1860.2,0,1,2987,c008ae,1
RF02540,5aka,B,1,2903,1862.6,0,1,2987,c00f0f,1
RF02540,4wqu,CA,1,2912,1928.1,0,1,2987,00bac0,1
RF02540,4u4r,1,1,3198,1506.3,0,130,2987,ebeb30,1
RF02540,7toq,A25S,1,3420,1204.1,0,130,2987,f29242,1
RF02540,7nhk,A,1,2912,1972,0,1,2987,c008ae,1
RF02540,6ft6,1,1,3198,1506.3,0,130,2987,c0af92,1
RF02540,4v89,BA,1,2903,1862.6,0,1,2987,c0af92,1
RF02540,4v5a,BA,1,2779,1817.7,0,1,2987,8700,1
RF02540,4v5k,DA,1,2848,1828.7,0,1,2987,f29242,1
RF02540,4u53,1,1,3198,1506.3,0,130,2987,c00f0f,1
RF02540,5lzx,5,1,3326,1195.9,0,130,2987,0003c0,1
RF02540,3ccq,0,1,2923,2798,0,1,2987,f29242,1
RF02540,4v52,BB,1,2903,1862.6,0,1,2987,ff87fa,1
RF02540,7lh5,DA,1,2836,1905.3,0,1,2987,c0af92,1
RF02540,4v67,DA,1,2891,1934,0,1,2987,ff87a4,1
RF02540,5t2a,B,1,1386,543.5,4.00E-174,1723,2987,8700,1
RF02540,6wu9,A,2,2908,1968.9,0,1,2987,8e2511,1
RF02540,5kpw,27,1,2903,1859.3,0,1,2987,8700,1
RF02540,6pvk,A,1,2927,1995.7,0,1,2987,0064f4,1
RF02540,4tua,YA,1,2912,1928.1,0,1,2987,1fc01f,1
RF02540,7piq,3,1,2907,1792.4,0,1,2987,c00f0f,1
RF02540,7asn,A,2,2742,1834.8,0,1,2987,c008ae,1
RF02540,3jcj,A,1,2903,1862.6,0,1,2987,ebeb30,1
RF02540,6ywy,A,167,3445,618.4,1.20E-197,1,2987,1fc01f,1
RF02540,4y4p,1A,1,2912,1928.1,0,1,2987,8700,1
RF02540,4lel,YA,1,2913,1928.1,0,1,2987,0064f4,1
RF02540,4w2e,A,1,2912,1928.1,0,1,2987,ff87fa,1
RF02540,3jah,5,1,3431,1148.6,0,130,2987,00bac0,1
RF02540,6pc5,I,1,2903,1860.2,0,1,2987,8.59E+09,1
RF02540,7asa,A,1,2926,1995.2,0,1,2987,0003c0,1
RF02540,5uq8,A,1,2912,1928.1,0,1,2987,8700,1
RF02540,6ztm,BA,1,2903,1862.6,0,1,2987,c00f0f,1
RF02540,7a0s,X,1,2878,1906.4,0,1,2987,1fc01f,1
RF02540,2o44,A,1,2878,1906.5,0,1,2987,bdc000,1
RF02540,4v5y,DB,1,2903,1862.6,0,1,2987,93c090,1
RF02540,5dgf,1,1,3198,1506.3,0,130,2987,c00f0f,1
RF02540,4yzv,RA,1,2913,1928.1,0,1,2987,454545,1
RF02540,4v5p,DA,1,2913,1922.9,0,1,2987,8.59E+09,1
RF02540,4u20,DA,1,2903,1862.6,0,1,2987,c0af92,1
RF02540,4uy8,A,1,2854,1796.4,0,1,2987,454545,1
RF02540,6xqe,1A,1,2912,1928.1,0,1,2987,bdc000,1
RF02540,7jqm,2A,1,2912,1928.1,0,1,2987,0064f4,1
RF02540,6hrm,1,1506,4411,1819.3,0,1,2987,ff87a4,1
RF02540,5jc9,DA,1,2903,1858.9,0,1,2987,1fc01f,1
RF02540,6of1,2A,1,2912,1928.1,0,1,2987,ff87a4,1
RF02540,7s1h,I,1,2903,1860.2,0,1,2987,8e2511,1
RF02540,4v66,BB,1,2903,1862.6,0,1,2987,0064f4,1
RF02540,7ug7,23,1,2903,1860.2,0,1,2987,bdc000,1
RF02540,6ucq,2A,1,2912,1928.1,0,1,2987,1fc01f,1
RF02540,3j7o,5,1,3433,1143.5,0,130,2987,454545,1
RF02540,7pi8,3,1,2907,1792.4,0,1,2987,bdc000,1
RF02540,6gzx,A1,1,2912,1926.8,0,1,2987,8e2511,1
RF02540,4v5m,BA,1,2913,1928.1,0,1,2987,c008ae,1
RF02540,5aj0,A2,1250,4718,822.6,1.10E-262,1,2987,0064f4,1
RF02540,6vyu,a,1,2903,1863,0,1,2987,8e2511,1
RF02540,6r86,1,1,3062,1522.8,0,130,2987,0064f4,1
RF02540,5j4b,1A,1,2912,1928.1,0,1,2987,1fc01f,1
RF02540,4u4q,5,1,3198,1506.3,0,130,2987,00bac0,1
RF02540,6dzp,A,1,3119,1840.2,0,1,2987,bdc000,1
RF02540,3jct,1,1,3198,1506.3,0,130,2987,8700,1
RF02540,7st2,1,1,2903,1860.3,0,1,2987,8.59E+09,1
RF02540,4v91,1,1,3199,1504.8,0,130,2987,ebeb30,1
RF02540,4v3p,L1,1,3170,1388.7,0,130,2987,bdc000,1
RF02540,4lnt,YA,1,2913,1928.1,0,1,2987,0064f4,1
RF02540,6vlz,A,771,1559,300.6,1.40E-96,1423,2908,8700,1
RF02540,4v4q,BB,1,2903,1862.6,0,1,2987,f29242,1
RF02540,5lzt,5,1,3326,1195.9,0,130,2987,bdc000,1
RF02540,6xhy,1A,1,2912,1928.1,0,1,2987,ebeb30,1
RF02540,6p5i,5,1,3377,1229.6,0,130,2987,8484c0,1
RF02540,6hhq,1,1,3198,1506.3,0,130,2987,c008ae,1
RF02540,4z3s,2A,1,2912,1928.1,0,1,2987,8.59E+09,1
RF02540,7m4v,A,7,2899,1884.4,0,1,2987,bdc000,1
RF02540,4v69,BB,1,2903,1862.6,0,1,2987,8700,1
RF02540,1nkw,0,1,2878,1906.5,0,1,2987,c008ae,1
RF02540,6fti,u,1,3431,1148.6,0,130,2987,8700,1
RF02540,4wce,X,1,2923,1989,0,1,2987,1fc01f,1
RF02540,6og7,1,1,2903,1860.3,0,1,2987,1fc01f,1
RF02540,6szs,A,1,2903,1862.6,0,1,2987,ff87fa,1
RF02540,7a5j,A,771,1559,300.6,1.40E-96,1423,2908,8700,1
RF02540,5h5u,A,1,2903,1859.9,0,1,2987,c00f0f,1
RF02540,1vqm,0,1,2922,2791,0,1,2987,454545,1
RF02540,6n8n,A,1,3198,1506.3,0,130,2987,ff87a4,1
RF02540,4wr6,1H,1,2914,1927.8,0,1,2987,c008ae,1
RF02540,7oic,A,771,1559,300.6,1.40E-96,1423,2908,454545,1
RF02540,4v5j,DA,1,2913,1928.1,0,1,2987,454545,1
RF02540,4v50,DB,1,2903,1862.6,0,1,2987,8.59E+09,1
RF02540,7pip,3,1,2907,1792.4,0,1,2987,8e2511,1
RF02540,4u50,1,1,3198,1506.3,0,130,2987,454545,1
RF02540,4v8j,DA,1,2913,1928.1,0,1,2987,93c090,1
RF02540,5dge,1,1,3198,1506.3,0,130,2987,8484c0,1
RF02540,6wdd,1,1,2903,1860.3,0,1,2987,1fc01f,1
RF02540,4v9o,CA,1,2903,1862.6,0,1,2987,00bac0,1
RF02540,4v51,BA,1,2784,1814.7,0,1,2987,f29242,1
RF02540,5dox,2A,1,2912,1928.1,0,1,2987,ff87fa,1
RF02540,4u4o,5,1,3198,1506.3,0,130,2987,c0af92,1
RF02540,2ogo,0,1,2878,1906.5,0,1,2987,8.59E+09,1
RF02540,4adx,0,1,2923,2800.2,0,1,2987,ff87a4,1
RF02540,6wqq,1,1,2923,1999.5,0,1,2987,0064f4,1
RF02540,6tc3,23S1,1,2897,1863.1,0,1,2987,c0af92,1
RF02540,4u3u,5,1,3198,1506.3,0,130,2987,8.59E+09,1
RF02540,6qul,A,1,2795,1787.8,0,1,2987,ff87fa,1
RF02540,5dar,D,1,74,78.9,3.90E-27,1168,1241,8700,1
RF02540,5dc3,1,1,3198,1506.3,0,130,2987,0064f4,1
RF02540,1yit,0,2,2922,2799.3,0,1,2987,ebeb30,1
RF02540,3ccj,0,1,2923,2798.5,0,1,2987,454545,1
RF02540,6ogi,1,1,2903,1860.3,0,1,2987,bdc000,1
RF02540,4u6f,5,1,3198,1506.3,0,130,2987,f29242,1
RF02540,6spg,A,2,2888,1891.1,0,1,2987,c00f0f,1
RF02540,7p7u,A,1,2912,1972,0,1,2987,0064f4,1
RF02540,5e7k,1H,1,2914,1927.8,0,1,2987,93c090,1
RF02540,6qnq,1H,1,2914,1927.8,0,1,2987,0064f4,1
RF02540,6o3m,YA,1,2912,1928.1,0,1,2987,0064f4,1
RF02540,6o9j,B,1,2841,1795.2,0,1,2987,93c090,1
RF02540,5jc9,CA,1,2903,1858.9,0,1,2987,c00f0f,1
RF02540,1s72,0,1,2922,2791,0,1,2987,c008ae,1
RF02540,5ngm,AA,1,2923,1997.3,0,1,2987,8e2511,1
RF02540,4wsm,1H,1,2914,1927.8,0,1,2987,c008ae,1
RF02540,1hc8,C,1,58,50,5.10E-18,1178,1235,8700,1
RF02540,7of2,A,771,1559,300.6,1.40E-96,1423,2908,8.59E+09,1
RF02540,6y57,L5,1267,4755,823.3,7.20E-263,1,2987,c0af92,1
RF02540,7asm,A,1,2923,1996.7,0,1,2987,8700,1
RF02540,1yj9,0,2,2922,2799.3,0,1,2987,ebeb30,1
RF02540,6ftg,u,1,3431,1148.6,0,130,2987,ff87fa,1
RF02540,4w2f,DA,1,2912,1928.1,0,1,2987,454545,1
RF02540,1vy4,DA,1,2912,1928.1,0,1,2987,00bac0,1
RF02540,1vqo,0,1,2922,2791,0,1,2987,8484c0,1
RF02540,7ohq,1,1,3198,1506.3,0,130,2987,8484c0,1
RF02540,7nsp,A,1,2903,1862.6,0,1,2987,8.59E+09,1
RF02540,7pjw,A,1,2903,1857.3,0,1,2987,8e2511,1
RF02540,4u51,5,1,3198,1506.3,0,130,2987,8e2511,1
RF02540,2ogn,0,1,2878,1906.5,0,1,2987,00bac0,1
RF02540,4w4g,YA,1,2913,1928.1,0,1,2987,ff87fa,1
RF02540,1vq7,0,1,2922,2791,0,1,2987,8.59E+09,1
RF02540,6b4v,FB,1,2880,1924.8,0,1,2987,8.59E+09,1
RF02540,4v8f,DA,1,2912,1926.8,0,1,2987,0064f4,1
RF02540,7pd3,A,771,1559,300.8,1.30E-96,1423,2908,c0af92,1
RF02540,7ssn,1,1,2903,1860.3,0,1,2987,c0af92,1
RF02540,4v6i,DA,1,3198,1506.3,0,130,2987,ff87fa,1
RF02540,7pis,3,1,2907,1792.4,0,1,2987,93c090,1
RF02540,6oig,5,1,3196,1506.5,0,130,2987,00bac0,1
RF02540,1vy5,DA,1,2912,1928.1,0,1,2987,93c090,1
RF02540,6of6,YA,1,2912,1928.1,0,1,2987,bdc000,1
RF02540,6xgf,a,1,2903,1863,0,1,2987,ebeb30,1
RF02540,5wis,1A,1,2912,1928.1,0,1,2987,8700,1
RF02540,5np6,Y,1,2903,1857.3,0,1,2987,f29242,1
RF02540,6h58,A,1,2903,1854.4,0,1,2987,93c090,1
RF02540,4v5a,DA,1,2779,1817.7,0,1,2987,454545,1
RF02540,7o80,B5,1212,4500,910.5,9.90E-291,1,2987,c0af92,1
RF02540,7pau,3,1,2907,1792.4,0,1,2987,f29242,1
RF02540,7rqd,1A,1,2912,1928.1,0,1,2987,c0af92,1
RF02540,6ywe,A,167,3445,618.4,1.20E-197,1,2987,ebeb30,1
RF02540,4v75,BA,1,2903,1862.6,0,1,2987,00bac0,1
RF02540,4v4h,DB,1,2903,1862.6,0,1,2987,0003c0,1
RF02540,4v8g,BA,1,2912,1928.1,0,1,2987,c00f0f,1
RF02540,5ndv,5,1,3198,1506.3,0,130,2987,c008ae,1
RF02540,7ods,A,1,1454,291.9,9.10E-94,684,2987,ff87a4,1
RF02540,7abz,1,1,2903,1860.6,0,1,2987,c008ae,1
RF02540,4w2i,DA,1,2912,1928.1,0,1,2987,8.59E+09,1
RF02540,4v7u,DA,1,2903,1862.6,0,1,2987,8.59E+09,1
RF02540,5zep,A,1,3120,1842.4,0,1,2987,93c090,1
RF02540,6hhq,AR,1,3198,1506.3,0,130,2987,c0af92,1
RF02540,5mdy,1,1,2903,1860.6,0,1,2987,bdc000,1
RF02540,7unu,A,1,2890,1898.2,0,1,2987,c008ae,1
RF02540,6ord,YA,1,2912,1928.1,0,1,2987,93c090,1
RF02540,4wzd,14,1,2914,1927.8,0,1,2987,8.59E+09,1
RF02540,7a5f,A3,771,1559,300.6,1.40E-96,1423,2908,0064f4,1
RF02540,4v7s,BA,1,2903,1862.6,0,1,2987,ff87fa,1
RF02540,7o1a,BA,1,2897,1863.1,0,1,2987,0003c0,1
RF02540,5j3c,YA,1,2912,1928.1,0,1,2987,ff87fa,1
RF02540,6t4q,C1,1,3043,1496.3,0,130,2987,8e2511,1
RF02540,6lsr,2,1267,4755,823.3,7.20E-263,1,2987,ebeb30,1
RF02540,6osi,YA,2,2905,1921.2,0,1,2987,8484c0,1
RF02540,7f0d,A,1,3138,1857.8,0,1,2987,ff87a4,1
RF02540,6pch,I,1,2903,1860.2,0,1,2987,454545,1
RF02540,4w2h,DA,1,2912,1928.1,0,1,2987,0003c0,1
RF02540,7old,1,1,3158,1537.1,0,130,2987,1fc01f,1
RF02540,6hcq,51,1,3417,1220.8,0,130,2987,93c090,1
RF02540,4wsd,14,1,2914,1927.8,0,1,2987,1fc01f,1
RF02540,5it7,5,1,3078,1538.5,0,130,2987,c008ae,1
RF02540,4wqr,14,1,2914,1927.8,0,1,2987,ff87a4,1
RF02540,5juu,B,1,3198,1506.3,0,130,2987,8484c0,1
RF02540,5mmi,A,2,2810,1701.5,0,1,2885,ff87a4,1
RF02540,5jcs,x,1,3198,1506.3,0,130,2987,454545,1
RF02540,4v7t,DA,1,2903,1862.6,0,1,2987,0003c0,1
RF02540,4v5e,DA,1,2898,1937.8,0,1,2987,c00f0f,1
RF02540,6w6p,A,2,2908,1968.9,0,1,2987,f29242,1
RF02540,4v9s,DA,1,2912,1928.1,0,1,2987,0064f4,1
RF02540,4v5s,BA,1,2913,1922.9,0,1,2987,8484c0,1
RF02540,4v4r,BA,1,2914,1908.7,0,1,2987,1fc01f,1
RF02540,6qzp,L5,1,3539,1157.5,0,130,2987,454545,1
RF02540,5ndw,5,1,3198,1506.3,0,130,2987,ff87fa,1
RF02540,7ope,A,1,2926,1995.2,0,1,2987,1fc01f,1
RF02540,7md7,2A,1,2912,1928.1,0,1,2987,8700,1
RF02540,6h4n,A,1,2903,1854.4,0,1,2987,8.59E+09,1
RF02540,5tgm,5,1,2952,1504.6,0,130,2987,8.59E+09,1
RF02540,6nu3,A,1,1472,298.8,5.30E-96,684,2883,ff87a4,1
RF02540,3bbx,B,1,2903,1862.6,0,1,2987,ebeb30,1
RF02540,4woi,CA,1,2903,1862.6,0,1,2987,c0af92,1
RF02540,4v5r,DA,1,2913,1922.9,0,1,2987,c0af92,1
RF02540,5uyq,1,1,2903,1860.3,0,1,2987,8e2511,1
RF02540,4wra,1H,1,2916,1913.9,0,1,2987,ff87fa,1
RF02540,7u2i,1A,1,2912,1928.1,0,1,2987,8700,1
RF02540,6sv4,ZQ,1,3198,1506.3,0,130,2987,0003c0,1
RF02540,3moj,A,1,73,56.8,4.60E-20,2603,2675,1fc01f,1
RF02540,6ydp,BA,1173,2738,300,2.30E-95,1,2987,8700,1
RF02540,7mpj,A1,1,2939,1469.5,0,130,2987,8700,1
RF02540,4wu1,14,1,2914,1927.8,0,1,2987,ff87a4,1
RF02540,6wdl,1,1,2903,1860.3,0,1,2987,8.59E+09,1
RF02540,4l47,RA,1,2913,1928.1,0,1,2987,454545,1
RF02540,5zeb,A,1,3120,1842.4,0,1,2987,1fc01f,1
RF02540,4xej,B23S,1,2879,1925.5,0,1,2987,ff87a4,1
RF02540,2go5,9,2,88,65.9,6.90E-23,2885,2973,ebeb30,1
RF02540,6oxa,YA,1,2912,1928.1,0,1,2987,00bac0,1
RF02540,4v72,BA,1,2903,1862.6,0,1,2987,c00f0f,1
RF02540,5ndj,14,1,2914,1927.8,0,1,2987,f29242,1
RF02540,7pwo,1,1,2578,839.2,3.20E-268,130,2987,c008ae,1
RF02540,6ucq,1A,1,2912,1928.1,0,1,2987,93c090,1
RF02540,6c4i,A,1,2903,1860.6,0,1,2987,1fc01f,1
RF02540,7nso,A,1,2903,1862.6,0,1,2987,0064f4,1
RF02540,5myj,BA,1,2897,1945.8,0,1,2987,8.59E+09,1
RF02540,6n9f,1A,1,2912,1928.1,0,1,2987,ff87a4,1
RF02540,6swa,q,1,3383,1231.4,0,130,2987,bdc000,1
RF02540,6cae,2A,1,2912,1928.1,0,1,2987,c008ae,1
RF02540,4ioa,X,1,2878,1906.5,0,1,2987,ff87a4,1
RF02540,6vyz,a,1,2903,1863,0,1,2987,c0af92,1
RF02540,4p70,YA,1,2913,1928.1,0,1,2987,8.59E+09,1
RF02540,6zmo,L5,1267,4752,823.6,5.50E-263,1,2987,8700,1
RF02540,4v9a,BA,1,2912,1926.8,0,1,2987,ff87a4,1
RF02540,1vy4,BA,1,2912,1928.1,0,1,2987,0003c0,1
RF02540,4v8b,BA,1,2912,1926.8,0,1,2987,454545,1
RF02540,6xqd,2A,1,2912,1928.1,0,1,2987,c008ae,1
RF02540,6az3,4,25,180,77.3,3.30E-26,2726,2880,ebeb30,1
RF02540,3j7z,A,1,2903,1862.6,0,1,2987,ff87a4,1
RF02540,1qa6,C,1,58,50,5.10E-18,1178,1235,0064f4,1
RF02540,6ylh,1,1,3198,1506.3,0,130,2987,8.59E+09,1
RF02540,6ydp,AA,1173,2738,300,2.30E-95,1,2987,c00f0f,1
RF02540,6ord,RA,1,2912,1928.1,0,1,2987,0003c0,1
RF02540,5tbw,AR,1,2951,1501,0,130,2987,8484c0,1
RF02540,4v6u,B1,1,3049,2908.2,0,1,2987,8.59E+09,1
RF02540,7of4,A,771,1559,300.6,1.40E-96,1423,2908,f29242,1
RF02540,4wt1,14,1,2914,1927.8,0,1,2987,ff87fa,1
RF02540,3j6y,2S,1,3197,1506.6,0,130,2987,8e2511,1
RF02540,6gsk,1H,1,2914,1927.8,0,1,2987,8.59E+09,1
RF02540,5wdt,A,1,2903,1855.5,0,1,2987,c00f0f,1
RF02540,5kcs,1A,1,2903,1859.2,0,1,2987,00bac0,1
RF02540,7ryg,A,7,2899,1884.4,0,1,2987,8e2511,1
RF02540,7q0p,1,1,3191,1475.7,0,130,2987,1fc01f,1
RF02540,7pjs,A,1,2903,1857.3,0,1,2987,1fc01f,1
RF02540,6n1d,A23S,1,2880,1924.4,0,1,2987,1fc01f,1
RF02540,6y6x,L5,1,3539,1157.8,0,130,2987,c008ae,1
RF02540,4u3m,5,1,3198,1506.3,0,130,2987,ff87fa,1
RF02540,3j7r,5,1,3491,1172.9,0,130,2987,8e2511,1
RF02540,6htq,A,2,2925,1993.4,0,1,2987,93c090,1
RF02540,5fci,1,1,3198,1506.3,0,130,2987,8e2511,1
RF02540,5on6,AR,1,3198,1506.3,0,130,2987,ff87fa,1
RF02540,4tuc,YA,1,2912,1928.1,0,1,2987,93c090,1
RF02540,4v9p,GA,1,2903,1862.6,0,1,2987,0003c0,1
RF02540,4v7p,CA,1,2879,1925.5,0,1,2987,ff87fa,1
RF02540,5h1s,A,2,2810,1701.5,0,1,2885,ff87fa,1
RF02540,4v5p,BA,1,2913,1922.9,0,1,2987,c0af92,1
RF02540,5gaf,A,1,2883,1848.5,0,1,2987,ebeb30,1
RF02540,7s1i,I,1,2903,1860.2,0,1,2987,454545,1
RF02540,1vvj,YA,1,2913,1928.1,0,1,2987,0003c0,1
RF02540,4v4g,FB,1,2825,1840.4,0,1,2987,c008ae,1
RF02540,4v5k,BA,1,2848,1828.7,0,1,2987,ff87fa,1
RF02540,4v7i,A8,1,2903,1862.6,0,1,2987,ff87fa,1
RF02540,6h58,AA,1,2903,1854.4,0,1,2987,bdc000,1
RF02540,4v6o,BB,1,2903,1860.2,0,1,2987,ff87a4,1
RF02540,6gsl,14,1,2914,1927.8,0,1,2987,ff87fa,1
RF02540,7rr5,C1,1,3198,1506.3,0,130,2987,ff87a4,1
RF02540,4wu1,1H,1,2914,1927.8,0,1,2987,0064f4,1
RF02540,3cpw,0,1,2922,2788.5,0,1,2987,c008ae,1
RF02540,7ohs,1,1,3198,1506.3,0,130,2987,ebeb30,1
RF02540,7unw,A,1,2890,1898.2,0,1,2987,ff87fa,1
RF02540,6czr,2A,1,2913,1928.1,0,1,2987,f29242,1
RF02540,1ond,0,1,2878,1906.5,0,1,2987,00bac0,1
RF02540,5it8,CA,1,2903,1860.2,0,1,2987,f29242,1
RF02540,4v4g,BB,1,2825,1840.4,0,1,2987,bdc000,1
RF02540,4v95,BA,1,2912,1928.1,0,1,2987,454545,1
RF02540,6q9a,1,1,2903,1860.6,0,1,2987,93c090,1
RF02540,7nsh,BA,76,1460,288.4,1.10E-92,1,2987,0003c0,1
RF02540,5kpx,27,1,2903,1859.3,0,1,2987,0064f4,1
RF02540,6zto,BA,1,2903,1862.6,0,1,2987,f29242,1
RF02540,3ccr,0,1,2923,2796.7,0,1,2987,ff87fa,1
RF02540,3deg,G,1,70,64,2.20E-22,1170,1239,c008ae,1
RF02540,3dg5,B,1,2903,1862.6,0,1,2987,8700,1
RF02540,6t59,54,1,3326,1195.9,0,130,2987,1fc01f,1
RF02540,5ot7,4,1,2901,1914.6,0,1,2987,c00f0f,1
RF02540,7a01,e2,1,3585,1157.6,0,130,2987,c008ae,1
RF02540,7mpi,A1,1,2939,1468.7,0,130,2987,c0af92,1
RF02540,5dc3,5,1,3198,1506.3,0,130,2987,454545,1
RF02540,4l71,RA,1,2913,1928.1,0,1,2987,8.59E+09,1
RF02540,5v8i,1A,1,2891,1934.6,0,1,2987,ff87fa,1
RF02540,7jql,2A,1,2912,1928.1,0,1,2987,8.59E+09,1
RF02540,6v3d,AN1,7,2899,1884.6,0,1,2987,8484c0,1
RF02540,6gxo,A,1,2903,1859.3,0,1,2987,bdc000,1
RF02540,5aj4,BA,76,1459,291.3,1.40E-93,1,2987,8e2511,1
RF02540,5o60,A,1,3120,1842.4,0,1,2987,ff87a4,1
RF02540,5obm,1,1,3198,1506.3,0,130,2987,8.59E+09,1
RF02540,4v7r,D1,1,3198,1506.3,0,130,2987,0003c0,1
RF02540,3j0l,2,1,111,70.1,3.70E-24,1953,2064,c0af92,1
RF02540,5j88,CA,1,2903,1858.9,0,1,2987,bdc000,1
RF02540,5t2a,A,1,1781,456.5,3.00E-146,130,1734,00bac0,1
RF02540,4wq1,14,1,2912,1926.8,0,1,2987,bdc000,1
RF02540,5mlc,A,2,2811,1701.4,0,1,2886,ff87fa,1
RF00164,1xjr,A,4,46,65.6,4.40E-20,1,43,c008ae,1
RF00390,6mj0,B,1,23,41.2,1.40E-10,1,23,8700,1
RF00390,6mj0,A,1,23,41.2,1.40E-10,1,23,8484c0,1
RF00525,7kga,B,1,81,41.6,5.50E-12,1,72,ebeb30,1
RF00525,7kga,A,1,81,41.6,5.50E-12,1,72,c0af92,1
RF00233,4p5j,A,1,86,96.3,2.50E-25,1,84,ff87fa,1
RF00233,6mj0,B,24,104,78.5,8.50E-21,1,84,00bac0,1
RF00233,6mj0,A,24,104,78.5,8.50E-21,1,84,ff87a4,1
RF02340,7lyf,A,31,100,72.9,1.20E-19,1,70,8700,1
RF02340,7umc,A,3,69,58.7,3.80E-16,1,70,93c090,1
RF02340,7lyg,A,32,102,62.9,6.20E-17,1,70,93c090,1
RF04222,7jju,A,2,51,44.9,1.70E-11,3,52,c008ae,1
RF04222,7jju,B,2,51,44.9,1.70E-11,3,52,454545,1
RF00100,5lys,B,1,57,47.9,4.00E-16,24,87,ebeb30,1
RF00100,5lyu,A,2,58,47.9,4.00E-16,24,87,8.59E+09,1
RF00100,5lys,A,1,57,47.9,4.00E-16,24,87,0003c0,1
RF00100,6mci,A,1,57,43.4,8.50E-15,24,87,8.59E+09,1
RF00100,5lyu,B,2,58,47.9,4.00E-16,24,87,c008ae,1
RF00100,5lyv,B,1,57,47.9,4.00E-16,24,87,0003c0,1
RF00100,7slq,R,17,64,45.5,2.30E-15,284,331,f29242,1
RF00100,5iem,A,1,57,47.9,4.00E-16,24,87,93c090,1
RF00100,6mcf,A,1,57,43.4,8.50E-15,24,87,c00f0f,1
RF00100,5lyv,A,1,57,47.9,4.00E-16,24,87,00bac0,1
RF00005,5hc9,D,1,73,77.2,9.20E-22,1,71,ff87a4,1
RF00005,3wfq,D,1,73,77.2,8.80E-22,1,71,f29242,1
RF00005,6y2l,B4,1,73,68.3,2.50E-19,1,71,00bac0,1
RF00005,3ja1,S2,1,74,61.3,2.10E-17,1,71,8700,1
RF00005,3kfu,L,1,73,72.5,1.80E-20,1,71,bdc000,1
RF00005,7pir,8,1,73,69.8,1.00E-19,1,71,bdc000,1
RF00005,4v5s,AY,1,73,68.6,2.20E-19,1,71,c0af92,1
RF00005,4v6q,AD,1,74,61.3,2.10E-17,1,71,8700,1
RF00005,7top,APTN,1,74,61.4,2.10E-17,1,71,93c090,1
RF00005,4v8u,CV,1,73,68.3,2.50E-19,1,71,93c090,1
RF00005,4v8q,BV,1,74,61.4,2.10E-17,1,71,bdc000,1
RF00005,2det,C,1,73,60.1,4.60E-17,1,71,8700,1
RF00005,6wda,5,1,74,61.4,2.10E-17,1,71,0003c0,1
RF00005,7ka0,F,1,74,72.2,2.10E-20,1,71,8.59E+09,1
RF00005,4v8x,CW,1,74,61.4,2.10E-17,1,71,8484c0,1
RF00005,4v8d,AC,1,74,61.4,2.10E-17,1,71,c008ae,1
RF00005,6bok,D,1,74,61.4,2.10E-17,1,71,c00f0f,1
RF00005,6om7,v,2,73,37,1.10E-10,1,71,00bac0,1
RF00005,2dxi,C,1,72,64.1,3.50E-18,1,71,c008ae,1
RF00005,6zsa,XB,1,69,34.3,5.50E-10,1,71,1fc01f,1
RF00005,6zm5,x,1,67,68.5,2.20E-19,1,71,1fc01f,1
RF00005,5gak,A,1,73,79.2,2.50E-22,1,71,1fc01f,1
RF00005,3epj,F,1,69,50.5,1.90E-14,2,69,c008ae,1
RF00005,6bz8,XV,1,74,61.4,2.10E-17,1,71,8484c0,1
RF00005,3l0u,A,1,73,68.4,2.40E-19,1,71,ebeb30,1
RF00005,2zxu,C,1,73,68.3,2.50E-19,1,71,454545,1
RF00005,7vnv,A,1,75,62,1.50E-17,1,71,00bac0,1
RF00005,6oxa,XW,1,74,61.4,2.10E-17,1,71,8700,1
RF00005,4y4p,2y,1,73,68.3,2.50E-19,1,71,0064f4,1
RF00005,2cv1,D,1,72,64.1,3.50E-18,1,71,454545,1
RF00005,3deg,B,1,74,61.4,2.10E-17,1,71,c00f0f,1
RF00005,1vy4,AX,1,74,61.4,2.10E-17,1,71,c0af92,1
RF00005,7oid,B,1,69,34.3,5.30E-10,1,71,8700,1
RF00005,4v67,AZ,1,74,61.4,2.10E-17,1,71,c008ae,1
RF00005,3izy,N,1,73,67.7,3.80E-19,1,71,8e2511,1
RF00005,2zm5,D,1,73,68.3,2.50E-19,1,71,93c090,1
RF00005,4wq1,1K,1,82,53.4,3.70E-15,1,71,f29242,1
RF00005,6t83,8,1,73,65.5,1.50E-18,1,71,ebeb30,1
RF00005,5j4b,2x,1,74,61.4,2.10E-17,1,71,c008ae,1
RF00005,7lh5,AV,1,74,61.3,2.10E-17,1,71,bdc000,1
RF00005,7pjt,v,1,74,61.3,2.10E-17,1,71,00bac0,1
RF00005,7k51,6,1,74,61.4,2.10E-17,1,71,454545,1
RF00005,4wpo,DY,1,73,68.3,2.50E-19,1,71,c00f0f,1
RF00005,6ydw,BB,1,70,42.9,2.50E-12,1,71,00bac0,1
RF00005,6fec,N,1,72,58,1.70E-16,1,71,0064f4,1
RF00005,6c5l,AW,1,73,68.3,2.50E-19,1,71,00bac0,1
RF00005,4v4n,B1,1,74,70.3,7.60E-20,1,71,0064f4,1
RF00005,7jqm,2x,1,74,61.4,2.10E-17,1,71,0003c0,1
RF00005,1n77,C,1,72,64.1,3.50E-18,1,71,0003c0,1
RF00005,4w2h,AY,1,73,68.3,2.50E-19,1,71,93c090,1
RF00005,6zj3,S3,1,73,67.5,4.40E-19,1,71,0003c0,1
RF00005,7paj,7,1,73,69.8,1.00E-19,1,71,00bac0,1
RF00005,4v5f,CV,1,74,61.4,2.10E-17,1,71,c008ae,1
RF00005,1f7u,B,1,73,62.4,1.10E-17,1,71,ebeb30,1
RF00005,7qgu,z,1,74,71.7,3.10E-20,1,71,93c090,1
RF00005,7phc,6,1,73,69.8,1.00E-19,1,71,c0af92,1
RF00005,1g59,D,1,72,64.1,3.50E-18,1,71,1fc01f,1
RF00005,6wd5,6,1,74,61.4,2.10E-17,1,71,454545,1
RF00005,7nhl,D,1,73,60.1,4.70E-17,2,71,8700,1
RF00005,7rq8,2w,1,73,68.3,2.50E-19,1,71,c00f0f,1
RF00005,6otr,XV,1,74,61.4,2.10E-17,1,71,0003c0,1
RF00005,2du3,D,1,71,49.1,4.50E-14,1,70,0064f4,1
RF00005,4v8u,AV,1,73,68.3,2.50E-19,1,71,1fc01f,1
RF00005,6osi,QV,1,74,60.7,3.10E-17,1,71,bdc000,1
RF00005,3eq3,Y,1,72,59.6,6.40E-17,2,71,ff87fa,1
RF00005,7unw,v,1,74,61.4,2.10E-17,1,71,f29242,1
RF00005,1sz1,F,1,73,67.7,3.80E-19,1,71,454545,1
RF00005,7ssw,5,1,74,65.8,1.30E-18,1,71,93c090,1
RF00005,1ob5,F,1,73,67.7,3.90E-19,1,71,93c090,1
RF00005,4v8x,CV,1,74,61.4,2.10E-17,1,71,bdc000,1
RF00005,4v7e,Ae,1,72,56.3,5.20E-16,1,71,454545,1
RF00005,5j4c,1y,1,73,68.3,2.50E-19,1,71,ff87a4,1
RF00005,7a5k,B3,2,70,34.3,5.60E-10,1,71,c0af92,1
RF00005,7k54,5,1,74,65.8,1.30E-18,1,71,8.59E+09,1
RF00005,6wdj,6,1,74,61.4,2.10E-17,1,71,ff87fa,1
RF00005,6sv4,nc,1,73,64.8,2.30E-18,1,71,c008ae,1
RF00005,6gb2,BB,1,70,42.9,2.50E-12,1,71,8.59E+09,1
RF00005,6ydw,AA,5333,5268,54.2,4.30E-13,1,71,c0af92,1
RF00005,6ydw,AA,3701,3769,53.2,7.70E-13,1,71,8484c0,1
RF00005,6ydw,AA,2669,2743,53,9.00E-13,1,71,8e2511,1
RF00005,6ydw,AA,3839,3767,52.1,1.60E-12,1,71,454545,1
RF00005,6ydw,AA,9408,9476,50.3,4.90E-12,1,71,0064f4,1
RF00005,6ydw,AA,14159,14091,47.4,3.10E-11,1,71,8e2511,1
RF00005,6ydw,AA,6959,7026,47.3,3.40E-11,1,71,ebeb30,1
RF00005,6ydw,AA,11561,11629,46.2,6.60E-11,1,71,c008ae,1
RF00005,6ydw,AA,9824,9892,44.7,1.70E-10,1,71,93c090,1
RF00005,6ydw,AA,5094,5027,44,2.70E-10,1,71,1fc01f,1
RF00005,6ydw,AA,1,70,42.9,5.50E-10,1,71,c008ae,1
RF00005,6ydw,AA,11689,11758,41,1.80E-09,1,71,f29242,1
RF00005,6ydw,AA,7715,7781,40.3,2.90E-09,1,71,ebeb30,1
RF00005,6ydw,AA,15435,15371,36.9,2.30E-08,1,71,c00f0f,1
RF00005,6ydw,AA,3841,3910,36.8,2.60E-08,1,71,8.59E+09,1
RF00005,6ydw,AA,4953,5020,36.6,2.90E-08,1,71,8484c0,1
RF00005,6ydw,AA,5170,5096,35.9,4.50E-08,1,71,00bac0,1
RF00005,6ydw,AA,6951,6883,33.6,1.90E-07,1,71,c0af92,1
RF00005,6ydw,AA,1031,1098,31.8,6.20E-07,1,71,00bac0,1
RF00005,7pjy,w,1,73,71.1,4.30E-20,1,71,c008ae,1
RF00005,6o97,2x,1,74,61.4,2.10E-17,1,71,ff87a4,1
RF00005,5w4k,2w,1,73,68.3,2.50E-19,1,71,c008ae,1
RF00005,2d6f,F,1,72,59.2,8.10E-17,1,71,8.59E+09,1
RF00005,4v7l,AW,1,72,62,1.40E-17,1,71,bdc000,1
RF00005,7a5f,B3,1,69,34.3,5.30E-10,1,71,1fc01f,1
RF00005,4v5z,BZ,1,70,40.4,1.20E-11,1,71,8e2511,1
RF00005,4wra,1L,1,82,53.4,3.70E-15,1,71,c00f0f,1
RF00005,7paj,8,1,73,69.8,1.00E-19,1,71,8e2511,1
RF00005,3q1q,C,1,83,60.3,4.60E-17,1,71,c008ae,1
RF00005,7rq9,2x,1,74,61.4,2.10E-17,1,71,93c090,1
RF00005,5uq7,z,1,73,68.3,2.50E-19,1,71,c00f0f,1
RF00005,7rq8,2y,1,73,68.3,2.50E-19,1,71,0064f4,1
RF00005,4v4t,AW,1,73,67.7,3.80E-19,1,71,bdc000,1
RF00005,5w4k,1w,1,73,68.3,2.50E-19,1,71,c008ae,1
RF00005,4lel,XV,1,74,61.4,2.10E-17,1,71,ebeb30,1
RF00005,7a5i,99,1,70,46.4,2.70E-13,1,71,8.59E+09,1
RF00005,4w2h,CY,1,73,68.3,2.50E-19,1,71,c00f0f,1
RF00005,6zj3,S2,1,73,68.4,2.40E-19,1,71,8484c0,1
RF00005,3jah,2,1,73,55.9,6.50E-16,1,71,8700,1
RF00005,3a2k,D,1,74,72.9,1.50E-20,1,71,0003c0,1
RF00005,4v9k,CW,1,74,71.1,4.40E-20,1,71,8700,1
RF00005,6olz,Bv,1,73,68.3,2.50E-19,1,71,ff87a4,1
RF00005,6xdq,A,1,73,63.8,4.60E-18,1,71,ff87a4,1
RF00005,7azo,ASIA,1,73,68.3,2.50E-19,1,71,8.59E+09,1
RF00005,4wqr,3L,1,73,68.3,2.50E-19,1,71,00bac0,1
RF00005,7qgr,u,1,73,68.4,2.30E-19,1,71,00bac0,1
RF00005,7nbu,V,1,74,61.3,2.10E-17,1,71,8484c0,1
RF00005,3akz,G,1,71,64,3.80E-18,1,71,ebeb30,1
RF00005,4v5j,AW,1,73,68.3,2.60E-19,1,71,8700,1
RF00005,4zdp,E,3,85,30.5,7.50E-09,1,71,0003c0,1
RF00005,5kcr,1x,1,84,52.8,5.60E-15,1,71,8.59E+09,1
RF00005,7rq9,2w,1,73,68.3,2.50E-19,1,71,0064f4,1
RF00005,7k53,7,1,74,65.8,1.30E-18,1,71,454545,1
RF00005,6x9q,B,1,73,63.8,4.60E-18,1,71,c0af92,1
RF00005,5j4b,1y,1,73,68.3,2.50E-19,1,71,8700,1
RF00005,7o1a,B8,1,74,60.7,3.10E-17,1,71,1fc01f,1
RF00005,6z6m,CC,1,82,67.4,5.30E-19,1,71,ff87a4,1
RF00005,4v87,CC,1,74,61.4,2.10E-17,1,71,0064f4,1
RF00005,3epl,E,1,69,50.5,1.90E-14,2,69,ff87fa,1
RF00005,6wd1,5,1,74,61.4,2.10E-17,1,71,454545,1
RF00005,2dr2,B,1,72,69.3,1.40E-19,1,71,454545,1
RF00005,6t7t,6,1,73,65.5,1.50E-18,1,71,0064f4,1
RF00005,6uz7,3,1,73,66.4,8.40E-19,1,71,1fc01f,1
RF00005,6vwm,5,1,73,68.3,2.60E-19,1,71,8700,1
RF00005,6xhy,2w,1,73,68.3,2.50E-19,1,71,ebeb30,1
RF00005,4v7m,AX,1,74,61.3,2.10E-17,1,71,ff87fa,1
RF00005,4tud,XV,1,74,61.4,2.10E-17,1,71,00bac0,1
RF00005,7azs,ASIA,1,73,68.3,2.50E-19,1,71,8484c0,1
RF00005,5dfe,QV,1,74,61.4,2.10E-17,1,71,c00f0f,1
RF00005,4wq1,1L,1,82,53.4,3.70E-15,1,71,8700,1
RF00005,6ouo,5,1,73,54.9,1.20E-15,2,71,c0af92,1
RF00005,6wd4,6,1,74,61.4,2.10E-17,1,71,0003c0,1
RF00005,4v97,CW,1,73,68.3,2.50E-19,1,71,c0af92,1
RF00005,5aa0,BC,1,73,68.3,2.50E-19,1,71,c00f0f,1
RF00005,7oi6,B,1,69,34.3,5.30E-10,1,71,ebeb30,1
RF00005,6enf,x,1,74,60.7,3.10E-17,1,71,8e2511,1
RF00005,6nd6,2w,1,73,64.7,2.50E-18,1,71,8484c0,1
RF00005,3j7r,S6,2,73,39,2.90E-11,1,71,8700,1
RF00005,1sz1,E,1,73,67.7,3.80E-19,1,71,c00f0f,1
RF00005,1asz,R,1,72,56.3,5.20E-16,1,71,93c090,1
RF00005,4w29,CW,1,74,71.1,4.40E-20,1,71,454545,1
RF00005,6zp4,1,1,72,59.3,7.60E-17,1,71,0064f4,1
RF00005,4p70,XV,1,74,61.4,2.10E-17,1,71,93c090,1
RF00005,6of1,2x,1,74,61.4,2.10E-17,1,71,8484c0,1
RF00005,1vy5,CY,1,73,68.3,2.50E-19,1,71,bdc000,1
RF00005,5zep,w,1,74,61.3,2.10E-17,1,71,1fc01f,1
RF00005,4v48,A6,1,73,67.7,3.80E-19,1,71,bdc000,1
RF00005,1c0a,B,1,74,67.7,3.90E-19,1,71,0003c0,1
RF00005,6ztn,AW,1,74,61.3,2.10E-17,1,71,1fc01f,1
RF00005,7odr,B,1,69,34.3,5.50E-10,1,71,1fc01f,1
RF00005,5ot7,2,1,73,68.3,2.50E-19,1,71,f29242,1
RF00005,7msz,y,1,74,61.4,2.10E-17,1,71,c008ae,1
RF00005,4uje,AW,1,73,68.3,2.50E-19,1,71,8.59E+09,1
RF00005,7rq8,1y,1,73,68.3,2.50E-19,1,71,454545,1
RF00005,7pzy,10,1,73,55.6,8.00E-16,1,71,93c090,1
RF00005,6t4q,6,1,73,62.4,1.10E-17,1,71,c00f0f,1
RF00005,4z8c,1x,1,74,61.4,2.10E-17,1,71,c008ae,1
RF00005,5ah5,D,1,81,58.7,1.20E-16,1,71,ff87fa,1
RF00005,7odt,B,1,69,34.3,5.50E-10,1,71,8e2511,1
RF00005,5wdt,w,1,74,61.3,2.10E-17,1,71,00bac0,1
RF00005,6h4n,w,1,74,60.9,2.90E-17,1,71,00bac0,1
RF00005,5o61,BW,1,73,68.3,2.50E-19,1,71,8e2511,1
RF00005,4v9q,DV,1,74,61.4,2.10E-17,1,71,454545,1
RF00005,4v97,CV,1,74,61.4,2.10E-17,1,71,93c090,1
RF00005,4v9b,AC,1,74,61.4,2.10E-17,1,71,c00f0f,1
RF00005,5wit,2x,1,74,61.4,2.10E-17,1,71,c00f0f,1
RF00005,6wda,6,1,74,61.4,2.10E-17,1,71,c00f0f,1
RF00005,6ole,u,1,73,60.4,3.80E-17,1,71,8.59E+09,1
RF00005,6t83,6b,1,73,65.5,1.50E-18,1,71,c008ae,1
RF00005,7as9,2,1,73,65.9,1.20E-18,1,71,0064f4,1
RF00005,3al0,E,1,71,64,3.80E-18,1,71,8.59E+09,1
RF00005,7eqj,A,1,73,65.9,1.20E-18,1,71,8484c0,1
RF00005,6n1d,APTN,1,73,64.7,2.50E-18,1,71,1fc01f,1
RF00005,5wis,2y,1,73,68.3,2.50E-19,1,71,0003c0,1
RF00005,7of0,B,1,69,34.3,5.30E-10,1,71,c00f0f,1
RF00005,3zgz,E,2,85,60,5.70E-17,1,71,ebeb30,1
RF00005,4v9q,BV,1,74,61.4,2.10E-17,1,71,8.59E+09,1
RF00005,7qv2,H,1,74,71.7,3.10E-20,1,71,1fc01f,1
RF00005,6wd6,5,1,74,61.4,2.10E-17,1,71,c00f0f,1
RF00005,6boh,NC,1,74,61.4,2.10E-17,1,71,bdc000,1
RF00005,6hcf,23,1,73,55.9,6.50E-16,1,71,ff87a4,1
RF00005,4v5e,CV,1,73,68.3,2.50E-19,1,71,f29242,1
RF00005,4wqr,1K,1,73,68.3,2.50E-19,1,71,f29242,1
RF00005,4v63,AZ,1,74,61.4,2.10E-17,1,71,8.59E+09,1
RF00005,4v4v,AW,1,73,67.7,3.80E-19,1,71,c0af92,1
RF00005,4v97,AY,1,73,68.3,2.50E-19,1,71,8.59E+09,1
RF00005,4gcw,B,1,73,65.7,1.30E-18,1,71,0064f4,1
RF00005,5we4,w,1,74,61.3,2.10E-17,1,71,1fc01f,1
RF00005,3j0l,Y,1,73,68.3,2.50E-19,1,71,8484c0,1
RF00005,4wsm,3K,1,84,52.8,5.60E-15,1,71,8.59E+09,1
RF00005,7u2i,2w,1,71,71.6,3.10E-20,1,71,c00f0f,1
RF00005,6wdk,5,1,74,61.4,2.10E-17,1,71,bdc000,1
RF00005,4lfz,QV,1,74,61.4,2.10E-17,1,71,1fc01f,1
RF00005,6ha1,x,1,84,52.8,5.60E-15,1,71,8.59E+09,1
RF00005,6o97,1y,1,73,64.7,2.50E-18,1,71,ebeb30,1
RF00005,2byt,B,1,80,60.3,4.60E-17,1,71,ff87a4,1
RF00005,5ndk,W1,1,73,68.3,2.50E-19,1,71,ff87a4,1
RF00005,4v7k,Bw,1,74,61.4,2.10E-17,1,71,454545,1
RF00005,6dnc,LA,1,74,61.4,2.10E-17,1,71,8.59E+09,1
RF00005,5kpw,30,1,73,68.3,2.50E-19,1,71,bdc000,1
RF00005,5j4d,IA,1,74,61.4,2.10E-17,1,71,8e2511,1
RF00005,5uq8,z,1,73,68.3,2.50E-19,1,71,8.59E+09,1
RF00005,5hr7,D,1,73,60.1,4.60E-17,1,71,8700,1
RF00005,4ycp,B,1,73,64.6,2.70E-18,1,71,ff87a4,1
RF00005,6i7o,n,1,73,60.8,3.00E-17,1,71,8e2511,1
RF00005,5ndk,V4,1,73,68.3,2.50E-19,1,71,8e2511,1
RF00005,4lnt,XV,1,74,61.4,2.10E-17,1,71,454545,1
RF00005,1eiy,C,1,73,72.7,1.60E-20,1,71,93c090,1
RF00005,4jxx,B,1,72,62,1.40E-17,1,71,0064f4,1
RF00005,5wit,2w,1,73,68.3,2.50E-19,1,71,c0af92,1
RF00005,6wdc,5,1,74,61.4,2.10E-17,1,71,0003c0,1
RF00005,5lzv,3,1,72,70,8.40E-20,1,71,93c090,1
RF00005,6woo,3,1,73,63.3,6.10E-18,1,71,0003c0,1
RF00005,7u2h,2y,1,71,71.6,3.10E-20,1,71,ebeb30,1
RF00005,7d80,X,1,73,66.3,9.00E-19,1,71,c0af92,1
RF00005,3a2k,C,1,74,72.9,1.50E-20,1,71,c008ae,1
RF00005,6zmo,CB,1,84,59.2,9.30E-17,1,71,ebeb30,1
RF00005,5aa0,BE,1,73,68.3,2.50E-19,1,71,c00f0f,1
RF00005,5u4i,x,1,74,61.4,2.10E-17,1,71,bdc000,1
RF00005,1asy,S,1,72,56.3,5.20E-16,1,71,8.59E+09,1
RF00005,7p7q,D,1,74,64.2,3.50E-18,1,71,c00f0f,1
RF00005,1vy4,AW,1,73,68.3,2.50E-19,1,71,c0af92,1
RF00005,4wc2,B,1,73,77.2,9.00E-22,1,71,c0af92,1
RF00005,6yss,w,1,73,71.1,4.30E-20,1,71,8700,1
RF00005,4w2f,AY,1,73,68.3,2.50E-19,1,71,1fc01f,1
RF00005,6wdl,5,1,74,61.4,2.10E-17,1,71,c008ae,1
RF00005,5kpv,31,1,74,61.4,2.10E-17,1,71,93c090,1
RF00005,5kpx,32,1,74,61.3,2.10E-17,1,71,c00f0f,1
RF00005,5uyl,X,1,74,61.4,2.10E-17,1,71,454545,1
RF00005,4wc6,B,1,73,77.2,9.00E-22,1,71,0003c0,1
RF00005,5mdv,5,1,74,58.1,1.70E-16,1,71,ff87a4,1
RF00005,1wz2,C,1,85,50.6,2.20E-14,1,71,8484c0,1
RF00005,6vyx,B,1,73,63.8,4.60E-18,1,71,c0af92,1
RF00005,7o81,AT,1,72,53.9,2.30E-15,1,71,00bac0,1
RF00005,7ka0,C,1,74,72.2,2.10E-20,1,71,ff87a4,1
RF00005,3wfs,B,1,73,77.2,8.90E-22,1,71,ebeb30,1
RF00005,6r5q,2,1,73,49.4,4.00E-14,1,71,bdc000,1
RF00005,4v72,A1,1,73,64.7,2.50E-18,1,71,0064f4,1
RF00005,3wfr,C,1,73,77.2,9.00E-22,1,71,454545,1
RF00005,5ib7,3K,1,73,79.2,2.50E-22,1,71,bdc000,1
RF00005,7k98,F,1,74,72.2,2.10E-20,1,71,8484c0,1
RF00005,4w2i,CW,1,73,68.3,2.50E-19,1,71,454545,1
RF00005,7u2h,2w,1,71,71.6,3.10E-20,1,71,93c090,1
RF00005,5mdz,5,1,74,58.1,1.70E-16,1,71,8e2511,1
RF00005,1jgp,D,1,71,57.8,2.00E-16,1,71,8700,1
RF00005,5hcr,2x,1,74,61.4,2.10E-17,1,71,f29242,1
RF00005,7qv1,H,1,74,71.7,3.10E-20,1,71,f29242,1
RF00005,4wro,3L,1,73,68.3,2.50E-19,1,71,0064f4,1
RF00005,6tnu,m,1,73,79.2,2.50E-22,1,71,0064f4,1
RF00005,4v74,A3,1,74,61.4,2.10E-17,1,71,c0af92,1
RF00005,1efw,C,1,73,61.7,1.60E-17,1,70,ebeb30,1
RF00005,1mj1,C,1,73,67.7,3.80E-19,1,71,c00f0f,1
RF00005,1gax,D,1,72,69.4,1.30E-19,1,71,bdc000,1
RF00005,1jgp,C,1,73,67.7,3.80E-19,1,71,8e2511,1
RF00005,6qnr,2K,1,73,68.3,2.50E-19,1,71,8700,1
RF00005,4tud,QV,1,74,61.4,2.10E-17,1,71,0003c0,1
RF00005,6okk,g,1,74,67.6,4.00E-19,1,71,ff87fa,1
RF00005,6oj2,QY,1,73,63,7.60E-18,1,71,0003c0,1
RF00005,6zu1,AW,1,74,61.3,2.10E-17,1,71,ebeb30,1
RF00005,7pan,7,1,73,69.8,1.00E-19,1,71,c00f0f,1
RF00005,6ndk,QV,1,74,61.4,2.10E-17,1,71,8e2511,1
RF00005,7a5h,B,2,70,34.3,5.60E-10,1,71,00bac0,1
RF00005,6gsj,3K,1,73,74.6,4.60E-21,1,71,c008ae,1
RF00005,4wzd,3K,1,82,53.4,3.70E-15,1,71,ebeb30,1
RF00005,6vys,A,1,73,63.8,4.60E-18,1,71,00bac0,1
RF00005,4uy8,V,1,74,54.9,1.20E-15,1,71,00bac0,1
RF00005,6wd3,6,1,74,61.4,2.10E-17,1,71,c0af92,1
RF00005,4v4y,AD,1,73,68.3,2.50E-19,1,71,c0af92,1
RF00005,4v5g,AV,1,73,68.3,2.50E-19,1,71,0064f4,1
RF00005,1ttt,F,1,73,67.7,3.80E-19,1,71,ff87fa,1
RF00005,6sv4,nb,1,73,64.8,2.30E-18,1,71,c008ae,1
RF00005,4v9l,AW,1,74,71.1,4.40E-20,1,71,454545,1
RF00005,5uyl,Y,1,73,68.3,2.50E-19,1,71,ebeb30,1
RF00005,1euy,B,1,71,59.7,5.70E-17,1,71,454545,1
RF00005,6og7,5,1,74,61.4,2.10E-17,1,71,454545,1
RF00005,4v8j,AV,1,74,61.4,2.10E-17,1,71,ff87a4,1
RF00005,5ib8,1K,1,73,79.2,2.50E-22,1,71,c008ae,1
RF00005,4w2g,AW,1,73,68.3,2.50E-19,1,71,c0af92,1
RF00005,5e6m,C,1,71,61.6,1.80E-17,1,71,00bac0,1
RF00005,5vp2,1w,1,73,68.3,2.50E-19,1,71,8484c0,1
RF00005,3wfr,B,1,73,77.2,8.90E-22,1,71,8.59E+09,1
RF00005,5lzd,v,1,74,61.3,2.10E-17,1,71,454545,1
RF00005,4v51,CY,1,73,68.3,2.50E-19,1,71,c008ae,1
RF00005,6r5q,3,1,72,70.1,8.30E-20,1,71,0064f4,1
RF00005,6vyz,A,1,73,63.8,4.60E-18,1,71,8700,1
RF00005,5el6,3K,1,73,79.2,2.50E-22,1,71,ff87fa,1
RF00005,7k00,Z,1,73,57.3,2.80E-16,2,71,ebeb30,1
RF00005,6vyw,A,1,73,63.8,4.60E-18,1,71,ff87fa,1
RF00005,3j9y,v,1,74,61.3,2.20E-17,1,71,c00f0f,1
RF00005,3jah,3,1,72,70,8.40E-20,1,71,ff87fa,1
RF00005,3jce,9,1,73,68.3,2.50E-19,1,71,93c090,1
RF00005,6wdl,6,1,74,61.4,2.10E-17,1,71,ff87a4,1
RF00005,5kpw,32,1,74,61.3,2.10E-17,1,71,8484c0,1
RF00005,7oi8,z,2,70,32.6,1.70E-09,1,71,8e2511,1
RF00005,6r7q,2,1,72,49.6,3.60E-14,1,71,0003c0,1
RF00005,6gsl,1L,1,74,66.2,1.00E-18,1,71,8484c0,1
RF00005,7n2c,Pt,1,73,79.2,2.50E-22,1,71,454545,1
RF00005,6ogg,5,1,74,61.4,2.10E-17,1,71,8700,1
RF00005,1fcw,C,1,73,67.7,3.80E-19,1,71,ebeb30,1
RF00005,7st7,5,1,74,65.8,1.30E-18,1,71,93c090,1
RF00005,7pit,8,1,73,69.8,1.00E-19,1,71,0064f4,1
RF00005,6gsk,1L,1,73,72.7,1.60E-20,1,71,0003c0,1
RF00005,2zm5,C,1,73,68.3,2.50E-19,1,71,8484c0,1
RF00005,5uym,X,1,74,61.4,2.10E-17,1,71,f29242,1
RF00005,7q0r,10,1,74,69.9,9.30E-20,1,71,00bac0,1
RF00005,4v4x,AD,1,73,72.4,1.90E-20,1,71,8.59E+09,1
RF00005,4v4v,AV,1,73,67.7,3.80E-19,1,71,00bac0,1
RF00005,5f8k,1x,1,73,57.3,2.80E-16,2,71,8700,1
RF00005,7a5h,24,1,70,46.4,2.70E-13,1,71,c008ae,1
RF00005,6yam,1,1,72,58,1.70E-16,1,71,ff87fa,1
RF00005,3tra,A,1,72,56.3,5.20E-16,1,71,0064f4,1
RF00005,1gsg,T,1,72,62,1.40E-17,1,71,f29242,1
RF00005,6ytf,7,1,74,61.3,2.10E-17,1,71,0064f4,1
RF00005,6om6,5,1,73,67,5.90E-19,1,71,ff87a4,1
RF00005,7of2,B,1,69,34.3,5.30E-10,1,71,ff87a4,1
RF00005,3j9m,B,2,70,34.3,5.60E-10,1,71,454545,1
RF00005,3j46,a,1,73,68.3,2.50E-19,1,71,ebeb30,1
RF00005,4v4y,AC,1,73,68.3,2.50E-19,1,71,93c090,1
RF00005,2cv0,C,1,72,64.1,3.50E-18,1,71,bdc000,1
RF00005,7nql,BB,1,70,42.9,2.50E-12,1,71,8700,1
RF00005,1jgq,C,1,73,67.7,3.80E-19,1,71,ebeb30,1
RF00005,4v9c,AV,1,73,68.3,2.50E-19,1,71,8484c0,1
RF00005,4wq1,2K,1,74,61.4,2.10E-17,1,71,ebeb30,1
RF00005,4rqf,C,3,85,30.5,7.80E-09,1,71,c008ae,1
RF00005,4v9i,CV,1,74,61.4,2.10E-17,1,71,c0af92,1
RF00005,6xhy,1w,1,73,68.3,2.50E-19,1,71,454545,1
RF00005,1qza,B,1,73,67.7,3.80E-19,1,71,93c090,1
RF00005,5wws,C,1,72,68.7,2.00E-19,1,71,ebeb30,1
RF00005,5we6,v,1,74,61.3,2.10E-17,1,71,c0af92,1
RF00005,5mrf,bb,1,73,71.7,3.10E-20,1,71,454545,1
RF00005,5dfe,XV,1,74,61.4,2.10E-17,1,71,93c090,1
RF00005,7n2v,Pt,1,73,79.2,3.50E-22,1,71,c00f0f,1
RF00005,7azo,ASIB,1,73,68.3,2.50E-19,1,71,c008ae,1
RF00005,7jqm,1x,1,74,61.4,2.10E-17,1,71,1fc01f,1
RF00005,5lzz,3,1,72,70,8.40E-20,1,71,454545,1
RF00005,7b7d,Sm,1,72,55.6,7.70E-16,1,71,c008ae,1
RF00005,6wdm,5,1,74,61.4,2.10E-17,1,71,ff87fa,1
RF00005,7a5g,j,1,73,55.9,6.50E-16,1,71,c00f0f,1
RF00005,6vmi,B,2,70,34.3,5.60E-10,1,71,1fc01f,1
RF00005,7nsi,BB,1,70,42.9,2.50E-12,1,71,ebeb30,1
RF00005,4v49,AV,1,73,67.7,3.80E-19,1,71,8.59E+09,1
RF00005,6zm6,w,1,65,38.7,3.20E-11,1,71,ebeb30,1
RF00005,5el5,1L,1,73,79.2,2.50E-22,1,71,c008ae,1
RF00005,4z8c,2x,1,74,61.4,2.10E-17,1,71,0064f4,1
RF00005,6i7o,nb,1,73,64.8,2.30E-18,1,71,c0af92,1
RF00005,4v8j,CY,1,73,68.3,2.50E-19,1,71,c008ae,1
RF00005,5wis,1w,1,73,68.3,2.50E-19,1,71,8.59E+09,1
RF00005,5wwt,D,1,72,68.7,2.00E-19,1,71,00bac0,1
RF00005,4lck,E,1,68,60.3,4.00E-17,5,71,bdc000,1
RF00005,6vyu,B,1,73,63.8,4.60E-18,1,71,8484c0,1
RF00005,4l71,QV,1,74,61.4,2.10E-17,1,71,ff87a4,1
RF00005,4ypb,QW,1,74,61.4,2.10E-17,1,71,0003c0,1
RF00005,1qu2,T,1,74,67.8,3.50E-19,1,71,ff87a4,1
RF00005,5iqr,4,1,73,68.3,2.50E-19,1,71,00bac0,1
RF00005,4tub,QV,1,74,61.4,2.10E-17,1,71,f29242,1
RF00005,4v6i,CB,1,72,56.3,5.20E-16,1,71,0003c0,1
RF00005,7mt3,y,1,74,61.4,2.10E-17,1,71,c008ae,1
RF00005,6oxi,QV,1,74,61.4,2.10E-17,1,71,93c090,1
RF00005,7uck,2,2,73,58,1.80E-16,1,71,c0af92,1
RF00005,5j30,QV,1,74,61.4,2.10E-17,1,71,93c090,1
RF00005,5vp2,2w,1,73,68.3,2.50E-19,1,71,8700,1
RF00005,4v7m,AY,1,72,62.3,1.10E-17,1,71,c0af92,1
RF00005,3j7r,S5,1,71,66.3,9.00E-19,1,71,8484c0,1
RF00005,4wr6,2L,1,74,61.4,2.10E-17,1,71,c008ae,1
RF00005,5wf0,v,1,74,61.3,2.10E-17,1,71,93c090,1
RF00005,4qei,C,1,69,52.5,5.10E-15,1,69,8484c0,1
RF00005,4l47,XV,1,74,61.4,2.10E-17,1,71,8484c0,1
RF00005,7o19,B8,1,74,60.7,3.10E-17,1,71,c008ae,1
RF00005,4wc4,B,1,73,77.2,8.90E-22,1,71,454545,1
RF00005,7qi4,Ax,1,67,66.8,6.00E-19,1,71,8e2511,1
RF00005,4wj3,Q,1,73,71.3,4.00E-20,1,71,8484c0,1
RF00005,4v6l,AE,1,73,68.3,2.50E-19,1,71,8e2511,1
RF00005,4v4z,AD,1,73,72.4,1.90E-20,1,71,8e2511,1
RF00005,6wd6,6,1,74,61.4,2.10E-17,1,71,454545,1
RF00005,6vu3,B,1,73,63.8,4.60E-18,1,71,0003c0,1
RF00005,4wqr,2K,1,74,61.4,2.10E-17,1,71,8.59E+09,1
RF00005,3epk,F,1,69,50.5,1.90E-14,2,69,ff87a4,1
RF00005,4cxg,Y,1,73,67.1,5.70E-19,1,71,8700,1
RF00005,6q8y,m,1,72,53.9,2.30E-15,1,71,ff87a4,1
RF00005,4wqf,DY,1,73,68.3,2.50E-19,1,71,ebeb30,1
RF00005,4v67,CZ,1,74,61.4,2.10E-17,1,71,8e2511,1
RF00005,4wr6,1K,1,82,53.4,3.70E-15,1,71,f29242,1
RF00005,5ud5,C,1,69,33.7,8.00E-10,1,71,ff87fa,1
RF00005,6wd0,6,1,74,61.4,2.10E-17,1,71,0003c0,1
RF00005,4v6t,AX,1,74,61.4,2.10E-17,1,71,1fc01f,1
RF00005,4w2g,CW,1,73,68.3,2.50E-19,1,71,bdc000,1
RF00005,1vy5,AY,1,73,68.3,2.50E-19,1,71,bdc000,1
RF00005,6ord,XY,1,73,68.9,1.70E-19,1,71,00bac0,1
RF00005,6gsl,1K,1,74,66.2,1.00E-18,1,71,00bac0,1
RF00005,4p6f,XW,1,73,68.3,2.50E-19,1,71,8484c0,1
RF00005,6gsj,2K,1,74,61.4,2.10E-17,1,71,bdc000,1
RF00005,4w2e,x,1,73,68.3,2.50E-19,1,71,bdc000,1
RF00005,3j0q,Y,1,74,61.4,2.10E-17,1,71,c008ae,1
RF00005,5t7v,D,1,73,68.3,2.50E-19,1,71,8e2511,1
RF00005,7vnw,B,1,75,62,1.50E-17,1,71,454545,1
RF00005,7u2i,2y,1,71,71.6,3.10E-20,1,71,c00f0f,1
RF00005,4v5p,CV,1,73,68.3,2.50E-19,1,71,8e2511,1
RF00005,6ufg,B,1,74,73.4,1.00E-20,1,71,1fc01f,1
RF00005,4yco,E,1,73,68.4,2.40E-19,1,71,93c090,1
RF00005,1vfg,D,1,73,77.2,9.00E-22,1,71,8e2511,1
RF00005,5vp2,2x,1,74,61.4,2.10E-17,1,71,ebeb30,1
RF00005,7r81,t1,1,73,60.8,3.00E-17,1,71,f29242,1
RF00005,6ufm,A,1,74,74.9,4.10E-21,1,71,8.59E+09,1
RF00005,5u9f,W,1,74,61.4,2.10E-17,1,71,c008ae,1
RF00005,4wzd,2K,1,82,53.4,3.70E-15,1,71,f29242,1
RF00005,4v79,A1,1,73,64.7,2.50E-18,1,71,8e2511,1
RF00005,5el7,3L,1,73,79.2,2.50E-22,1,71,8700,1
RF00005,5wit,1y,1,73,68.3,2.50E-19,1,71,1fc01f,1
RF00005,4v6f,BD,1,73,68.3,2.50E-19,1,71,f29242,1
RF00005,2ake,B,1,72,69.3,1.30E-19,1,71,1fc01f,1
RF00005,1vy4,CW,1,73,68.3,2.50E-19,1,71,bdc000,1
RF00005,4wro,1L,1,73,68.3,2.50E-19,1,71,f29242,1
RF00005,3rg5,B,3,85,30.5,7.40E-09,1,71,c00f0f,1
RF00005,7osm,ASIT,1,73,66.4,8.60E-19,1,71,0064f4,1
RF00005,7uq6,B,1,84,54.8,1.50E-15,1,71,f29242,1
RF00005,6oli,v,2,73,37,1.10E-10,1,71,c0af92,1
RF00005,6ys3,v,1,72,64.9,2.30E-18,1,71,0064f4,1
RF00005,5we4,v,1,74,61.3,2.10E-17,1,71,00bac0,1
RF00005,5el5,2K,1,74,61.4,2.10E-17,1,71,ff87a4,1
RF00005,5el7,3K,1,73,79.2,2.50E-22,1,71,f29242,1
RF00005,5axn,P,1,72,62.2,1.20E-17,2,71,c0af92,1
RF00005,1j2b,D,1,74,69.3,1.40E-19,1,71,ff87fa,1
RF00005,6oj2,QW,1,73,65.1,1.90E-18,1,71,ff87a4,1
RF00005,5wis,1y,1,73,68.3,2.50E-19,1,71,93c090,1
RF00005,4v87,BD,1,74,61.4,2.10E-17,1,71,8484c0,1
RF00005,4w2f,CY,1,73,68.3,2.50E-19,1,71,93c090,1
RF00005,4wsd,3L,1,73,68.3,2.50E-19,1,71,454545,1
RF00005,7phb,6,1,73,69.8,1.00E-19,1,71,93c090,1
RF00005,1o0b,B,1,72,62,1.40E-17,1,71,8.59E+09,1
RF00005,7azs,TRNA,1,73,68.3,2.50E-19,1,71,0064f4,1
RF00005,6olf,v,2,73,37,1.10E-10,1,71,ff87fa,1
RF00005,4v5d,AY,1,73,68.3,2.60E-19,1,71,454545,1
RF00005,4z3s,1x,1,74,61.4,2.10E-17,1,71,8e2511,1
RF00005,4v8d,AB,1,82,53.4,3.70E-15,1,71,8484c0,1
RF00005,6wdm,7,1,73,68.3,2.60E-19,1,71,00bac0,1
RF00005,6ord,QY,1,73,68.9,1.70E-19,1,71,c00f0f,1
RF00005,5czp,XV,1,74,61.4,2.10E-17,1,71,454545,1
RF00005,5wdt,v,1,74,61.3,2.10E-17,1,71,bdc000,1
RF00005,5j4d,NC,1,74,61.4,2.10E-17,1,71,93c090,1
RF00005,4v6n,BB,1,73,64.6,2.70E-18,1,71,ebeb30,1
RF00005,7lv0,6,1,74,61.4,2.10E-17,1,71,ff87a4,1
RF00005,4v6p,AB,1,73,64.6,2.70E-18,1,71,0003c0,1
RF00005,6gsl,3L,1,74,65.6,1.40E-18,1,71,bdc000,1
RF00005,3jag,3,1,72,70,8.40E-20,1,71,8.59E+09,1
RF00005,6olg,Bv,1,73,68.3,2.50E-19,1,71,ff87a4,1
RF00005,6wd6,7,1,73,68.3,2.50E-19,1,71,c0af92,1
RF00005,7q0p,10,1,74,69.9,9.30E-20,1,71,93c090,1
RF00005,7azs,ASIB,1,73,68.3,2.50E-19,1,71,454545,1
RF00005,4wt8,C2,1,73,68.3,2.50E-19,1,71,c00f0f,1
RF00005,1fir,A,1,73,74.1,6.70E-21,1,71,8.59E+09,1
RF00005,5ccb,N,2,74,74.1,6.80E-21,1,71,c00f0f,1
RF00005,2fmt,C,1,74,61.3,2.10E-17,1,71,0064f4,1
RF00005,4v7k,Bv,1,74,61.4,2.10E-17,1,71,bdc000,1
RF00005,6nd5,2x,1,74,61.4,2.10E-17,1,71,00bac0,1
RF00005,6bu8,X,1,74,61.4,2.10E-17,1,71,f29242,1
RF00005,3cw5,A,1,74,61.3,2.10E-17,1,71,ebeb30,1
RF00005,7oia,B,1,69,34.3,5.30E-10,1,71,8e2511,1
RF00005,5ndk,W4,1,73,68.3,2.50E-19,1,71,8700,1
RF00005,2dxi,D,1,72,64.1,3.50E-18,1,71,c008ae,1
RF00005,5iqr,6,1,73,68.3,2.50E-19,1,71,0064f4,1
RF00005,4v51,CW,1,73,68.3,2.50E-19,1,71,ff87fa,1
RF00005,6of6,XY,1,73,63,7.60E-18,1,71,c008ae,1
RF00005,1vy7,CY,1,73,68.3,2.50E-19,1,71,c00f0f,1
RF00005,5jte,AW,1,71,77.2,8.90E-22,1,71,c00f0f,1
RF00005,6vyz,B,1,73,63.8,4.60E-18,1,71,8484c0,1
RF00005,4v95,CV,1,74,61.4,2.10E-17,1,71,c00f0f,1
RF00005,4v65,AE,1,73,67.7,3.80E-19,1,71,0064f4,1
RF00005,6by1,AY,1,73,65.9,1.20E-18,1,71,c00f0f,1
RF00005,486d,C,1,72,52.6,5.00E-15,1,70,93c090,1
RF00005,4v7j,Aw,1,74,61.4,2.10E-17,1,71,8484c0,1
RF00005,4v6f,CC,1,73,68.3,2.50E-19,1,71,c008ae,1
RF00005,2fk6,R,1,73,65.7,1.40E-18,1,71,8.59E+09,1
RF00005,4ujc,AA,1,73,68.3,2.50E-19,1,71,c00f0f,1
RF00005,4wt8,D3,1,73,68.3,2.50E-19,1,71,bdc000,1
RF00005,6n9f,1x,1,74,61.4,2.10E-17,1,71,c008ae,1
RF00005,2ms0,B,1,71,49.5,3.50E-14,1,70,454545,1
RF00005,6oj2,XY,1,73,63,7.60E-18,1,71,f29242,1
RF00005,5mc6,m,1,73,79.2,2.50E-22,1,71,1fc01f,1
RF00005,4v8c,DD,1,74,61.4,2.10E-17,1,71,8e2511,1
RF00005,4v5p,AV,1,73,68.3,2.50E-19,1,71,ebeb30,1
RF00005,6sv4,n,1,73,60.8,3.00E-17,1,71,00bac0,1
RF00005,7oi7,B,1,69,34.3,5.30E-10,1,71,00bac0,1
RF00005,1eg0,O,1,73,63.7,4.80E-18,1,71,c0af92,1
RF00005,6ip5,zy,1,72,53.9,2.30E-15,1,71,ff87fa,1
RF00005,6of6,QY,1,73,63,7.60E-18,1,71,8700,1
RF00005,7sso,5,1,74,65.8,1.30E-18,1,71,c008ae,1
RF00005,1u0b,A,1,71,54,2.20E-15,1,71,c00f0f,1
RF00005,4v8f,CB,1,82,53.4,3.70E-15,1,71,c00f0f,1
RF00005,4v4i,0,1,73,69.6,1.10E-19,1,71,bdc000,1
RF00005,4wro,1K,1,73,68.3,2.50E-19,1,71,0003c0,1
RF00005,4wqf,BY,1,73,68.3,2.50E-19,1,71,00bac0,1
RF00005,5d8b,FD,1,74,61.4,2.10E-17,1,71,93c090,1
RF00005,1qzb,B,1,73,67.7,3.80E-19,1,71,0064f4,1
RF00005,3j9z,S7,1,73,68.3,2.50E-19,1,71,c0af92,1
RF00005,2der,D,1,73,60.1,4.60E-17,1,71,454545,1
RF00005,5lzu,2,1,73,55.9,6.50E-16,1,71,bdc000,1
RF00005,6q95,7,1,74,61.4,2.10E-17,1,71,ff87a4,1
RF00005,7lh5,CY,1,73,68.3,2.50E-19,1,71,8700,1
RF00005,5mgp,x,1,74,60.7,3.10E-17,1,71,f29242,1
RF00005,5jte,AX,1,74,67.7,3.90E-19,1,71,ebeb30,1
RF00005,5m1j,A3,1,73,67.7,3.80E-19,1,71,8.59E+09,1
RF00005,4v5p,CW,1,73,68.3,2.50E-19,1,71,c0af92,1
RF00005,7d6z,4,1,73,79.2,2.50E-22,1,71,93c090,1
RF00005,4p70,QV,1,74,61.4,2.10E-17,1,71,ff87a4,1
RF00005,6ysr,w,1,73,71.1,4.30E-20,1,71,0064f4,1
RF00005,6wde,6,1,74,61.4,2.10E-17,1,71,0064f4,1
RF00005,4yco,D,1,73,68.4,2.40E-19,1,71,ff87a4,1
RF00005,4w29,AX,1,73,65.9,1.20E-18,1,71,ebeb30,1
RF00005,6o8w,u,1,73,68.3,2.50E-19,1,71,ff87fa,1
RF00005,6mtb,4,1,72,70,8.40E-20,1,71,bdc000,1
RF00005,6x7f,A,1,73,63.8,4.60E-18,1,71,ff87fa,1
RF00005,3wfq,C,1,73,77.2,8.80E-22,1,71,c008ae,1
RF00005,6zvh,x,1,72,53.9,2.30E-15,1,71,8e2511,1
RF00005,4v5c,AV,1,74,61.4,2.10E-17,1,71,93c090,1
RF00005,7kab,C,1,74,72.2,2.10E-20,1,71,8484c0,1
RF00005,6gxm,x,1,74,61.4,2.10E-17,1,71,8484c0,1
RF00005,6of1,2y,1,73,64.7,2.50E-18,1,71,8.59E+09,1
RF00005,4v5e,AW,1,73,68.3,2.50E-19,1,71,0064f4,1
RF00005,4x0a,B,1,72,64,3.90E-18,2,71,93c090,1
RF00005,1jgq,D,1,71,57.8,2.00E-16,1,71,c0af92,1
RF00005,7pi8,7,1,73,69.8,1.00E-19,1,71,f29242,1
RF00005,3jce,6,1,73,68.3,2.50E-19,1,71,8484c0,1
RF00005,4tzz,K,1,68,60.3,4.00E-17,5,71,c00f0f,1
RF00005,6wb0,D,1,73,74.1,7.00E-21,1,71,8484c0,1
RF00005,7oie,B,1,69,34.3,5.30E-10,1,71,8484c0,1
RF00005,4v87,CD,1,74,61.4,2.10E-17,1,71,454545,1
RF00005,6xhv,2x,1,74,61.4,2.10E-17,1,71,ff87a4,1
RF00005,4z3s,2w,1,73,68.3,2.50E-19,1,71,ff87a4,1
RF00005,6oli,u,1,73,60.4,3.80E-17,1,71,8484c0,1
RF00005,4wqy,DX,1,74,61.4,2.10E-17,1,71,ebeb30,1
RF00005,5u9g,X,1,74,61.4,2.10E-17,1,71,8700,1
RF00005,5el6,3L,1,73,79.2,2.50E-22,1,71,0064f4,1
RF00005,1qru,B,1,72,62,1.40E-17,1,71,ebeb30,1
RF00005,6t7t,7,1,73,65.5,1.50E-18,1,71,bdc000,1
RF00005,2om7,M,1,71,57.8,2.00E-16,1,71,8484c0,1
RF00005,6wdb,7,1,73,68.3,2.50E-19,1,71,8.59E+09,1
RF00005,7k9m,C,1,74,72.2,2.10E-20,1,71,c00f0f,1
RF00005,6of6,QV,1,74,61.4,2.10E-17,1,71,ff87fa,1
RF00005,4v5g,CY,1,73,72.7,1.60E-20,1,71,8.59E+09,1
RF00005,4wt1,2L,1,74,61.4,2.10E-17,1,71,8.59E+09,1
RF00005,1il2,C,1,72,56.3,5.20E-16,1,71,8.59E+09,1
RF00005,1exd,B,1,70,58.6,1.10E-16,2,71,ff87fa,1
RF00005,4wj3,S,1,73,71.3,4.00E-20,1,71,8.59E+09,1
RF00005,5ndj,V1,1,73,68.3,2.50E-19,1,71,0003c0,1
RF00005,6t7i,7,1,72,53.9,2.30E-15,1,71,1fc01f,1
RF00005,4v8e,DB,1,82,53.4,3.70E-15,1,71,c008ae,1
RF00005,4v7l,CW,1,72,62,1.40E-17,1,71,8.59E+09,1
RF00005,7pan,8,1,73,69.8,1.00E-19,1,71,8e2511,1
RF00005,7cpv,S6,1,72,58,1.70E-16,1,71,ff87a4,1
RF00005,4v5m,AV,1,74,61.4,2.10E-17,1,71,8700,1
RF00005,6zvi,e,1,74,61.4,2.10E-17,1,71,0064f4,1
RF00005,6b4v,D,1,74,61.4,2.10E-17,1,71,00bac0,1
RF00005,5uyn,Y,1,73,79.2,2.50E-22,1,71,8.59E+09,1
RF00005,4v49,AW,1,73,67.7,3.80E-19,1,71,bdc000,1
RF00005,7u2h,2x,1,74,61.4,2.10E-17,1,71,8e2511,1
RF00005,7nqh,BB,1,70,42.9,2.50E-12,1,71,ff87fa,1
RF00005,6vu3,A,1,73,63.8,4.60E-18,1,71,0003c0,1
RF00005,4yvi,C,1,71,64,3.80E-18,1,71,0003c0,1
RF00005,7a5j,B,1,69,34.3,5.30E-10,1,71,1fc01f,1
RF00005,4v97,AV,1,74,61.4,2.10E-17,1,71,0003c0,1
RF00005,4wpo,BX,1,74,61.4,2.10E-17,1,71,8.59E+09,1
RF00005,4wro,2L,1,74,61.4,2.10E-17,1,71,8.59E+09,1
RF00005,7oig,z,1,85,49.9,3.40E-14,1,71,8e2511,1
RF00005,7pip,7,1,73,69.8,1.00E-19,1,71,8700,1
RF00005,6xii,A,1,73,63.8,4.60E-18,1,71,00bac0,1
RF00005,6qnr,3L,1,73,68.3,2.50E-19,1,71,454545,1
RF00005,5w4k,2y,1,73,68.3,2.50E-19,1,71,8700,1
RF00005,5me1,X,1,74,61.3,2.10E-17,1,71,c008ae,1
RF00005,5hd1,1x,1,74,61.4,2.10E-17,1,71,c0af92,1
RF00005,4v5r,CV,1,73,68.3,2.50E-19,1,71,8484c0,1
RF00005,4v7l,CX,1,74,61.4,2.10E-17,1,71,c008ae,1
RF00005,7azo,PSIB,1,73,68.3,2.50E-19,1,71,0003c0,1
RF00005,3jaj,3,1,73,65.1,2.00E-18,1,71,0064f4,1
RF00005,7paq,8,1,73,69.8,1.00E-19,1,71,8.59E+09,1
RF00005,7ssn,5,1,74,65.8,1.30E-18,1,71,8e2511,1
RF00005,6qnq,3L,1,74,61.4,2.10E-17,1,71,f29242,1
RF00005,5ndk,X1,1,73,68.3,2.50E-19,1,71,0003c0,1
RF00005,7n2u,Dt,1,73,62.6,9.80E-18,1,71,c008ae,1
RF00005,4v5q,CY,1,73,68.6,2.20E-19,1,71,c00f0f,1
RF00005,6wd8,5,1,74,61.4,2.10E-17,1,71,ff87a4,1
RF00005,5jte,AY,1,71,64.9,2.10E-18,1,71,454545,1
RF00005,4v72,A3,1,74,61.4,2.10E-17,1,71,ff87fa,1
RF00005,6xdr,B,1,73,63.8,4.60E-18,1,71,0064f4,1
RF00005,4wj3,R,1,73,71.3,4.00E-20,1,71,ff87a4,1
RF00005,4v8e,DD,1,82,53.4,3.70E-15,1,71,0064f4,1
RF00005,6bok,LC,1,74,61.4,2.10E-17,1,71,ebeb30,1
RF00005,2zzm,B,1,85,48.1,1.10E-13,1,71,f29242,1
RF00005,3wfr,D,1,73,77.2,9.00E-22,1,71,454545,1
RF00005,6q8y,n,1,73,60.8,3.00E-17,1,71,93c090,1
RF00005,2du6,D,1,71,48.6,6.20E-14,1,70,00bac0,1
RF00005,4v6g,CD,1,74,61.4,2.10E-17,1,71,ff87a4,1
RF00005,4tuc,QV,1,74,61.4,2.10E-17,1,71,c00f0f,1
RF00005,6nd5,2y,1,73,68.3,2.50E-19,1,71,00bac0,1
RF00005,7p7t,C,1,73,75.4,2.90E-21,1,71,00bac0,1
RF00005,6o9j,v,1,73,68.3,2.50E-19,1,71,0064f4,1
RF00005,4v6f,CD,1,73,68.3,2.50E-19,1,71,8484c0,1
RF00005,7st6,5,1,74,65.8,1.30E-18,1,71,8e2511,1
RF00005,1qrs,B,1,72,62,1.40E-17,1,71,454545,1
RF00005,6xgf,A,1,73,63.8,4.60E-18,1,71,ebeb30,1
RF00005,6vz3,B,1,73,63.8,4.60E-18,1,71,8484c0,1
RF00005,6ogi,5,1,74,61.4,2.10E-17,1,71,c00f0f,1
RF00005,4wq1,3K,1,82,53.4,3.70E-15,1,71,ff87a4,1
RF00005,6dnc,D,1,74,61.4,2.10E-17,1,71,ff87a4,1
RF00005,6c5l,CW,1,73,68.3,2.50E-19,1,71,0003c0,1
RF00005,7qp7,w,1,72,58,1.70E-16,1,71,454545,1
RF00005,3jcd,9,1,73,68.3,2.50E-19,1,71,ebeb30,1
RF00005,7o80,AT,1,83,63.5,6.20E-18,1,71,93c090,1
RF00005,5hau,1w,1,74,61.4,2.10E-17,1,71,00bac0,1
RF00005,6r6p,2,1,73,49.4,4.00E-14,1,71,0003c0,1
RF00005,4wc3,B,1,73,77.2,9.20E-22,1,71,8.59E+09,1
RF00005,5j4c,1w,1,73,68.3,2.50E-19,1,71,f29242,1
RF00005,4wq1,2L,1,74,61.4,2.10E-17,1,71,0003c0,1
RF00005,5wwr,D,1,72,68.7,2.00E-19,1,71,ff87a4,1
RF00005,7pai,7,1,73,69.8,1.00E-19,1,71,f29242,1
RF00005,6wdj,5,1,74,61.4,2.10E-17,1,71,8700,1
RF00005,6zu9,1,1,72,63.6,5.10E-18,1,71,0064f4,1
RF00005,5ib7,3L,1,73,79.2,2.50E-22,1,71,c0af92,1
RF00005,4p6f,QV,1,74,61.4,2.10E-17,1,71,0064f4,1
RF00005,4v5q,AY,1,73,68.6,2.20E-19,1,71,8484c0,1
RF00005,6y57,B4,1,72,58,1.70E-16,1,71,1fc01f,1
RF00005,5zeb,v,1,74,61.3,2.10E-17,1,71,0003c0,1
RF00005,5el4,2L,1,74,61.4,2.10E-17,1,71,8700,1
RF00005,5ju8,AX,1,74,67.7,3.90E-19,1,71,93c090,1
RF00005,6zmo,CC,1,72,53.9,2.30E-15,1,71,c0af92,1
RF00005,4v90,AV,1,73,66.7,7.00E-19,1,71,f29242,1
RF00005,7u2j,2w,1,71,71.6,3.10E-20,1,71,bdc000,1
RF00005,5lzs,ii,1,73,55.9,6.50E-16,1,71,c00f0f,1
RF00005,6sgc,33,1,73,69.2,1.40E-19,1,71,ff87fa,1
RF00005,6vyr,B,1,73,63.8,4.60E-18,1,71,0003c0,1
RF00005,3zgz,B,2,85,60,5.70E-17,1,71,ff87a4,1
RF00005,7pjw,v,1,74,61.3,2.10E-17,1,71,00bac0,1
RF00005,1zjw,B,1,72,55.1,1.10E-15,1,71,c008ae,1
RF00005,4v7k,Av,1,74,61.4,2.10E-17,1,71,bdc000,1
RF00005,4v65,AA,1,73,67.7,3.80E-19,1,71,c008ae,1
RF00005,5iqr,5,1,74,58.1,1.70E-16,1,71,8.59E+09,1
RF00005,7chd,J,1,74,61.3,2.10E-17,1,71,0003c0,1
RF00005,4v8b,CC,1,74,61.4,2.10E-17,1,71,1fc01f,1
RF00005,6cae,1x,1,74,61.4,2.10E-17,1,71,8484c0,1
RF00005,6ole,v,2,73,37,1.10E-10,1,71,bdc000,1
RF00005,6ztj,AX,1,73,68.3,2.50E-19,1,71,f29242,1
RF00005,5uyl,W,1,74,61.4,2.10E-17,1,71,c008ae,1
RF00005,6ord,XV,1,74,61.4,2.10E-17,1,71,f29242,1
RF00005,4lfz,XV,1,74,61.4,2.10E-17,1,71,ebeb30,1
RF00005,6ore,5,1,73,54.9,1.20E-15,2,71,ff87fa,1
RF00005,6vyt,A,1,73,63.8,4.60E-18,1,71,c0af92,1
RF00005,6xhv,1w,1,73,68.3,2.50E-19,1,71,c008ae,1
RF00005,4v9k,AW,1,74,71.1,4.40E-20,1,71,0064f4,1
RF00005,5uym,W,1,74,61.4,2.10E-17,1,71,93c090,1
RF00005,4v6k,BE,1,73,68.3,2.50E-19,1,71,1fc01f,1
RF00005,7qh4,y,1,74,71.7,3.10E-20,1,71,93c090,1
RF00005,4wsd,1L,1,73,68.3,2.50E-19,1,71,ff87a4,1
RF00005,3wfq,A,1,73,77.2,8.80E-22,1,71,c00f0f,1
RF00005,7b5k,x,1,74,59.5,7.00E-17,1,71,0064f4,1
RF00005,6y57,D4,1,73,68.3,2.50E-19,1,71,454545,1
RF00005,5wit,1x,1,74,61.4,2.10E-17,1,71,00bac0,1
RF00005,5on3,B,1,84,57.7,2.50E-16,1,71,ff87a4,1
RF00005,4v8n,CY,1,75,71,4.80E-20,1,71,00bac0,1
RF00005,5afi,v,1,74,61.3,2.10E-17,1,71,0003c0,1
RF00005,6ztm,AX,1,73,68.3,2.50E-19,1,71,ff87a4,1
RF00005,7qi4,Ay,1,67,68.5,2.20E-19,1,71,00bac0,1
RF00005,4v5g,CW,1,73,68.3,2.50E-19,1,71,8700,1
RF00005,6w6l,v,2,73,37,1.10E-10,1,71,1fc01f,1
RF00005,6orl,5,1,73,54.9,1.20E-15,2,71,8.59E+09,1
RF00005,6vys,B,1,73,63.8,4.60E-18,1,71,c00f0f,1
RF00005,6fyy,1,1,72,63.6,5.20E-18,1,71,0003c0,1
RF00005,3jai,2,1,73,55.9,6.50E-16,1,71,8484c0,1
RF00005,6pmo,B,1,72,74.5,5.00E-21,1,71,93c090,1
RF00005,4w29,AW,1,74,71.1,4.40E-20,1,71,ff87a4,1
RF00005,5lmu,Z,1,74,61.4,2.10E-17,1,71,1fc01f,1
RF00005,7azo,TRNA,1,73,68.3,2.50E-19,1,71,c00f0f,1
RF00005,5hcr,1x,1,74,61.4,2.10E-17,1,71,454545,1
RF00005,6htq,u,1,73,68.3,2.50E-19,1,71,0064f4,1
RF00005,7k50,7,1,74,65.8,1.30E-18,1,71,0003c0,1
RF00005,4v6f,BC,1,73,68.3,2.50E-19,1,71,ff87fa,1
RF00005,5omw,B,1,84,57.7,2.50E-16,1,71,ff87fa,1
RF00005,5el4,1L,1,73,79.2,2.50E-22,1,71,c008ae,1
RF00005,1o0c,B,1,72,62,1.40E-17,1,71,c008ae,1
RF00005,4v5a,CW,1,74,61.4,2.10E-17,1,71,c00f0f,1
RF00005,6ztm,AW,1,74,61.3,2.10E-17,1,71,8700,1
RF00005,6qzp,S6,1,72,58,1.70E-16,1,71,8e2511,1
RF00005,5kpv,32,1,74,61.3,2.10E-17,1,71,ff87fa,1
RF00005,4as1,B,1,84,57.7,2.50E-16,1,71,8.59E+09,1
RF00005,3j9z,S6,1,74,61.3,2.10E-17,1,71,ff87a4,1
RF00005,7pio,7,1,73,69.8,1.00E-19,1,71,454545,1
RF00005,5vpp,XV,1,75,52.7,5.40E-15,1,71,bdc000,1
RF00005,6qnq,3K,1,74,61.4,2.10E-17,1,71,8.59E+09,1
RF00005,4uje,AV,1,73,68.3,2.50E-19,1,71,c00f0f,1
RF00005,6bok,IA,1,74,61.4,2.10E-17,1,71,f29242,1
RF00005,6wdi,6,1,74,61.4,2.10E-17,1,71,8484c0,1
RF00005,4v7m,AW,1,72,62,1.40E-17,1,71,1fc01f,1
RF00005,7mrl,A,1,75,50.2,2.40E-14,1,70,ff87fa,1
RF00005,4wc5,B,1,73,77.2,8.90E-22,1,71,0064f4,1
RF00005,7oif,z,1,85,49.9,3.40E-14,1,71,f29242,1
RF00005,1vy4,CY,1,73,68.3,2.50E-19,1,71,ff87a4,1
RF00005,6tc3,PTR1,1,73,67.1,5.50E-19,1,71,8484c0,1
RF00005,4v4z,AC,1,73,63.8,4.60E-18,1,71,ebeb30,1
RF00005,6nwy,XV,1,74,60.7,3.10E-17,1,71,ff87a4,1
RF00005,2cv2,C,1,72,64.1,3.50E-18,1,71,93c090,1
RF00005,5hcp,1x,1,74,61.4,2.10E-17,1,71,c008ae,1
RF00005,7kju,A,1,73,65.3,1.70E-18,2,71,c0af92,1
RF00005,5l4o,A,1,74,66.1,1.00E-18,1,71,8e2511,1
RF00005,1gtr,B,1,71,54,2.20E-15,2,71,c0af92,1
RF00005,6bz7,QW,1,74,61.4,2.10E-17,1,71,1fc01f,1
RF00005,6gxo,x,1,74,61.3,2.10E-17,1,71,f29242,1
RF00005,7p7s,D,1,74,64.2,3.60E-18,1,71,f29242,1
RF00005,4wt1,1K,1,73,68.3,2.50E-19,1,71,8700,1
RF00005,3hl2,E,3,85,30.5,7.80E-09,1,71,8.59E+09,1
RF00005,7pir,6,1,73,69.8,1.00E-19,1,71,8e2511,1
RF00005,4v68,AY,1,69,62.5,9.40E-18,1,71,454545,1
RF00005,7pas,8,1,73,69.8,1.00E-19,1,71,c00f0f,1
RF00005,4v65,AP,1,73,67.7,3.80E-19,1,71,8e2511,1
RF00005,6tnu,n,1,72,63.6,5.10E-18,1,71,f29242,1
RF00005,5lzv,2,1,73,55.9,6.50E-16,1,71,ff87fa,1
RF00005,6qnr,2L,1,73,68.3,2.50E-19,1,71,c0af92,1
RF00005,6n9e,2x,1,74,61.4,2.10E-17,1,71,8e2511,1
RF00005,6htq,w,1,72,60.2,4.30E-17,2,71,ff87a4,1
RF00005,7pak,6,1,73,69.8,1.00E-19,1,71,93c090,1
RF00005,4v9n,CW,1,74,61.4,2.10E-17,1,71,1fc01f,1
RF00005,1ttt,E,1,73,67.7,3.80E-19,1,71,8700,1
RF00005,4wra,2L,1,74,61.4,2.10E-17,1,71,8700,1
RF00005,4wra,2K,1,74,61.4,2.10E-17,1,71,bdc000,1
RF00005,6wd9,5,1,74,61.4,2.10E-17,1,71,8700,1
RF00005,5vpp,QV,1,75,52.7,5.40E-15,1,71,bdc000,1
RF00005,7rq8,1w,1,73,68.3,2.50E-19,1,71,0064f4,1
RF00005,4tua,QV,1,74,61.4,2.10E-17,1,71,ff87fa,1
RF00005,4wra,1K,1,82,53.4,3.70E-15,1,71,bdc000,1
RF00005,4v4p,BB,1,73,67.7,3.80E-19,1,71,ff87fa,1
RF00005,5uyk,W,1,74,61.4,2.10E-17,1,71,8e2511,1
RF00005,4v42,AB,1,73,67.7,3.80E-19,1,71,00bac0,1
RF00005,4w2i,CX,1,74,61.4,2.10E-17,1,71,ebeb30,1
RF00005,5aj0,Bw,1,73,68.3,2.50E-19,1,71,0064f4,1
RF00005,6osq,5,1,73,54.9,1.20E-15,2,71,8.59E+09,1
RF00005,7nhk,D,1,74,64.2,3.50E-18,1,71,454545,1
RF00005,5ib7,2K,1,74,61.4,2.10E-17,1,71,00bac0,1
RF00005,5hcq,2x,1,74,61.4,2.10E-17,1,71,8484c0,1
RF00005,4v5r,CY,1,73,64.6,2.80E-18,1,71,8e2511,1
RF00005,4wsd,2L,1,74,61.4,2.10E-17,1,71,8484c0,1
RF00005,2re8,B,1,72,55.1,1.10E-15,1,71,00bac0,1
RF00005,5wfk,w,1,74,61.3,2.10E-17,1,71,8700,1
RF00005,6vz7,A,1,73,63.8,4.60E-18,1,71,c008ae,1
RF00005,7a09,f,1,72,59.3,7.60E-17,1,71,c008ae,1
RF00005,7st2,5,1,74,65.8,1.30E-18,1,71,0064f4,1
RF00005,4v8n,AV,1,75,71,4.80E-20,1,71,0003c0,1
RF00005,7o81,AJ,1,73,63.6,5.00E-18,1,71,ff87fa,1
RF00005,6vyr,A,1,73,63.8,4.60E-18,1,71,f29242,1
RF00005,4tue,QV,1,74,61.4,2.10E-17,1,71,00bac0,1
RF00005,6bz6,XV,1,74,61.4,2.10E-17,1,71,bdc000,1
RF00005,4v9a,CC,1,74,61.4,2.10E-17,1,71,93c090,1
RF00005,4tuc,XV,1,74,61.4,2.10E-17,1,71,8e2511,1
RF00005,7qg8,M,1,72,62,1.40E-17,1,71,0003c0,1
RF00005,6cae,1w,1,73,64.7,2.50E-18,1,71,0064f4,1
RF00005,6xz7,g,1,73,67.7,3.80E-19,1,71,454545,1
RF00005,6gsk,2L,1,74,61.4,2.10E-17,1,71,1fc01f,1
RF00005,6wd2,7,1,73,68.3,2.50E-19,1,71,ebeb30,1
RF00005,7lj3,C,1,72,56.9,3.60E-16,1,71,00bac0,1
RF00005,5vp2,1y,1,73,68.3,2.50E-19,1,71,93c090,1
RF00005,486d,A,1,72,67.8,3.50E-19,1,71,454545,1
RF00005,6xhw,1x,1,74,61.4,2.10E-17,1,71,ff87a4,1
RF00005,4v8c,CB,1,84,52.8,5.60E-15,1,71,8484c0,1
RF00005,6gz3,Bv,1,73,65.1,2.00E-18,1,71,8484c0,1
RF00005,4ypb,XV,1,74,61.4,2.10E-17,1,71,93c090,1
RF00005,6zto,AX,1,73,68.3,2.50E-19,1,71,8e2511,1
RF00005,7d80,Z,1,73,79.2,2.50E-22,1,71,f29242,1
RF00005,4wpo,DX,1,74,61.4,2.10E-17,1,71,1fc01f,1
RF00005,5tcu,D,1,73,68.3,2.50E-19,1,71,c00f0f,1
RF00005,4v4w,AV,1,73,67.7,3.80E-19,1,71,ff87a4,1
RF00005,2v0g,F,1,80,60.3,4.60E-17,1,71,1fc01f,1
RF00005,4v8q,BW,1,74,61.4,2.10E-17,1,71,454545,1
RF00005,4zer,2x,1,73,57.3,2.80E-16,2,71,1fc01f,1
RF00005,4v5e,CW,1,73,68.3,2.50E-19,1,71,bdc000,1
RF00005,7a5j,x,1,70,46.4,2.70E-13,1,71,8e2511,1
RF00005,6d90,3,1,84,52.8,5.60E-15,1,71,8484c0,1
RF00005,6ip8,zy,1,72,53.9,2.30E-15,1,71,0064f4,1
RF00005,7azs,ESIA,1,73,68.3,2.50E-19,1,71,8e2511,1
RF00005,4v5f,CW,1,74,61.4,2.10E-17,1,71,8700,1
RF00005,6bz6,QV,1,74,61.4,2.10E-17,1,71,bdc000,1
RF00005,6y69,w,1,74,60.9,2.90E-17,1,71,454545,1
RF00005,4v6r,AD,1,74,61.3,2.10E-17,1,71,0064f4,1
RF00005,7n2c,Dt,1,73,62.6,9.80E-18,1,71,8700,1
RF00005,6z6l,CC,1,72,53.9,2.30E-15,1,71,c00f0f,1
RF00005,6yan,1,1,72,58,1.70E-16,1,71,8.59E+09,1
RF00005,6zsb,XB,1,69,34.3,5.50E-10,1,71,1fc01f,1
RF00005,4kzz,j,1,72,58,1.70E-16,1,71,8e2511,1
RF00005,4v66,AP,1,73,67.7,3.80E-19,1,71,1fc01f,1
RF00005,6lvr,D,1,73,67.7,3.80E-19,1,71,454545,1
RF00005,4v8n,CV,1,75,71,4.80E-20,1,71,bdc000,1
RF00005,4wro,2K,1,74,61.4,2.10E-17,1,71,8700,1
RF00005,4wpo,DW,1,73,68.3,2.50E-19,1,71,ebeb30,1
RF00005,5ib7,1K,1,73,79.2,2.50E-22,1,71,0003c0,1
RF00005,6i0y,V,1,74,54.9,1.20E-15,1,71,ebeb30,1
RF00005,4zsn,QV,1,74,61.4,2.10E-17,1,71,0064f4,1
RF00005,3j0l,V,1,73,68.3,2.50E-19,1,71,93c090,1
RF00005,3j92,2,1,74,61.4,2.10E-17,1,71,0003c0,1
RF00005,2csx,C,1,74,69.7,1.00E-19,1,71,8484c0,1
RF00005,4wqr,2L,1,74,61.4,2.10E-17,1,71,00bac0,1
RF00005,7f36,E,1,73,69.1,1.60E-19,1,71,ff87a4,1
RF00005,6oj2,XV,1,74,61.4,2.10E-17,1,71,f29242,1
RF00005,4wzo,2K,1,74,61.4,2.10E-17,1,71,bdc000,1
RF00005,4v7c,AV,1,73,68.3,2.50E-19,1,71,00bac0,1
RF00005,7a5k,24,1,70,46.4,2.70E-13,1,71,ff87fa,1
RF00005,5kcs,1x,1,74,66.3,9.20E-19,1,71,c0af92,1
RF00005,6by1,BW,1,73,65.9,1.20E-18,1,71,0003c0,1
RF00005,4v97,CY,1,73,68.3,2.50E-19,1,71,0064f4,1
RF00005,6nuo,QV,1,74,60.7,3.10E-17,1,71,8e2511,1
RF00005,5wwt,C,1,72,68.7,2.00E-19,1,71,454545,1
RF00005,4v6z,A1,1,73,64.7,2.50E-18,1,71,00bac0,1
RF00005,7aqc,P,1,73,65.9,1.20E-18,1,71,0064f4,1
RF00005,5j30,XV,1,74,61.4,2.10E-17,1,71,ff87fa,1
RF00005,7o5b,U,1,74,71.7,3.10E-20,1,71,0003c0,1
RF00005,5d8b,ED,1,74,61.4,2.10E-17,1,71,c008ae,1
RF00005,6hcj,33,1,72,58,1.70E-16,1,71,00bac0,1
RF00005,4lel,QV,1,74,61.4,2.10E-17,1,71,1fc01f,1
RF00005,6ydw,BA,5333,5268,54.2,4.30E-13,1,71,454545,1
RF00005,6ydw,BA,3701,3769,53.2,7.70E-13,1,71,f29242,1
RF00005,6ydw,BA,2669,2743,53,9.00E-13,1,71,8.59E+09,1
RF00005,6ydw,BA,3839,3767,52.1,1.60E-12,1,71,8700,1
RF00005,6ydw,BA,9408,9476,50.3,4.90E-12,1,71,f29242,1
RF00005,6ydw,BA,14159,14091,47.4,3.10E-11,1,71,1fc01f,1
RF00005,6ydw,BA,6959,7026,47.3,3.40E-11,1,71,8700,1
RF00005,6ydw,BA,11561,11629,46.2,6.60E-11,1,71,8e2511,1
RF00005,6ydw,BA,9824,9892,44.7,1.70E-10,1,71,0003c0,1
RF00005,6ydw,BA,5094,5027,44,2.70E-10,1,71,bdc000,1
RF00005,6ydw,BA,1,70,42.9,5.50E-10,1,71,93c090,1
RF00005,6ydw,BA,11689,11758,41,1.80E-09,1,71,454545,1
RF00005,6ydw,BA,7715,7781,40.3,2.90E-09,1,71,c00f0f,1
RF00005,6ydw,BA,15435,15371,36.9,2.30E-08,1,71,8484c0,1
RF00005,6ydw,BA,3841,3910,36.8,2.60E-08,1,71,ff87fa,1
RF00005,6ydw,BA,4953,5020,36.6,2.90E-08,1,71,c0af92,1
RF00005,6ydw,BA,5170,5096,35.9,4.50E-08,1,71,0064f4,1
RF00005,6ydw,BA,6951,6883,33.6,1.90E-07,1,71,ff87a4,1
RF00005,6ydw,BA,1031,1098,31.8,6.20E-07,1,71,454545,1
RF00005,1f7v,B,1,73,62.4,1.10E-17,1,71,0064f4,1
RF00005,4ypb,QV,1,74,61.4,2.10E-17,1,71,8.59E+09,1
RF00005,1ehz,A,1,73,67.7,3.80E-19,1,71,ff87a4,1
RF00005,7jql,1x,1,74,61.4,2.10E-17,1,71,0003c0,1
RF00005,4v87,CB,1,84,52.8,5.60E-15,1,71,8e2511,1
RF00005,3zjt,B,2,85,54,2.50E-15,1,71,f29242,1
RF00005,1zo1,F,1,73,67.7,3.80E-19,1,71,93c090,1
RF00005,1tra,A,1,73,67.7,3.80E-19,1,71,8.59E+09,1
RF00005,6xiq,AZ,1,73,67.7,3.80E-19,1,71,454545,1
RF00005,4v67,AY,1,74,61.4,2.10E-17,1,71,c0af92,1
RF00005,6vz2,B,1,73,63.8,4.60E-18,1,71,8484c0,1
RF00005,3jbv,W,1,73,57.6,2.20E-16,1,71,0064f4,1
RF00005,6ysu,w,1,73,71.1,4.30E-20,1,71,ff87a4,1
RF00005,6d9j,3,1,84,52.8,5.60E-15,1,71,8.59E+09,1
RF00005,4wqy,BX,1,74,61.4,2.10E-17,1,71,ebeb30,1
RF00005,7p6z,7,1,73,69.8,1.00E-19,1,71,c008ae,1
RF00005,4v5j,AV,1,73,68.3,2.60E-19,1,71,ff87a4,1
RF00005,4cqn,E,1,79,45.1,6.60E-13,1,71,c00f0f,1
RF00005,4v6r,AB,1,73,64.6,2.70E-18,1,71,8700,1
RF00005,4v7l,AX,1,74,61.4,2.10E-17,1,71,c0af92,1
RF00005,7lyf,A,1,136,49,9.80E-14,1,71,c008ae,1
RF00005,3zju,B,1,84,57.7,2.50E-16,1,71,93c090,1
RF00005,7og4,XB,1,69,34.3,5.50E-10,1,71,8e2511,1
RF00005,5lms,Z,1,74,61.4,2.10E-17,1,71,93c090,1
RF00005,7unr,v,1,74,61.4,2.10E-17,1,71,0003c0,1
RF00005,7par,8,1,73,69.8,1.00E-19,1,71,ff87a4,1
RF00005,6wdk,7,1,73,68.3,2.50E-19,1,71,c008ae,1
RF00005,4v5c,AW,1,73,68.3,2.50E-19,1,71,ebeb30,1
RF00005,5e7k,2K,1,74,61.4,2.10E-17,1,71,0003c0,1
RF00005,4v8b,CD,1,74,61.4,2.10E-17,1,71,c008ae,1
RF00005,6zs9,XB,2,70,34.3,5.60E-10,1,71,1fc01f,1
RF00005,6wdf,7,1,73,68.3,2.50E-19,1,71,00bac0,1
RF00005,4v6g,AC,1,74,61.4,2.10E-17,1,71,8484c0,1
RF00005,6xiq,AX,1,73,67.7,3.80E-19,1,71,00bac0,1
RF00005,5mrc,bb,1,73,71.7,3.10E-20,1,71,00bac0,1
RF00005,4rqe,B,3,85,30.5,7.80E-09,1,71,bdc000,1
RF00005,2zue,B,1,75,65,2.10E-18,1,71,0064f4,1
RF00005,6of1,1x,1,74,61.4,2.10E-17,1,71,ff87fa,1
RF00005,3kfu,N,1,73,72.5,1.80E-20,1,71,0003c0,1
RF00005,5jb3,4,1,73,58.7,1.20E-16,2,71,c00f0f,1
RF00005,6yst,w,1,73,71.1,4.30E-20,1,71,454545,1
RF00005,1jgo,D,1,71,57.8,2.00E-16,1,71,f29242,1
RF00005,4v6f,CB,1,73,68.3,2.50E-19,1,71,454545,1
RF00005,5cd1,N,2,74,74.1,6.80E-21,1,71,c0af92,1
RF00005,4v9j,CW,1,74,71.1,4.40E-20,1,71,c0af92,1
RF00005,5ndj,V4,1,73,68.3,2.50E-19,1,71,c0af92,1
RF00005,6sv4,mc,1,74,61.4,2.10E-17,1,71,c0af92,1
RF00005,7jt3,5,1,74,61.4,2.10E-17,1,71,bdc000,1
RF00005,4lsk,XV,1,74,61.4,2.10E-17,1,71,0064f4,1
RF00005,4wt1,2K,1,74,61.4,2.10E-17,1,71,00bac0,1
RF00005,5zeu,v,1,74,61.3,2.10E-17,1,71,8.59E+09,1
RF00005,4v51,CV,1,74,61.4,2.10E-17,1,71,8.59E+09,1
RF00005,5aj0,Bv,1,73,68.3,2.50E-19,1,71,f29242,1
RF00005,4wj4,B,1,73,71.3,4.00E-20,1,71,bdc000,1
RF00005,4v6q,AB,1,73,64.6,2.70E-18,1,71,bdc000,1
RF00005,1ob5,B,1,73,67.7,3.90E-19,1,71,c0af92,1
RF00005,6xdq,B,1,73,63.8,4.60E-18,1,71,0003c0,1
RF00005,6gxn,x,1,74,61.4,2.10E-17,1,71,8.59E+09,1
RF00005,5j3c,QV,1,74,61.4,2.10E-17,1,71,bdc000,1
RF00005,7sso,6,1,74,61.4,2.10E-17,1,71,8e2511,1
RF00005,7st6,6,1,74,61.4,2.10E-17,1,71,c0af92,1
RF00005,2deu,C,1,73,60.1,4.60E-17,1,71,ff87fa,1
RF00005,4v7d,BW,1,73,68.3,2.50E-19,1,71,ff87fa,1
RF00005,7mt2,y,1,74,61.4,2.10E-17,1,71,8484c0,1
RF00005,5ib8,3K,1,73,79.2,2.50E-22,1,71,00bac0,1
RF00005,5hcq,1x,1,74,61.4,2.10E-17,1,71,8484c0,1
RF00005,4v8o,AV,1,74,61.4,2.10E-17,1,71,8e2511,1
RF00005,3jcj,v,1,74,61.3,2.10E-17,1,71,8484c0,1
RF00005,4w2g,CX,1,74,61.4,2.10E-17,1,71,c008ae,1
RF00005,5l3p,x,1,74,61.3,2.10E-17,1,71,bdc000,1
RF00005,7u2j,1w,1,71,71.6,3.10E-20,1,71,8.59E+09,1
RF00005,4wt8,DV,1,53,31.1,3.20E-09,1,71,0003c0,1
RF00005,4v68,AW,1,73,68.3,2.50E-19,1,71,f29242,1
RF00005,7ls1,n2,1,72,58,1.70E-16,1,71,ebeb30,1
RF00005,7mdz,2,1,73,68.3,2.50E-19,1,71,00bac0,1
RF00005,3jaq,1,1,72,63.6,5.10E-18,1,71,c0af92,1
RF00005,5el7,1K,1,73,79.2,2.50E-22,1,71,c00f0f,1
RF00005,6o3m,XV,1,74,60.7,3.10E-17,1,71,8e2511,1
RF00005,7azs,ESIB,1,73,68.3,2.50E-19,1,71,93c090,1
RF00005,6wdh,6,1,74,61.4,2.10E-17,1,71,c00f0f,1
RF00005,4l71,XV,1,74,61.4,2.10E-17,1,71,0003c0,1
RF00005,6gz5,Bv,1,73,65.1,2.00E-18,1,71,f29242,1
RF00005,4lt8,QV,1,74,61.4,2.10E-17,1,71,8700,1
RF00005,4v5g,AY,1,73,72.7,1.60E-20,1,71,bdc000,1
RF00005,5w4k,1x,1,74,61.4,2.10E-17,1,71,ff87a4,1
RF00005,6r6g,2,1,72,49.6,3.60E-14,1,71,00bac0,1
RF00005,6xhw,1y,1,73,68.3,2.50E-19,1,71,c0af92,1
RF00005,4p6f,XY,1,73,68.3,2.50E-19,1,71,0064f4,1
RF00005,4w2g,CY,1,73,68.3,2.50E-19,1,71,8700,1
RF00005,4tzz,B,1,68,60.3,4.00E-17,5,71,8700,1
RF00005,1wz2,D,1,85,50.6,2.20E-14,1,71,ff87fa,1
RF00005,4v95,AV,1,74,61.4,2.10E-17,1,71,8700,1
RF00005,6ufh,B,1,74,73.4,1.00E-20,1,71,1fc01f,1
RF00005,6xhw,2w,1,73,68.3,2.50E-19,1,71,93c090,1
RF00005,6r87,B,1,73,58.2,1.60E-16,1,71,93c090,1
RF00005,5e7k,3L,1,73,79.2,2.50E-22,1,71,bdc000,1
RF00005,6xhy,1y,1,73,68.3,2.50E-19,1,71,c0af92,1
RF00005,7pjv,v,1,74,61.3,2.10E-17,1,71,0064f4,1
RF00005,5ndk,V1,1,73,68.3,2.50E-19,1,71,ff87fa,1
RF00005,4wr6,1L,1,82,53.4,3.70E-15,1,71,8700,1
RF00005,6om0,v,2,73,37,1.10E-10,1,71,1fc01f,1
RF00005,5uyk,Y,1,73,68.3,2.50E-19,1,71,8.59E+09,1
RF00005,7a5f,C,1,70,46.4,2.70E-13,1,71,8484c0,1
RF00005,7qv2,x,1,74,71.7,3.00E-20,1,71,c00f0f,1
RF00005,5ib7,2L,1,74,61.4,2.10E-17,1,71,c0af92,1
RF00005,6wdj,7,1,73,68.3,2.50E-19,1,71,c0af92,1
RF00005,4wr6,3K,1,82,53.4,3.70E-15,1,71,93c090,1
RF00005,5wwr,C,1,72,68.7,2.00E-19,1,71,00bac0,1
RF00005,6c4i,y,1,74,61.4,2.10E-17,1,71,1fc01f,1
RF00005,1mj1,D,1,73,67.7,3.80E-19,1,71,0064f4,1
RF00005,6n9e,1x,1,74,61.4,2.10E-17,1,71,1fc01f,1
RF00005,4v9i,CW,1,73,68.3,2.50E-19,1,71,0064f4,1
RF00005,4wt1,1L,1,73,68.3,2.50E-19,1,71,8.59E+09,1
RF00005,6ztj,AW,1,74,61.3,2.10E-17,1,71,ebeb30,1
RF00005,5doy,2y,1,73,68.3,2.50E-19,1,71,8e2511,1
RF00005,1ivs,C,1,72,69.4,1.30E-19,1,71,454545,1
RF00005,4v6g,CC,1,74,61.4,2.10E-17,1,71,8e2511,1
RF00005,3jap,1,1,72,63.1,7.00E-18,1,71,1fc01f,1
RF00005,7rq9,1w,1,73,68.3,2.50E-19,1,71,8.59E+09,1
RF00005,4wu1,3K,1,82,53.4,3.70E-15,1,71,454545,1
RF00005,6ip5,zu,1,72,53.9,2.30E-15,1,71,8.59E+09,1
RF00005,4w2e,w,1,73,68.3,2.50E-19,1,71,c00f0f,1
RF00005,7nsq,v,1,74,67.1,5.50E-19,1,71,8.59E+09,1
RF00005,2bte,E,1,80,60.3,4.60E-17,1,71,ff87fa,1
RF00005,6wd3,5,1,74,61.4,2.10E-17,1,71,8e2511,1
RF00005,6ot3,5,1,73,54.9,1.20E-15,2,71,ff87fa,1
RF00005,3eph,F,1,69,50.5,1.90E-14,2,69,bdc000,1
RF00005,7nrc,Sn,1,72,55.6,7.70E-16,1,71,bdc000,1
RF00005,1vy7,AX,1,74,61.4,2.10E-17,1,71,bdc000,1
RF00005,1qu3,T,1,74,67.8,3.50E-19,1,71,c0af92,1
RF00005,6otr,XW,1,74,61.4,2.10E-17,1,71,454545,1
RF00005,5hr6,D,1,68,46.1,2.90E-13,3,68,8484c0,1
RF00005,3-Jan,3,1,73,65.1,2.00E-18,1,71,c0af92,1
RF00005,4v9q,BW,1,74,61.4,2.10E-17,1,71,8700,1
RF00005,6gz3,Bw,1,73,67,5.90E-19,1,71,c008ae,1
RF00005,6vlz,B,2,70,34.3,5.60E-10,1,71,454545,1
RF00005,5uyk,X,1,74,61.4,2.10E-17,1,71,0064f4,1
RF00005,4rdx,C,2,75,69.6,1.20E-19,1,71,c00f0f,1
RF00005,6wdh,5,1,74,61.4,2.10E-17,1,71,8e2511,1
RF00005,6qnq,2L,1,74,61.4,2.10E-17,1,71,8.59E+09,1
RF00005,4v8x,AV,1,74,61.4,2.10E-17,1,71,8484c0,1
RF00005,2rd2,B,1,72,55.1,1.10E-15,1,71,c00f0f,1
RF00005,5ndk,X4,1,73,68.3,2.50E-19,1,71,0064f4,1
RF00005,4v7l,CY,1,72,62.3,1.10E-17,1,71,93c090,1
RF00005,4v4r,AV,1,73,67.7,3.80E-19,1,71,c00f0f,1
RF00005,1ttt,D,1,73,67.7,3.80E-19,1,71,c008ae,1
RF00005,4v8x,AW,1,74,61.4,2.10E-17,1,71,00bac0,1
RF00005,5mdw,5,1,74,58.1,1.70E-16,1,71,93c090,1
RF00005,4y4p,1x,1,74,61.4,2.10E-17,1,71,c00f0f,1
RF00005,7pic,8,1,73,69.8,1.00E-19,1,71,bdc000,1
RF00005,5uq8,y,1,74,61.4,2.10E-17,1,71,8.59E+09,1
RF00005,7old,5,1,72,53.9,2.30E-15,1,71,bdc000,1
RF00005,4ari,B,1,84,57.7,2.50E-16,1,71,454545,1
RF00005,5lzw,2,1,73,55.9,6.50E-16,1,71,ebeb30,1
RF00005,7u2j,1y,1,71,71.6,3.10E-20,1,71,ebeb30,1
RF00005,7nsj,BB,1,70,42.9,2.50E-12,1,71,00bac0,1
RF00005,3ep2,Y,1,72,59.6,6.40E-17,2,71,f29242,1
RF00005,4z3s,2x,1,74,61.4,2.10E-17,1,71,ebeb30,1
RF00005,1g59,B,1,72,64.1,3.50E-18,1,71,00bac0,1
RF00005,5yyn,D,1,74,68.7,2.00E-19,1,71,0003c0,1
RF00005,5e7k,2L,1,74,61.4,2.10E-17,1,71,454545,1
RF00005,486d,E,1,72,56.3,5.00E-16,1,71,ff87fa,1
RF00005,5k0y,N,1,72,58,1.70E-16,1,71,8.59E+09,1
RF00005,7nrc,Sm,1,73,79.2,2.50E-22,1,71,c0af92,1
RF00005,7oii,z,1,82,57.6,2.50E-16,1,71,ebeb30,1
RF00005,4v51,AV,1,74,61.4,2.10E-17,1,71,c0af92,1
RF00005,7ase,1,1,72,66.7,7.20E-19,1,71,1fc01f,1
RF00005,4v73,A1,1,73,64.7,2.50E-18,1,71,bdc000,1
RF00005,3foz,D,1,66,50.3,2.10E-14,4,67,ebeb30,1
RF00005,4wzo,1K,1,74,61.4,2.10E-17,1,71,8484c0,1
RF00005,6wd4,7,1,73,68.3,2.50E-19,1,71,8.59E+09,1
RF00005,6c5l,CV,1,73,68.3,2.50E-19,1,71,0003c0,1
RF00005,6ost,5,1,73,54.9,1.20E-15,2,71,ff87fa,1
RF00005,4v7m,CY,1,72,62.3,1.10E-17,1,71,93c090,1
RF00005,4v8u,AW,1,74,61.4,2.10E-17,1,71,0064f4,1
RF00005,5wws,D,1,72,68.7,2.00E-19,1,71,1fc01f,1
RF00005,4wra,3K,1,82,53.4,3.70E-15,1,71,1fc01f,1
RF00005,4wzo,3L,1,73,68.3,2.50E-19,1,71,8e2511,1
RF00005,6wd8,6,1,74,61.4,2.10E-17,1,71,ff87a4,1
RF00005,7n1p,Dt,1,73,68.3,2.50E-19,1,71,ebeb30,1
RF00005,1vy4,CX,1,74,61.4,2.10E-17,1,71,1fc01f,1
RF00005,5wf0,y,1,73,68.3,2.50E-19,1,71,c00f0f,1
RF00005,7pjs,w,1,73,71.1,4.30E-20,1,71,0003c0,1
RF00005,5ud5,D,1,69,33.7,8.00E-10,1,71,c008ae,1
RF00005,5j4b,2y,1,73,68.3,2.50E-19,1,71,0003c0,1
RF00005,4p6f,QW,1,73,68.3,2.50E-19,1,71,8.59E+09,1
RF00005,6vyy,A,1,73,63.8,4.60E-18,1,71,1fc01f,1
RF00005,6gq1,AX,1,73,67.7,3.80E-19,1,71,c008ae,1
RF00005,4w2f,CW,1,73,68.3,2.50E-19,1,71,8.59E+09,1
RF00005,5on2,E,1,84,57.7,2.50E-16,1,71,bdc000,1
RF00005,2csx,D,1,74,69.7,1.00E-19,1,71,ff87fa,1
RF00005,6ysi,8,1,74,49.5,4.00E-14,1,71,93c090,1
RF00005,7ot5,z,1,82,57.6,2.50E-16,1,71,0003c0,1
RF00005,6bz7,XW,1,74,61.4,2.10E-17,1,71,f29242,1
RF00005,5v6x,D,1,69,33.7,8.00E-10,1,71,f29242,1
RF00005,7ssd,6,1,74,61.4,2.10E-17,1,71,0003c0,1
RF00005,6zsg,XB,1,69,34.3,5.50E-10,1,71,0003c0,1
RF00005,4v8b,AD,1,74,61.4,2.10E-17,1,71,ff87fa,1
RF00005,4v8e,BB,1,82,53.4,3.70E-15,1,71,00bac0,1
RF00005,6nd6,1y,1,73,64.7,2.50E-18,1,71,93c090,1
RF00005,7nrd,Sn,1,72,55.6,7.70E-16,1,71,8700,1
RF00005,7of5,B,1,69,34.3,5.30E-10,1,71,00bac0,1
RF00005,7of4,B,1,69,34.3,5.30E-10,1,71,8e2511,1
RF00005,6gsj,2L,1,74,61.4,2.10E-17,1,71,00bac0,1
RF00005,5lzx,3,1,72,70,8.40E-20,1,71,c00f0f,1
RF00005,4v8c,CD,1,74,61.4,2.10E-17,1,71,0064f4,1
RF00005,3epk,E,1,69,50.5,1.90E-14,2,69,8700,1
RF00005,4jyz,B,1,72,63.5,5.30E-18,1,71,8484c0,1
RF00005,7s1g,A,1,73,68.3,2.50E-19,1,71,ff87fa,1
RF00005,7abz,7,1,73,68.3,2.50E-19,1,71,454545,1
RF00005,6ywy,bb,1,70,54.2,1.90E-15,1,71,8484c0,1
RF00005,6gsn,1,1,72,63.1,7.00E-18,1,71,c0af92,1
RF00005,7msh,y,1,74,61.4,2.10E-17,1,71,8e2511,1
RF00005,1vy5,CX,1,74,61.4,2.10E-17,1,71,ebeb30,1
RF00005,1asz,S,1,72,56.3,5.20E-16,1,71,0003c0,1
RF00005,6vwn,5,1,73,68.3,2.50E-19,1,71,93c090,1
RF00005,5j3c,XV,1,74,61.4,2.10E-17,1,71,1fc01f,1
RF00005,4wpo,BY,1,73,68.3,2.50E-19,1,71,c008ae,1
RF00005,6yef,x,1,74,61.4,2.10E-17,1,71,8484c0,1
RF00005,1qtq,B,1,72,62,1.40E-17,1,71,0064f4,1
RF00005,5imr,5,1,73,68.3,2.50E-19,1,71,ff87a4,1
RF00005,3foz,C,1,73,66.3,8.90E-19,1,71,0003c0,1
RF00005,6gsl,2K,1,74,61.4,2.10E-17,1,71,c00f0f,1
RF00005,6bz8,QV,1,74,61.4,2.10E-17,1,71,454545,1
RF00005,1vy6,AX,1,74,61.4,2.10E-17,1,71,bdc000,1
RF00005,7u2i,2x,1,74,61.4,2.10E-17,1,71,ff87fa,1
RF00005,7u2j,2x,1,74,61.4,2.10E-17,1,71,c0af92,1
RF00005,5wf0,w,1,74,61.3,2.10E-17,1,71,8484c0,1
RF00005,5we6,y,1,73,68.3,2.50E-19,1,71,0064f4,1
RF00005,4v5e,AV,1,73,68.3,2.50E-19,1,71,93c090,1
RF00005,5el5,1K,1,73,79.2,2.50E-22,1,71,0064f4,1
RF00005,6r84,B,1,73,58.2,1.60E-16,1,71,8e2511,1
RF00005,4v5c,CY,1,73,68.3,2.60E-19,1,71,8484c0,1
RF00005,7nwi,2,1,73,55.9,6.50E-16,1,71,c0af92,1
RF00005,7oiz,V,1,72,58,1.70E-16,1,71,f29242,1
RF00005,6wnw,5,1,74,61.4,2.10E-17,1,71,93c090,1
RF00005,1gax,C,1,72,69.4,1.30E-19,1,71,8.59E+09,1
RF00005,4v9d,BV,1,73,68.3,2.50E-19,1,71,93c090,1
RF00005,4jxz,B,1,72,64.7,2.50E-18,1,71,ff87fa,1
RF00005,6ztl,AX,1,73,68.3,2.50E-19,1,71,ff87a4,1
RF00005,4v4j,z,1,74,61.3,2.10E-17,1,71,ff87a4,1
RF00005,4v4v,AU,1,73,67.7,3.80E-19,1,71,454545,1
RF00005,5ndj,W4,1,73,68.3,2.50E-19,1,71,93c090,1
RF00005,7piq,7,1,73,69.8,1.00E-19,1,71,8484c0,1
RF00005,5me0,X,1,74,61.3,2.10E-17,1,71,c0af92,1
RF00005,2cv0,D,1,72,64.1,3.50E-18,1,71,00bac0,1
RF00005,5lza,v,1,74,61.3,2.10E-17,1,71,0064f4,1
RF00005,4v5s,CY,1,73,68.6,2.20E-19,1,71,1fc01f,1
RF00005,4v76,A3,1,74,61.4,2.10E-17,1,71,93c090,1
RF00005,6y0g,B4,1,73,68.3,2.50E-19,1,71,c00f0f,1
RF00005,5lzy,2,1,72,70,8.40E-20,1,71,00bac0,1
RF00005,5lzt,3,1,72,70,8.40E-20,1,71,ebeb30,1
RF00005,4v5r,CW,1,73,68.3,2.50E-19,1,71,8484c0,1
RF00005,4v6v,A3,1,74,61.3,2.10E-17,1,71,bdc000,1
RF00005,6by1,AV,1,73,65.9,1.20E-18,1,71,ebeb30,1
RF00005,5u9f,X,1,74,61.4,2.10E-17,1,71,1fc01f,1
RF00005,5el5,3K,1,73,79.2,2.50E-22,1,71,ff87a4,1
RF00005,3bbv,z,1,73,68.3,2.50E-19,1,71,ff87a4,1
RF00005,7phb,7,1,73,69.8,1.00E-19,1,71,ff87fa,1
RF00005,4v5r,AY,1,73,64.6,2.80E-18,1,71,c00f0f,1
RF00005,4yvk,C,1,71,64.2,3.30E-18,1,71,c00f0f,1
RF00005,1asy,R,1,72,56.3,5.20E-16,1,71,c0af92,1
RF00005,5wfk,v,1,74,61.3,2.10E-17,1,71,00bac0,1
RF00005,5cd1,M,2,74,74.1,6.80E-21,1,71,f29242,1
RF00005,6o97,1w,1,73,64.7,2.50E-18,1,71,1fc01f,1
RF00005,5u9g,W,1,74,61.4,2.10E-17,1,71,bdc000,1
RF00005,7oia,z,2,70,32.6,1.70E-09,1,71,1fc01f,1
RF00005,5e6m,E,1,71,61.6,1.80E-17,1,71,0003c0,1
RF00005,6uo1,2w,1,73,68.3,2.50E-19,1,71,c0af92,1
RF00005,6bz8,QW,1,74,61.4,2.10E-17,1,71,00bac0,1
RF00005,3wqz,C,1,72,74.1,6.60E-21,1,71,93c090,1
RF00005,4v6s,BC,1,74,61.3,2.10E-17,1,71,0003c0,1
RF00005,6zm6,B,1,69,34.3,5.50E-10,1,71,0003c0,1
RF00005,5.00E+81,3K,1,73,79.2,2.50E-22,1,71,93c090,1
RF00005,6vyx,A,1,73,63.8,4.60E-18,1,71,ff87a4,1
RF00005,6ys5,7,1,74,49.5,4.00E-14,1,71,8484c0,1
RF00005,4v9i,AV,1,74,61.4,2.10E-17,1,71,c008ae,1
RF00005,6mtc,4,1,72,70,8.40E-20,1,71,ebeb30,1
RF00005,2nr0,F,1,84,52.8,5.60E-15,1,71,8e2511,1
RF00005,5ib8,3L,1,73,79.2,2.50E-22,1,71,ff87fa,1
RF00005,6osk,5,1,73,54.9,1.20E-15,2,71,c008ae,1
RF00005,5yyn,B,1,74,68.7,2.00E-19,1,71,454545,1
RF00005,7u2i,1x,1,74,61.4,2.10E-17,1,71,ff87a4,1
RF00005,6xhy,2y,1,73,68.3,2.50E-19,1,71,8484c0,1
RF00005,5.00E+81,2L,1,74,61.4,2.10E-17,1,71,00bac0,1
RF00005,6enj,9,1,74,60.7,3.10E-17,1,71,8700,1
RF00005,6xqd,1x,1,74,61.4,2.10E-17,1,71,ff87a4,1
RF00005,7u2i,1y,1,71,71.6,3.10E-20,1,71,8.59E+09,1
RF00005,4v69,AY,1,73,67.7,3.80E-19,1,71,f29242,1
RF00005,7lh5,CV,1,74,61.3,2.10E-17,1,71,ff87a4,1
RF00005,5el5,3L,1,73,79.2,2.50E-22,1,71,8484c0,1
RF00005,4v8f,CC,1,74,61.4,2.10E-17,1,71,8.59E+09,1
RF00005,7pam,6,1,73,69.8,1.00E-19,1,71,8e2511,1
RF00005,4v4w,AU,1,73,67.7,3.80E-19,1,71,1fc01f,1
RF00005,6z6n,CC,1,72,53.9,2.30E-15,1,71,ff87fa,1
RF00005,4v66,AE,1,73,67.7,3.80E-19,1,71,ebeb30,1
RF00005,5ibb,1K,1,73,64.7,2.50E-18,1,71,8484c0,1
RF00005,6zm5,B,1,69,34.3,5.50E-10,1,71,8.59E+09,1
RF00005,4z3s,1y,1,73,68.3,2.50E-19,1,71,bdc000,1
RF00005,6cae,2y,1,73,64.7,2.50E-18,1,71,c00f0f,1
RF00005,4w29,CX,1,73,65.9,1.20E-18,1,71,c008ae,1
RF00005,6lvr,B,1,73,67.7,3.80E-19,1,71,c0af92,1
RF00005,1qrt,B,1,72,62,1.40E-17,1,71,bdc000,1
RF00005,6osi,XV,1,74,60.7,3.10E-17,1,71,0003c0,1
RF00005,6vz3,A,1,73,63.8,4.60E-18,1,71,ff87a4,1
RF00005,7pju,v,1,74,61.3,2.10E-17,1,71,ebeb30,1
RF00005,4v7j,Bw,1,74,61.4,2.10E-17,1,71,00bac0,1
RF00005,4v77,A3,1,74,61.4,2.10E-17,1,71,c008ae,1
RF00005,6hd7,B,1,74,67.7,3.90E-19,1,71,8700,1
RF00005,2zzn,D,1,72,57.6,2.30E-16,1,71,c008ae,1
RF00005,5lzx,2,1,73,55.9,6.50E-16,1,71,8e2511,1
RF00005,4v5d,CY,1,73,68.3,2.60E-19,1,71,f29242,1
RF00005,6vyq,A,1,73,63.8,4.60E-18,1,71,0003c0,1
RF00005,5wt3,C,1,74,70.3,7.50E-20,1,71,8e2511,1
RF00005,6ndk,XV,1,74,61.4,2.10E-17,1,71,93c090,1
RF00005,1yfg,A,1,72,63.6,5.10E-18,1,71,8e2511,1
RF00005,3j7y,B,2,70,34.3,5.60E-10,1,71,8484c0,1
RF00005,7pao,8,1,73,69.8,1.00E-19,1,71,454545,1
RF00005,7rq9,1x,1,74,61.4,2.10E-17,1,71,ff87a4,1
RF00005,4v8f,BB,1,82,53.4,3.70E-15,1,71,0003c0,1
RF00005,4v9l,CW,1,74,71.1,4.40E-20,1,71,8484c0,1
RF00005,6yal,1,1,72,58,1.70E-16,1,71,8484c0,1
RF00005,7mt7,y,1,74,61.4,2.10E-17,1,71,00bac0,1
RF00005,7pit,7,1,73,69.8,1.00E-19,1,71,0064f4,1
RF00005,1vy5,AX,1,74,61.4,2.10E-17,1,71,c0af92,1
RF00005,7pi9,6,1,73,69.8,1.00E-19,1,71,8e2511,1
RF00005,6bz8,XW,1,74,61.4,2.10E-17,1,71,0003c0,1
RF00005,5aa0,BD,1,73,68.3,2.50E-19,1,71,1fc01f,1
RF00005,4kr3,C,1,71,61.6,1.80E-17,1,71,bdc000,1
RF00005,4w2i,AW,1,73,68.3,2.50E-19,1,71,f29242,1
RF00005,5el7,1L,1,73,79.2,2.50E-22,1,71,1fc01f,1
RF00005,7of7,B,1,69,34.3,5.30E-10,1,71,8700,1
RF00005,7paj,6,1,73,69.8,1.00E-19,1,71,c008ae,1
RF00005,5uyp,W,1,74,61.4,2.10E-17,1,71,c00f0f,1
RF00005,7nhn,D,1,73,60.1,4.80E-17,2,71,c00f0f,1
RF00005,4zdo,E,3,85,30.5,7.50E-09,1,71,ff87a4,1
RF00005,4v7h,A7,1,73,67.7,3.80E-19,1,71,8.59E+09,1
RF00005,4wro,3K,1,73,68.3,2.50E-19,1,71,ebeb30,1
RF00005,6uo1,2y,1,73,68.3,2.50E-19,1,71,1fc01f,1
RF00005,6b19,D,1,73,74.1,6.80E-21,1,71,00bac0,1
RF00005,7u2i,1w,1,71,71.6,3.10E-20,1,71,f29242,1
RF00005,4v6m,AV,1,74,54.9,1.20E-15,1,71,93c090,1
RF00005,6n1d,BPTN,1,73,64.7,2.50E-18,1,71,8e2511,1
RF00005,5doy,1y,1,73,68.3,2.50E-19,1,71,0003c0,1
RF00005,4v3p,S2,1,72,56.3,5.20E-16,1,71,8700,1
RF00005,4yco,F,1,73,68.4,2.40E-19,1,71,ff87a4,1
RF00005,7k55,5,1,74,65.8,1.30E-18,1,71,8e2511,1
RF00005,4v70,A3,1,74,61.4,2.10E-17,1,71,8484c0,1
RF00005,7l20,B,2,70,34.3,5.60E-10,1,71,c00f0f,1
RF00005,7osm,PSIT,1,74,61.4,2.10E-17,1,71,8700,1
RF00005,4v7p,DW,1,74,61.4,2.10E-17,1,71,8.59E+09,1
RF00005,6cfj,1x,1,74,61.4,2.10E-17,1,71,ff87fa,1
RF00005,7p7r,D,1,74,64.2,3.50E-18,1,71,8484c0,1
RF00005,6az1,4,1,73,68.4,2.40E-19,1,71,c008ae,1
RF00005,6ztn,AX,1,73,68.3,2.50E-19,1,71,c0af92,1
RF00005,5lmt,Z,1,74,61.4,2.10E-17,1,71,ff87a4,1
RF00005,2iy5,T,1,73,72.7,1.60E-20,1,71,ff87a4,1
RF00005,4ug0,S6,1,72,58,1.70E-16,1,71,ebeb30,1
RF00005,5ib8,2L,1,74,61.4,2.10E-17,1,71,8700,1
RF00005,6ope,QY,1,73,68.9,1.70E-19,1,71,1fc01f,1
RF00005,4wsm,1L,1,84,52.8,5.60E-15,1,71,8e2511,1
RF00005,5lmq,Z,1,74,61.4,2.10E-17,1,71,8e2511,1
RF00005,6wdh,7,1,73,68.3,2.50E-19,1,71,93c090,1
RF00005,6az1,3,1,74,61.3,2.10E-17,1,71,8e2511,1
RF00005,5axm,P,1,72,62.2,1.20E-17,2,71,454545,1
RF00005,6by1,AW,1,73,65.9,1.20E-18,1,71,00bac0,1
RF00005,7pib,7,1,73,69.8,1.00E-19,1,71,c0af92,1
RF00005,5x6b,P,1,72,57.6,2.30E-16,1,71,0064f4,1
RF00005,4wt1,3L,1,73,68.3,2.50E-19,1,71,0064f4,1
RF00005,6of6,QW,1,73,62.9,7.80E-18,1,71,0064f4,1
RF00005,4v78,A1,1,73,64.7,2.50E-18,1,71,93c090,1
RF00005,5lmv,Z,1,74,61.4,2.10E-17,1,71,1fc01f,1
RF00005,4v4t,AV,1,73,67.7,3.80E-19,1,71,bdc000,1
RF00005,6enj,x,1,74,60.7,3.10E-17,1,71,8700,1
RF00005,1gts,B,1,71,54,2.20E-15,2,71,00bac0,1
RF00005,7onu,T,39,104,49.3,7.20E-14,1,71,8e2511,1
RF00005,4lt8,XV,1,74,61.4,2.10E-17,1,71,f29242,1
RF00005,7lh5,AW,1,73,68.3,2.50E-19,1,71,93c090,1
RF00005,4v7m,CW,1,72,62,1.40E-17,1,71,ff87a4,1
RF00005,6xqe,1x,1,74,61.4,2.10E-17,1,71,f29242,1
RF00005,6wdm,6,1,74,61.4,2.10E-17,1,71,0003c0,1
RF00005,6wnw,7,1,73,68.3,2.50E-19,1,71,c0af92,1
RF00005,1zo3,A,1,73,67.7,3.80E-19,1,71,c00f0f,1
RF00005,6cae,2w,1,73,64.7,2.50E-18,1,71,0064f4,1
RF00005,5uyp,Y,1,73,79.2,2.50E-22,1,71,1fc01f,1
RF00005,4v9n,AW,1,74,61.4,2.10E-17,1,71,8.59E+09,1
RF00005,7b5k,z,1,73,61.8,1.50E-17,1,71,8e2511,1
RF00005,3kfu,M,1,73,72.5,1.80E-20,1,71,8e2511,1
RF00005,6hd7,A,1,73,79.2,2.50E-22,1,71,ff87fa,1
RF00005,6i7o,mb,1,74,61.4,2.10E-17,1,71,ebeb30,1
RF00005,4v6y,A1,1,73,64.7,2.50E-18,1,71,8.59E+09,1
RF00005,6cfj,1w,1,73,68.3,2.50E-19,1,71,c00f0f,1
RF00005,7jsw,5,1,74,61.4,2.10E-17,1,71,0064f4,1
RF00005,1fcw,E,1,73,67.7,3.80E-19,1,71,8.59E+09,1
RF00005,6o7k,v,1,74,61.3,2.10E-17,1,71,8484c0,1
RF00005,7e8o,X,11,82,70.4,7.60E-20,1,71,0064f4,1
RF00005,5tcu,E,1,73,68.3,2.50E-19,1,71,f29242,1
RF00005,6vyt,B,1,73,63.8,4.60E-18,1,71,c008ae,1
RF00005,4v4y,AB,1,73,68.3,2.50E-19,1,71,00bac0,1
RF00005,7b5k,9,1,73,67.2,5.10E-19,1,71,c008ae,1
RF00005,3j0o,Y,1,73,68.3,2.50E-19,1,71,0003c0,1
RF00005,6oxa,QV,1,74,61.4,2.10E-17,1,71,00bac0,1
RF00005,6wdi,5,1,74,61.4,2.10E-17,1,71,bdc000,1
RF00005,4wzo,2L,1,74,61.4,2.10E-17,1,71,8.59E+09,1
RF00005,5onh,E,1,84,57.7,2.50E-16,1,71,0064f4,1
RF00005,4v77,A1,1,73,64.7,2.50E-18,1,71,1fc01f,1
RF00005,6gwt,x,1,74,61.4,2.10E-17,1,71,8484c0,1
RF00005,4wqf,DW,1,73,68.3,2.50E-19,1,71,8.59E+09,1
RF00005,6frk,2,1,73,65.1,2.00E-18,1,71,93c090,1
RF00005,6vwl,5,1,73,68.3,2.60E-19,1,71,bdc000,1
RF00005,4v8d,CD,1,82,53.4,3.70E-15,1,71,8.59E+09,1
RF00005,7o7z,AT,1,73,69.8,9.70E-20,1,71,c0af92,1
RF00005,4v73,A3,1,74,61.4,2.10E-17,1,71,f29242,1
RF00005,6fti,q,1,73,55.9,6.50E-16,1,71,93c090,1
RF00005,2azx,C,1,72,69.3,1.40E-19,1,71,8e2511,1
RF00005,5hr7,C,1,73,60.1,4.60E-17,1,71,bdc000,1
RF00005,6ywx,bb,1,58,44.9,5.60E-13,1,71,c0af92,1
RF00005,4v9j,AW,1,74,71.1,4.40E-20,1,71,f29242,1
RF00005,4arc,B,1,84,57.7,2.50E-16,1,71,0064f4,1
RF00005,6cfj,2y,1,73,68.3,2.50E-19,1,71,c00f0f,1
RF00005,6q97,7,1,74,69.6,1.20E-19,1,71,0064f4,1
RF00005,5we4,y,1,73,68.3,2.50E-19,1,71,8700,1
RF00005,6otr,QV,1,74,61.4,2.10E-17,1,71,454545,1
RF00005,4v8j,AY,1,73,68.3,2.50E-19,1,71,0003c0,1
RF00005,4v9s,CX,1,74,61.4,2.10E-17,1,71,c008ae,1
RF00005,7n1p,Pt,1,73,79.2,2.50E-22,1,71,93c090,1
RF00005,4w2h,CX,1,74,61.4,2.10E-17,1,71,0064f4,1
RF00005,7nhm,D,1,74,62.1,1.40E-17,1,71,c008ae,1
RF00005,6ybv,w,1,72,58,1.70E-16,1,71,c0af92,1
RF00005,6v39,v,1,74,70.3,7.40E-20,1,71,8e2511,1
RF00005,5czp,QV,1,74,61.4,2.10E-17,1,71,ff87fa,1
RF00005,4v5h,AV,1,74,54.9,1.20E-15,1,71,bdc000,1
RF00005,5j4b,1x,1,74,61.4,2.10E-17,1,71,8484c0,1
RF00005,4w2i,CY,1,73,68.3,2.50E-19,1,71,f29242,1
RF00005,6boh,D,1,74,61.4,2.10E-17,1,71,00bac0,1
RF00005,7vnw,A,1,75,62,1.50E-17,1,71,1fc01f,1
RF00005,7k50,6,1,74,61.4,2.10E-17,1,71,93c090,1
RF00005,6xhv,2w,1,73,68.3,2.50E-19,1,71,c008ae,1
RF00005,1vy5,AW,1,73,68.3,2.50E-19,1,71,454545,1
RF00005,7o9k,B,1,69,34.3,5.30E-10,1,71,bdc000,1
RF00005,4p6f,XV,1,74,61.4,2.10E-17,1,71,8700,1
RF00005,7nwg,33,1,73,69.4,1.30E-19,1,71,ebeb30,1
RF00005,1vy4,AY,1,73,68.3,2.50E-19,1,71,00bac0,1
RF00005,5imq,5,1,73,68.3,2.50E-19,1,71,00bac0,1
RF00005,2v0g,B,1,80,60.3,4.60E-17,1,71,ebeb30,1
RF00005,4tzw,B,1,68,60.3,4.00E-17,5,71,0064f4,1
RF00005,7nww,z,1,85,49.9,3.40E-14,1,71,00bac0,1
RF00005,5t2c,An,1,72,58,1.70E-16,1,71,ff87fa,1
RF00005,6c4i,x,1,74,61.4,2.10E-17,1,71,0003c0,1
RF00005,7tql,3,1,72,58,1.70E-16,1,71,c00f0f,1
RF00005,7u2h,1w,1,71,71.6,3.10E-20,1,71,ebeb30,1
RF00005,3q1r,C,1,83,60.3,4.60E-17,1,71,bdc000,1
RF00005,6xij,A,1,73,63.8,4.60E-18,1,71,ff87fa,1
RF00005,5el4,1K,1,73,79.2,2.50E-22,1,71,1fc01f,1
RF00005,4v87,BB,1,84,52.8,5.60E-15,1,71,1fc01f,1
RF00005,6ydp,BB,1,70,42.9,2.50E-12,1,71,8484c0,1
RF00005,6tbv,PTR1,1,73,67.1,5.50E-19,1,71,c0af92,1
RF00005,4w4g,XV,1,74,61.4,2.10E-17,1,71,ff87fa,1
RF00005,6oxi,XV,1,74,61.4,2.10E-17,1,71,0003c0,1
RF00005,6o97,1x,1,74,61.4,2.10E-17,1,71,ff87fa,1
RF00005,7d6z,3,1,74,67.7,3.90E-19,1,71,f29242,1
RF00005,2ms1,B,1,71,49.5,3.50E-14,1,70,ff87fa,1
RF00005,6vyy,B,1,73,63.8,4.60E-18,1,71,c008ae,1
RF00005,6zm7,CC,1,72,53.9,2.30E-15,1,71,c0af92,1
RF00005,6xir,AX,1,73,67.7,3.80E-19,1,71,c008ae,1
RF00005,6enu,x,1,74,60.7,3.10E-17,1,71,93c090,1
RF00005,7st7,6,1,74,61.4,2.10E-17,1,71,8e2511,1
RF00005,4v75,A1,1,73,64.7,2.50E-18,1,71,00bac0,1
RF00005,6n9f,2x,1,74,61.4,2.10E-17,1,71,454545,1
RF00005,6xhw,1w,1,73,68.3,2.50E-19,1,71,0003c0,1
RF00005,2zuf,B,1,75,65,2.10E-18,1,71,ff87fa,1
RF00005,5hcp,2x,1,74,61.4,2.10E-17,1,71,c0af92,1
RF00005,4v5d,CW,1,73,68.3,2.50E-19,1,71,00bac0,1
RF00005,4v5q,CW,1,73,68.3,2.50E-19,1,71,8484c0,1
RF00005,4wsm,3L,1,84,52.8,5.60E-15,1,71,8e2511,1
RF00005,5el6,1K,1,73,79.2,2.50E-22,1,71,ff87fa,1
RF00005,5b63,B,1,74,68.7,2.00E-19,1,71,c008ae,1
RF00005,4v42,AC,1,73,67.7,3.80E-19,1,71,f29242,1
RF00005,3b0v,B,1,73,74.3,5.90E-21,1,71,c008ae,1
RF00005,4yye,D,1,73,68.9,1.80E-19,1,71,8.59E+09,1
RF00005,7syu,i,1,72,58,1.70E-16,1,71,454545,1
RF00005,5kps,31,1,74,61.4,2.10E-17,1,71,1fc01f,1
RF00005,5ibb,3K,1,73,65.9,1.20E-18,1,71,454545,1
RF00005,6xij,B,1,73,63.8,4.60E-18,1,71,ebeb30,1
RF00005,4v5s,AV,1,73,68.3,2.50E-19,1,71,0003c0,1
RF00005,4zsn,XV,1,74,61.4,2.10E-17,1,71,0064f4,1
RF00005,5j4d,IB,1,74,61.4,2.10E-17,1,71,0003c0,1
RF00005,7unu,v,1,74,61.4,2.10E-17,1,71,0003c0,1
RF00005,5el4,3K,1,73,79.2,2.50E-22,1,71,0064f4,1
RF00005,4v8d,CC,1,74,61.4,2.10E-17,1,71,f29242,1
RF00005,6ucq,2y,1,73,68.3,2.50E-19,1,71,1fc01f,1
RF00005,7s1k,A,1,73,68.3,2.50E-19,1,71,c008ae,1
RF00005,2nr0,G,1,84,52.8,5.60E-15,1,71,454545,1
RF00005,4mgm,A,1,72,73.2,1.10E-20,1,71,ff87fa,1
RF00005,6waz,D,1,73,74.1,6.80E-21,1,71,ebeb30,1
RF00005,2der,C,1,73,60.1,4.60E-17,1,71,0003c0,1
RF00005,4v8b,CB,1,84,52.8,5.60E-15,1,71,93c090,1
RF00005,7qgh,M,1,72,62,1.40E-17,1,71,f29242,1
RF00005,7zai,4,1,74,66.1,1.00E-18,1,71,ebeb30,1
RF00005,4w4g,QW,1,74,61.4,2.10E-17,1,71,bdc000,1
RF00005,6nd5,1w,1,73,68.3,2.50E-19,1,71,f29242,1
RF00005,7ssn,6,1,74,61.4,2.10E-17,1,71,c008ae,1
RF00005,7rq9,2y,1,73,68.3,2.50E-19,1,71,0064f4,1
RF00005,5wfs,y,1,73,68.3,2.50E-19,1,71,8484c0,1
RF00005,4aq7,B,1,84,57.7,2.50E-16,1,71,ff87a4,1
RF00005,4v5r,AV,1,73,68.3,2.50E-19,1,71,8e2511,1
RF00005,3j9w,AX,1,74,71.7,3.10E-20,1,71,c00f0f,1
RF00005,4woi,DW,1,73,68.3,2.50E-19,1,71,8.59E+09,1
RF00005,5uq7,y,1,74,61.4,2.10E-17,1,71,0003c0,1
RF00005,5h5u,5,1,73,63.8,4.60E-18,1,71,f29242,1
RF00005,5zlu,DD,1,74,52.6,5.30E-15,1,71,c00f0f,1
RF00005,4v7j,Bv,1,74,61.4,2.10E-17,1,71,1fc01f,1
RF00005,4v7c,AW,1,73,68.3,2.50E-19,1,71,8.59E+09,1
RF00005,6xa1,Bv,1,73,63,7.30E-18,1,71,ebeb30,1
RF00005,4v97,AW,1,73,68.3,2.50E-19,1,71,ff87a4,1
RF00005,2ct8,D,1,74,69.7,1.00E-19,1,71,c0af92,1
RF00005,5lmr,Z,1,74,61.4,2.10E-17,1,71,8484c0,1
RF00005,4v8c,DC,1,74,61.4,2.10E-17,1,71,1fc01f,1
RF00005,4y4p,1y,1,73,68.3,2.50E-19,1,71,00bac0,1
RF00005,5el4,2K,1,74,61.4,2.10E-17,1,71,ff87a4,1
RF00005,4v68,AV,1,74,61.4,2.10E-17,1,71,c00f0f,1
RF00005,5on2,B,1,84,57.7,2.50E-16,1,71,0003c0,1
RF00005,7p3k,V,1,72,58,1.70E-16,1,71,c00f0f,1
RF00005,1h4s,T,1,74,58.2,1.50E-16,1,71,93c090,1
RF00005,6r6p,3,1,72,70.1,8.30E-20,1,71,8484c0,1
RF00005,7a5g,C,1,70,46.4,2.70E-13,1,71,0064f4,1
RF00005,4v8j,CV,1,74,61.4,2.10E-17,1,71,ff87a4,1
RF00005,7par,7,1,73,69.8,1.00E-19,1,71,ebeb30,1
RF00005,6cfj,2w,1,73,68.3,2.50E-19,1,71,ff87a4,1
RF00005,6zme,CC,1,72,53.9,2.30E-15,1,71,ebeb30,1
RF00005,4v6l,AB,1,73,68.3,2.50E-19,1,71,00bac0,1
RF00005,5uyq,Y,1,73,79.2,2.50E-22,1,71,c008ae,1
RF00005,4v8d,AD,1,82,53.4,3.70E-15,1,71,c00f0f,1
RF00005,4x0b,B,2,74,74.3,5.90E-21,1,71,1fc01f,1
RF00005,7a5j,G,1,70,46.4,2.70E-13,1,71,ebeb30,1
RF00005,5on3,E,1,84,57.7,2.50E-16,1,71,8.59E+09,1
RF00005,3jbv,V,1,73,64.8,2.30E-18,1,71,454545,1
RF00005,4wpo,BW,1,73,68.3,2.50E-19,1,71,00bac0,1
RF00005,4v5q,AV,1,73,68.3,2.50E-19,1,71,c0af92,1
RF00005,5imr,4,1,74,61.4,2.10E-17,1,71,8e2511,1
RF00005,5ib7,1L,1,73,79.2,2.50E-22,1,71,8484c0,1
RF00005,6q95,8,1,73,68.8,1.90E-19,1,71,c0af92,1
RF00005,4wzo,3K,1,73,68.3,2.50E-19,1,71,8700,1
RF00005,7pam,8,1,73,69.8,1.00E-19,1,71,bdc000,1
RF00005,4v6u,A0,1,73,70.8,5.40E-20,1,71,0064f4,1
RF00005,6zto,AW,1,74,61.3,2.10E-17,1,71,ff87a4,1
RF00005,3tup,T,1,73,67.6,3.90E-19,1,71,f29242,1
RF00005,7pha,7,1,73,69.8,1.00E-19,1,71,ebeb30,1
RF00005,6vz5,B,1,73,63.8,4.60E-18,1,71,8484c0,1
RF00005,4lnt,QV,1,74,61.4,2.10E-17,1,71,f29242,1
RF00005,7syw,i,1,72,58,1.70E-16,1,71,8700,1
RF00005,6ope,QV,1,74,61.4,2.10E-17,1,71,bdc000,1
RF00005,7pak,7,1,73,69.8,1.00E-19,1,71,93c090,1
RF00005,5lzw,3,1,72,70,8.40E-20,1,71,ff87a4,1
RF00005,6sgc,23,1,73,69.2,1.40E-19,1,71,c008ae,1
RF00005,4v69,AV,1,74,61.4,2.10E-17,1,71,bdc000,1
RF00005,6xz7,f,1,73,57.3,2.80E-16,2,71,c008ae,1
RF00005,4l47,QV,1,74,61.4,2.10E-17,1,71,8e2511,1
RF00005,3eq4,Y,1,69,50.7,2.00E-14,2,71,ebeb30,1
RF00005,3j5y,D,1,85,50.6,2.20E-14,1,71,454545,1
RF00005,6of6,XW,1,73,62.9,7.80E-18,1,71,0003c0,1
RF00005,1vvj,XV,1,74,61.4,2.10E-17,1,71,c008ae,1
RF00005,4v5l,AV,1,73,68.3,2.50E-19,1,71,454545,1
RF00005,4v7b,AW,1,74,71.1,4.40E-20,1,71,bdc000,1
RF00005,6ztl,AW,1,74,61.3,2.10E-17,1,71,f29242,1
RF00005,7pjt,w,1,73,71.1,4.30E-20,1,71,0064f4,1
RF00005,4tna,A,1,73,67.7,3.80E-19,1,71,ff87fa,1
RF00005,4v78,A3,1,74,61.4,2.10E-17,1,71,ff87a4,1
RF00005,3wfs,A,1,73,77.2,8.90E-22,1,71,8.59E+09,1
RF00005,6b4v,MC,1,74,61.4,2.10E-17,1,71,00bac0,1
RF00005,7pju,w,1,73,71.1,4.30E-20,1,71,8e2511,1
RF00005,4v9c,CV,1,73,68.3,2.50E-19,1,71,8700,1
RF00005,4kr2,C,1,71,61.6,1.80E-17,1,71,f29242,1
RF00005,6oj2,QV,1,74,61.4,2.10E-17,1,71,8700,1
RF00005,5o2r,x,1,74,66.3,9.20E-19,1,71,ebeb30,1
RF00005,2azx,D,1,72,69.3,1.40E-19,1,71,c008ae,1
RF00005,3j77,PT,1,74,61.4,2.10E-17,1,71,93c090,1
RF00005,7st2,6,1,74,61.4,2.10E-17,1,71,454545,1
RF00005,6t59,23,1,73,55.9,6.50E-16,1,71,454545,1
RF00005,4y4p,2x,1,74,61.4,2.10E-17,1,71,8484c0,1
RF00005,5uyq,W,1,74,61.4,2.10E-17,1,71,8.59E+09,1
RF00005,7oic,B,1,69,34.3,5.30E-10,1,71,f29242,1
RF00005,6c4h,x,1,74,61.3,2.10E-17,1,71,8484c0,1
RF00005,4v9r,CX,1,74,61.4,2.10E-17,1,71,00bac0,1
RF00005,5ndj,X1,1,73,68.3,2.50E-19,1,71,93c090,1
RF00005,3wc1,Q,1,72,62.3,1.10E-17,1,71,ff87fa,1
RF00005,4wr6,2K,1,74,61.4,2.10E-17,1,71,1fc01f,1
RF00005,4v5k,AW,1,74,61.4,2.10E-17,1,71,c0af92,1
RF00005,6v3a,v,1,74,70.3,7.40E-20,1,71,1fc01f,1
RF00005,7ssd,5,1,74,65.8,1.30E-18,1,71,8.59E+09,1
RF00005,5we6,w,1,74,61.3,2.10E-17,1,71,c00f0f,1
RF00005,6vyw,B,1,73,63.8,4.60E-18,1,71,0064f4,1
RF00005,4wqr,1L,1,73,68.3,2.50E-19,1,71,0003c0,1
RF00005,2du4,C,1,71,49.1,4.50E-14,1,70,8e2511,1
RF00005,4v9b,AD,1,74,61.4,2.10E-17,1,71,f29242,1
RF00005,6by1,BV,1,73,65.9,1.20E-18,1,71,1fc01f,1
RF00005,7u2h,1x,1,74,61.4,2.10E-17,1,71,ff87fa,1
RF00005,6uo1,1x,1,74,61.4,2.10E-17,1,71,454545,1
RF00005,6of1,1w,1,73,64.7,2.50E-18,1,71,1fc01f,1
RF00005,6otr,QW,1,74,61.4,2.10E-17,1,71,c00f0f,1
RF00005,6wdg,5,1,74,61.4,2.10E-17,1,71,ff87fa,1
RF00005,4v75,A3,1,74,61.4,2.10E-17,1,71,8484c0,1
RF00005,5mmm,z,1,73,68.3,2.50E-19,1,71,c00f0f,1
RF00005,6xhv,1y,1,73,68.3,2.50E-19,1,71,ff87a4,1
RF00005,3jce,8,1,74,61.4,2.10E-17,1,71,c0af92,1
RF00005,7pia,7,1,73,69.8,1.00E-19,1,71,ff87a4,1
RF00005,5hc9,C,1,73,77.2,9.20E-22,1,71,8700,1
RF00005,6wdd,6,1,74,61.4,2.10E-17,1,71,f29242,1
RF00005,6ysi,6,1,74,49.5,4.00E-14,1,71,8e2511,1
RF00005,5vp2,2y,1,73,68.3,2.50E-19,1,71,454545,1
RF00005,5j8b,x,1,74,61.4,2.10E-17,1,71,8e2511,1
RF00005,4v9b,CC,1,74,61.4,2.10E-17,1,71,bdc000,1
RF00005,4wqu,BY,1,73,68.3,2.50E-19,1,71,ff87a4,1
RF00005,6xhv,2y,1,73,68.3,2.50E-19,1,71,00bac0,1
RF00005,6zvi,d,1,73,64.8,2.30E-18,1,71,ebeb30,1
RF00005,7pia,8,1,73,69.8,1.00E-19,1,71,8.59E+09,1
RF00005,7rr5,P,1,73,63.6,5.00E-18,1,71,00bac0,1
RF00005,5lze,v,1,74,61.3,2.10E-17,1,71,8700,1
RF00005,3amt,B,1,75,72.1,2.40E-20,1,71,c00f0f,1
RF00005,7ucj,2,2,73,58,1.80E-16,1,71,454545,1
RF00005,6wdi,7,1,73,68.3,2.50E-19,1,71,8700,1
RF00005,4mgn,D,1,72,73.2,1.10E-20,1,71,0064f4,1
RF00005,5l3p,y,1,73,72.7,1.50E-20,1,71,8484c0,1
RF00005,3akz,F,1,71,64,3.80E-18,1,71,0064f4,1
RF00005,1fcw,A,1,73,67.7,3.80E-19,1,71,ff87a4,1
RF00005,1ffy,T,1,74,67.8,3.50E-19,1,71,f29242,1
RF00005,5jbh,4,1,73,58.7,1.20E-16,2,71,1fc01f,1
RF00005,6qnq,2K,1,74,61.4,2.10E-17,1,71,c00f0f,1
RF00005,6ope,XY,1,73,68.9,1.70E-19,1,71,ff87fa,1
RF00005,7pha,6,1,73,69.8,1.00E-19,1,71,8e2511,1
RF00005,7unv,v,1,74,61.4,2.10E-17,1,71,c00f0f,1
RF00005,6qdw,v,1,72,64.9,2.30E-18,1,71,c0af92,1
RF00005,4v74,A1,1,73,64.7,2.50E-18,1,71,c0af92,1
RF00005,4v6f,BB,1,73,68.3,2.50E-19,1,71,0064f4,1
RF00005,4v5j,CW,1,73,68.3,2.60E-19,1,71,1fc01f,1
RF00005,6wdd,5,1,74,61.4,2.10E-17,1,71,8.59E+09,1
RF00005,6oj2,XW,1,73,65.1,1.90E-18,1,71,c008ae,1
RF00005,6qnr,1L,1,73,68.3,2.50E-19,1,71,00bac0,1
RF00005,4v8f,BC,1,74,61.4,2.10E-17,1,71,8.59E+09,1
RF00005,5wis,2w,1,73,68.3,2.50E-19,1,71,1fc01f,1
RF00005,4v5f,AW,1,74,61.4,2.10E-17,1,71,8484c0,1
RF00005,3kfu,K,1,73,72.5,1.80E-20,1,71,8e2511,1
RF00005,5oom,B,1,69,34.3,5.30E-10,1,71,c0af92,1
RF00005,1j1u,B,1,74,66.7,7.40E-19,1,71,8484c0,1
RF00005,7tor,PTRN,1,74,61.4,2.10E-17,1,71,ff87fa,1
RF00005,4v8j,AW,1,73,68.3,2.50E-19,1,71,8e2511,1
RF00005,7as8,2,1,73,65.9,1.20E-18,1,71,c008ae,1
RF00005,5j4d,D,1,74,61.4,2.10E-17,1,71,00bac0,1
RF00005,5omw,E,1,84,57.7,2.50E-16,1,71,ff87fa,1
RF00005,6q9a,7,1,73,65.6,1.40E-18,1,71,bdc000,1
RF00005,5wit,1w,1,73,68.3,2.50E-19,1,71,454545,1
RF00005,6mtb,2,1,73,55.9,6.50E-16,1,71,0064f4,1
RF00005,7k55,6,1,74,61.4,2.10E-17,1,71,8e2511,1
RF00005,3j0o,W,1,73,68.3,2.50E-19,1,71,1fc01f,1
RF00005,5lzz,2,1,73,55.9,6.50E-16,1,71,00bac0,1
RF00005,6nuo,XV,1,74,60.7,3.10E-17,1,71,c0af92,1
RF00005,7k53,5,1,74,61.4,2.10E-17,1,71,ebeb30,1
RF00005,7rq8,2x,1,74,61.4,2.10E-17,1,71,c0af92,1
RF00005,6szs,x,1,74,60.7,3.10E-17,1,71,0003c0,1
RF00005,6oxa,QW,1,74,61.4,2.10E-17,1,71,bdc000,1
RF00005,7k54,6,1,74,61.4,2.10E-17,1,71,ff87a4,1
RF00005,6bu8,W,1,74,61.4,2.10E-17,1,71,c0af92,1
RF00005,7qv3,H,1,74,71.7,3.10E-20,1,71,c008ae,1
RF00005,4v6k,BB,1,73,68.3,2.50E-19,1,71,c008ae,1
RF00005,6vz7,B,1,73,63.8,4.60E-18,1,71,1fc01f,1
RF00005,5el7,2L,1,74,61.4,2.10E-17,1,71,ff87fa,1
RF00005,6wdb,6,1,74,61.4,2.10E-17,1,71,93c090,1
RF00005,4v4s,AW,1,73,67.7,3.80E-19,1,71,454545,1
RF00005,5e7k,3K,1,73,79.2,2.50E-22,1,71,bdc000,1
RF00005,5b63,D,1,74,68.7,2.00E-19,1,71,c0af92,1
RF00005,6gsm,1,1,72,63.6,5.20E-18,1,71,c00f0f,1
RF00005,7ssw,6,1,74,61.4,2.10E-17,1,71,1fc01f,1
RF00005,4v71,A3,1,74,61.4,2.10E-17,1,71,8e2511,1
RF00005,3amu,B,1,75,72.1,2.40E-20,1,71,1fc01f,1
RF00005,2d6f,E,1,72,59.2,8.10E-17,1,71,ff87fa,1
RF00005,4v7k,Aw,1,74,61.4,2.10E-17,1,71,8e2511,1
RF00005,7ug7,Pt,1,73,68.3,2.50E-19,1,71,8e2511,1
RF00005,5lzy,3,1,72,70,8.40E-20,1,71,454545,1
RF00005,4v42,AD,1,71,57.8,2.00E-16,1,71,00bac0,1
RF00005,2zxu,D,1,73,68.3,2.50E-19,1,71,0003c0,1
RF00005,7syx,i,1,72,58,1.70E-16,1,71,c00f0f,1
RF00005,6gqv,AY,1,73,67.7,3.80E-19,1,71,f29242,1
RF00005,6wb1,D,1,73,74.1,7.00E-21,1,71,8.59E+09,1
RF00005,4tzp,B,1,68,60.3,4.00E-17,5,71,c00f0f,1
RF00005,6ztp,AW,1,74,61.3,2.10E-17,1,71,00bac0,1
RF00005,7n2u,Pt,1,73,79.2,2.50E-22,1,71,ff87fa,1
RF00005,5kpv,30,1,73,68.3,2.50E-19,1,71,93c090,1
RF00005,7qgh,u,1,73,68.4,2.30E-19,1,71,ff87a4,1
RF00005,7nsp,v,1,74,67.1,5.50E-19,1,71,0003c0,1
RF00005,1fcw,D,1,73,67.7,3.80E-19,1,71,ebeb30,1
RF00005,5doy,1w,1,73,68.3,2.50E-19,1,71,c00f0f,1
RF00005,7o9m,B,1,69,34.3,5.30E-10,1,71,454545,1
RF00005,7pal,7,1,73,69.8,1.00E-19,1,71,0003c0,1
RF00005,6cae,2x,1,74,61.4,2.10E-17,1,71,0003c0,1
RF00005,4v6x,BC,1,72,58,1.70E-16,1,71,8.59E+09,1
RF00005,7ls2,n2,1,72,58,1.70E-16,1,71,0003c0,1
RF00005,6oxa,XV,1,74,61.4,2.10E-17,1,71,0003c0,1
RF00005,5wis,1x,1,74,61.4,2.10E-17,1,71,c00f0f,1
RF00005,7ssl,6,1,74,61.4,2.10E-17,1,71,1fc01f,1
RF00005,6wdc,6,1,74,61.4,2.10E-17,1,71,1fc01f,1
RF00005,4v8b,AC,1,74,61.4,2.10E-17,1,71,1fc01f,1
RF00005,6t7i,6,1,73,62.4,1.10E-17,1,71,8.59E+09,1
RF00005,7pah,7,1,73,69.8,1.00E-19,1,71,ff87a4,1
RF00005,5ibb,2L,1,74,61.4,2.10E-17,1,71,93c090,1
RF00005,4wj3,T,1,73,71.3,4.00E-20,1,71,1fc01f,1
RF00005,4w2f,AX,1,74,61.4,2.10E-17,1,71,8700,1
RF00005,5j4c,1x,1,74,61.4,2.10E-17,1,71,0003c0,1
RF00005,6ope,XV,1,74,61.4,2.10E-17,1,71,0003c0,1
RF00005,7toq,PTRN,1,74,61.4,2.10E-17,1,71,f29242,1
RF00005,7b7d,Sn,1,72,55.6,7.70E-16,1,71,c00f0f,1
RF00005,5.00E+81,2K,1,74,61.4,2.10E-17,1,71,ebeb30,1
RF00005,4woi,AX,1,73,68.3,2.50E-19,1,71,ebeb30,1
RF00005,4yzv,XV,1,74,61.4,2.10E-17,1,71,454545,1
RF00005,7k52,6,1,74,61.4,2.10E-17,1,71,8700,1
RF00005,4v8n,CW,1,75,70.7,5.90E-20,1,71,8700,1
RF00005,5lzc,v,1,74,61.3,2.10E-17,1,71,8700,1
RF00005,6ztp,AX,1,73,68.3,2.50E-19,1,71,ff87fa,1
RF00005,4v5l,AY,1,73,68.6,2.20E-19,1,71,c008ae,1
RF00005,3akz,E,1,71,64,3.80E-18,1,71,8.59E+09,1
RF00005,6yhs,6,1,74,49.5,4.00E-14,1,71,8e2511,1
RF00005,4v7b,AV,1,74,62.7,9.00E-18,1,71,ebeb30,1
RF00005,7qi4,B,1,69,34.3,5.60E-10,1,71,c00f0f,1
RF00005,6hcm,23,1,73,55.9,6.50E-16,1,71,bdc000,1
RF00005,7lv0,5,1,74,65.8,1.30E-18,1,71,0064f4,1
RF00005,7of6,B,1,69,34.3,5.30E-10,1,71,00bac0,1
RF00005,4w2i,AX,1,74,61.4,2.10E-17,1,71,f29242,1
RF00005,4wqr,3K,1,73,68.3,2.50E-19,1,71,ff87fa,1
RF00005,4v5a,AV,1,73,68.3,2.50E-19,1,71,c0af92,1
RF00005,1ls2,B,1,73,67.7,3.80E-19,1,71,0003c0,1
RF00005,6buw,QV,1,74,61.4,2.10E-17,1,71,c008ae,1
RF00005,4z3s,1w,1,73,68.3,2.50E-19,1,71,f29242,1
RF00005,6h58,ww,1,74,60.9,2.90E-17,1,71,0064f4,1
RF00005,3epj,E,1,69,50.5,1.90E-14,2,69,c00f0f,1
RF00005,1fcw,B,1,73,67.7,3.80E-19,1,71,ff87fa,1
RF00005,6bz7,XV,1,74,61.4,2.10E-17,1,71,0064f4,1
RF00005,3j81,1,1,72,63.1,7.00E-18,1,71,ebeb30,1
RF00005,7a5f,24,1,70,46.4,2.70E-13,1,71,ff87fa,1
RF00005,6qnr,3K,1,73,68.3,2.50E-19,1,71,1fc01f,1
RF00005,6nwy,QV,1,74,60.7,3.10E-17,1,71,c00f0f,1
RF00005,6hcj,q3,1,71,66.3,9.00E-19,1,71,00bac0,1
RF00005,6k0b,V,1,82,52.3,7.00E-15,1,71,8e2511,1
RF00005,4v6n,BD,1,74,61.3,2.10E-17,1,71,c008ae,1
RF00005,5v6x,C,1,69,33.7,8.00E-10,1,71,8.59E+09,1
RF00005,7pjx,v,1,74,61.3,2.10E-17,1,71,c00f0f,1
RF00005,6q97,8,1,74,71.1,4.40E-20,1,71,c0af92,1
RF00005,4v9b,CD,1,74,61.4,2.10E-17,1,71,0003c0,1
RF00005,6boh,IA,1,74,61.4,2.10E-17,1,71,0064f4,1
RF00005,6ugg,B,1,74,67.7,3.90E-19,1,71,c00f0f,1
RF00005,7oi8,B,1,69,34.3,5.30E-10,1,71,454545,1
RF00005,6o97,2w,1,73,64.7,2.50E-18,1,71,ff87a4,1
RF00005,7cpu,S6,1,72,58,1.70E-16,1,71,ff87a4,1
RF00005,3akz,H,1,71,64,3.80E-18,1,71,8e2511,1
RF00005,4v6a,AW,1,74,61.4,2.10E-17,1,71,8.59E+09,1
RF00005,5uym,Y,1,73,68.3,2.50E-19,1,71,454545,1
RF00005,4v9s,AX,1,74,61.4,2.10E-17,1,71,1fc01f,1
RF00005,4v7m,CX,1,74,61.4,2.10E-17,1,71,0003c0,1
RF00005,7r81,u1,1,73,60.8,3.00E-17,1,71,8484c0,1
RF00005,4v5a,AW,1,74,61.4,2.10E-17,1,71,93c090,1
RF00005,3jag,2,1,73,55.9,6.50E-16,1,71,454545,1
RF00005,4v5q,CV,1,73,68.3,2.50E-19,1,71,8700,1
RF00005,5lzt,2,1,73,55.9,6.50E-16,1,71,bdc000,1
RF00005,3wc1,P,1,72,62.3,1.10E-17,1,71,bdc000,1
RF00005,7ryf,v,1,74,70.3,7.40E-20,1,71,93c090,1
RF00005,3j0o,V,1,73,68.3,2.50E-19,1,71,8700,1
RF00005,7vnv,B,1,75,62,1.50E-17,1,71,8.59E+09,1
RF00005,4v5s,CW,1,73,68.3,2.50E-19,1,71,c00f0f,1
RF00005,6wdg,7,1,73,68.3,2.50E-19,1,71,0003c0,1
RF00005,1vy7,CX,1,74,61.4,2.10E-17,1,71,8484c0,1
RF00005,6gz5,Bw,1,73,67,5.90E-19,1,71,00bac0,1
RF00005,2du5,D,1,71,49.6,3.30E-14,1,70,ff87fa,1
RF00005,7u2j,1x,1,74,61.4,2.10E-17,1,71,f29242,1
RF00005,5nwy,M,1,72,62,1.40E-17,1,71,bdc000,1
RF00005,7oid,z,2,70,32.6,1.70E-09,1,71,0064f4,1
RF00005,7p48,5,1,73,57.9,1.80E-16,2,71,c0af92,1
RF00005,6qnr,5K,1,73,68.3,2.50E-19,1,71,454545,1
RF00005,7k51,5,1,74,65.8,1.30E-18,1,71,8700,1
RF00005,6qnr,1K,1,73,68.3,2.50E-19,1,71,ff87a4,1
RF00005,7m4x,v,1,74,70.3,7.40E-20,1,71,454545,1
RF00005,1vfg,C,1,73,77.2,9.00E-22,1,71,93c090,1
RF00005,5f8k,2x,1,73,57.3,2.80E-16,2,71,1fc01f,1
RF00005,4v6g,AD,1,74,61.4,2.10E-17,1,71,0003c0,1
RF00005,4v4r,AW,1,73,67.7,3.80E-19,1,71,bdc000,1
RF00005,7azo,PSIA,1,73,68.3,2.50E-19,1,71,c0af92,1
RF00005,6t4q,7,1,72,53.9,2.30E-15,1,71,c008ae,1
RF00005,5hau,2w,1,74,61.4,2.10E-17,1,71,8484c0,1
RF00005,6xqd,2x,1,74,61.4,2.10E-17,1,71,bdc000,1
RF00005,5el6,2K,1,74,61.4,2.10E-17,1,71,8.59E+09,1
RF00005,6wd9,6,1,74,61.4,2.10E-17,1,71,93c090,1
RF00005,2byt,E,1,80,60.3,4.60E-17,1,71,ebeb30,1
RF00005,6wde,7,1,73,68.3,2.60E-19,1,71,bdc000,1
RF00005,5lzf,v,1,74,61.3,2.10E-17,1,71,8.59E+09,1
RF00005,4mgm,B,1,72,73.2,1.10E-20,1,71,ff87a4,1
RF00005,5mc6,n,1,74,67.7,3.90E-19,1,71,1fc01f,1
RF00005,4p6f,QY,1,73,68.3,2.50E-19,1,71,c008ae,1
RF00005,4v7a,A1,1,73,64.7,2.50E-18,1,71,c008ae,1
RF00005,5ju8,AY,1,71,64.9,2.10E-18,1,71,ff87a4,1
RF00005,6htq,v,1,84,52.8,5.60E-15,1,71,1fc01f,1
RF00005,4v8e,BC,1,74,61.4,2.10E-17,1,71,8.59E+09,1
RF00005,6k0b,U,1,82,52.3,7.00E-15,1,71,ff87fa,1
RF00005,6n1d,BATN,1,82,53.4,3.70E-15,1,71,8.59E+09,1
RF00005,6gsl,2L,1,74,61.4,2.10E-17,1,71,454545,1
RF00005,7k98,C,1,74,72.2,2.10E-20,1,71,8e2511,1
RF00005,7a5g,24,1,70,46.4,2.70E-13,1,71,0003c0,1
RF00005,1n77,D,1,72,64.1,3.50E-18,1,71,0003c0,1
RF00005,3wfq,B,1,73,77.2,8.80E-22,1,71,8484c0,1
RF00005,5el6,1L,1,73,79.2,2.50E-22,1,71,8484c0,1
RF00005,5j4c,2y,1,73,68.3,2.50E-19,1,71,0003c0,1
RF00005,7a5i,X,1,70,46.4,2.70E-13,1,71,bdc000,1
RF00005,1h3e,B,1,83,54.1,2.40E-15,1,71,c00f0f,1
RF00005,4v4x,AC,1,74,61.4,2.10E-17,1,71,c008ae,1
RF00005,4v8j,CW,1,73,68.3,2.50E-19,1,71,8700,1
RF00005,3deg,A,1,73,67.7,3.80E-19,1,71,f29242,1
RF00005,3wc2,P,1,73,67.2,5.20E-19,1,71,0003c0,1
RF00005,7syt,i,1,72,58,1.70E-16,1,71,0003c0,1
RF00005,3j0p,Y,1,73,68.3,2.50E-19,1,71,ebeb30,1
RF00005,6xhw,2x,1,74,61.4,2.10E-17,1,71,c00f0f,1
RF00005,6gsj,3L,1,73,74.6,4.60E-21,1,71,c00f0f,1
RF00005,6hcq,33,1,72,58,1.70E-16,1,71,ebeb30,1
RF00005,7aqc,T,1,73,65.9,1.20E-18,1,71,c00f0f,1
RF00005,4wu1,2K,1,82,53.4,3.70E-15,1,71,8e2511,1
RF00005,7lj3,B,1,72,56.9,3.60E-16,1,71,c008ae,1
RF00005,6vyq,B,1,73,63.8,4.60E-18,1,71,ff87a4,1
RF00005,6bu8,Y,1,73,68.3,2.50E-19,1,71,8700,1
RF00005,6cfj,2x,1,74,61.4,2.10E-17,1,71,ff87a4,1
RF00005,7jql,2x,1,74,61.4,2.10E-17,1,71,ff87fa,1
RF00005,7a5k,FE,1,70,46.4,2.70E-13,1,71,c0af92,1
RF00005,3b0v,A,1,73,74.3,5.90E-21,1,71,1fc01f,1
RF00005,2deu,D,1,73,60.1,4.60E-17,1,71,8700,1
RF00005,5doy,2w,1,73,68.3,2.50E-19,1,71,ebeb30,1
RF00005,2tra,A,1,72,56.3,5.20E-16,1,71,c008ae,1
RF00005,6wda,7,1,73,68.3,2.50E-19,1,71,c008ae,1
RF00005,6boh,IB,1,74,61.4,2.10E-17,1,71,c008ae,1
RF00005,5wfs,v,1,74,61.3,2.10E-17,1,71,ff87fa,1
RF00005,7lyg,A,1,139,47.7,2.20E-13,1,71,c0af92,1
RF00005,1il2,D,1,72,56.3,5.20E-16,1,71,c0af92,1
RF00005,3eph,E,1,69,50.5,1.90E-14,2,69,ff87fa,1
RF00005,4v9m,CW,1,74,71.1,4.40E-20,1,71,00bac0,1
RF00005,7jss,5,1,74,61.4,2.10E-17,1,71,c008ae,1
RF00005,6bz7,QV,1,74,61.4,2.10E-17,1,71,1fc01f,1
RF00005,4wqu,DW,1,73,68.3,2.50E-19,1,71,ff87a4,1
RF00005,5onh,B,1,84,57.7,2.50E-16,1,71,93c090,1
RF00005,3jbo,7,1,73,63.8,4.50E-18,1,71,c0af92,1
RF00005,6xza,f2,1,73,57.3,2.80E-16,2,71,ff87fa,1
RF00005,5mre,bb,1,73,71.7,3.10E-20,1,71,8700,1
RF00005,7u2h,1y,1,71,71.6,3.10E-20,1,71,454545,1
RF00005,6ha8,x,1,72,54.7,1.50E-15,1,71,8e2511,1
RF00005,7n31,Pt,1,73,79.2,2.50E-22,1,71,93c090,1
RF00005,4v6p,AD,1,74,61.3,2.10E-17,1,71,f29242,1
RF00005,4v79,A3,1,74,61.4,2.10E-17,1,71,c0af92,1
RF00005,3jbp,7,1,74,67.6,4.00E-19,1,71,8e2511,1
RF00005,6wdb,5,1,74,61.4,2.10E-17,1,71,0003c0,1
RF00005,6x9q,A,1,73,63.8,4.60E-18,1,71,c0af92,1
RF00005,4v8e,DC,1,74,61.4,2.10E-17,1,71,00bac0,1
RF00005,5uyq,X,1,74,61.4,2.10E-17,1,71,ff87fa,1
RF00005,3cw6,A,1,74,61.3,2.10E-17,1,71,c008ae,1
RF00005,7s1i,A,1,73,68.3,2.50E-19,1,71,ebeb30,1
RF00005,7zhg,4,1,74,66.1,1.00E-18,1,71,ebeb30,1
RF00005,4rqe,D,3,85,30.5,7.80E-09,1,71,bdc000,1
RF00005,4wc7,B,1,73,77.2,9.00E-22,1,71,0064f4,1
RF00005,5ndj,X4,1,73,68.3,2.50E-19,1,71,8700,1
RF00005,4v6w,BC,1,72,53.8,2.50E-15,1,71,8700,1
RF00005,4v8c,CC,1,74,61.4,2.10E-17,1,71,bdc000,1
RF00005,2nre,F,1,84,52.8,5.60E-15,1,71,ebeb30,1
RF00005,5kpx,31,1,74,61.4,2.10E-17,1,71,c00f0f,1
RF00005,6ah3,T,5,77,67.7,4.00E-19,1,71,8.59E+09,1
RF00005,5lzs,2,1,73,55.9,6.50E-16,1,71,93c090,1
RF00005,6cae,1y,1,73,64.7,2.50E-18,1,71,93c090,1
RF00005,7k00,Y,1,73,65.9,1.20E-18,1,71,8484c0,1
RF00005,1jgo,C,1,73,67.7,3.80E-19,1,71,c00f0f,1
RF00005,3j0q,W,1,74,61.4,2.10E-17,1,71,c008ae,1
RF00005,7f36,F,1,73,69.1,1.60E-19,1,71,c00f0f,1
RF00005,7aqd,T,1,73,65.9,1.20E-18,1,71,0064f4,1
RF00005,6nd5,1y,1,73,68.3,2.50E-19,1,71,ff87a4,1
RF00005,3j16,L,1,72,56.3,5.20E-16,1,71,f29242,1
RF00005,6of1,2w,1,73,64.7,2.50E-18,1,71,ebeb30,1
RF00005,4tra,A,1,73,67.7,3.80E-19,1,71,ff87a4,1
RF00005,6ogf,5,1,74,61.4,2.10E-17,1,71,ff87fa,1
RF00005,2bte,B,1,80,60.3,4.60E-17,1,71,1fc01f,1
RF00005,7rq9,1y,1,73,68.3,2.50E-19,1,71,0064f4,1
RF00005,6wd7,7,1,73,68.3,2.50E-19,1,71,bdc000,1
RF00005,5w4k,1y,1,73,68.3,2.50E-19,1,71,c0af92,1
RF00005,6uo1,2x,1,74,61.4,2.10E-17,1,71,8.59E+09,1
RF00005,1jgp,B,1,73,67.7,3.80E-19,1,71,00bac0,1
RF00005,7pjx,w,1,73,71.1,4.30E-20,1,71,8.59E+09,1
RF00005,7rr5,A,1,73,73.4,1.00E-20,1,71,8e2511,1
RF00005,4v5k,AV,1,74,61.4,2.10E-17,1,71,bdc000,1
RF00005,4v7l,AY,1,72,62.3,1.10E-17,1,71,454545,1
RF00005,6gaw,BB,1,70,42.9,2.50E-12,1,71,0003c0,1
RF00005,5zey,B,1,74,61.3,2.10E-17,1,71,c008ae,1
RF00005,4tzp,E,1,68,60.3,4.00E-17,5,71,454545,1
RF00005,7phc,8,1,73,69.8,1.00E-19,1,71,454545,1
RF00005,7qh4,1,1,74,71.7,3.10E-20,1,71,1fc01f,1
RF00005,7jt2,5,1,74,61.4,2.10E-17,1,71,93c090,1
RF00005,4v6u,A1,1,74,70.3,7.60E-20,1,71,ff87a4,1
RF00005,4v5p,AY,1,73,60.6,3.50E-17,1,71,ebeb30,1
RF00005,6wdk,6,1,74,61.4,2.10E-17,1,71,bdc000,1
RF00005,6xu7,B,1,72,53.8,2.50E-15,1,71,0003c0,1
RF00005,1evv,A,1,73,67.7,3.80E-19,1,71,00bac0,1
RF00005,6x6t,A,1,73,63.8,4.60E-18,1,71,ff87a4,1
RF00005,7pwg,w,1,73,46.8,2.10E-13,1,71,93c090,1
RF00005,6sv4,mb,1,74,61.4,2.10E-17,1,71,0003c0,1
RF00005,6nd6,1x,1,74,61.4,2.10E-17,1,71,0064f4,1
RF00005,4v66,AA,1,73,67.7,3.80E-19,1,71,c008ae,1
RF00005,4wra,3L,1,82,53.4,3.70E-15,1,71,f29242,1
RF00005,5vp2,1x,1,74,61.4,2.10E-17,1,71,c00f0f,1
RF00005,4yzv,QV,1,74,61.4,2.10E-17,1,71,8e2511,1
RF00005,4v5p,CY,1,73,60.6,3.50E-17,1,71,1fc01f,1
RF00005,6buw,XV,1,74,61.4,2.10E-17,1,71,f29242,1
RF00005,6x7f,B,1,73,63.8,4.60E-18,1,71,ff87a4,1
RF00005,6vzj,B,1,73,63.8,4.60E-18,1,71,0064f4,1
RF00005,7too,APTN,1,74,61.4,2.10E-17,1,71,8.59E+09,1
RF00005,6gsj,1L,1,73,72.7,1.60E-20,1,71,0003c0,1
RF00005,4tzz,E,1,68,60.3,4.00E-17,5,71,8700,1
RF00005,7ac7,7,1,73,68.3,2.50E-19,1,71,1fc01f,1
RF00005,7a5i,B3,2,70,34.3,5.60E-10,1,71,0003c0,1
RF00005,5d8b,BD,1,74,61.4,2.10E-17,1,71,8.59E+09,1
RF00005,7cpj,9,1,74,60.7,3.10E-17,1,71,0003c0,1
RF00005,1j2b,C,1,74,69.3,1.40E-19,1,71,0064f4,1
RF00005,5e7k,1K,1,72,78,5.40E-22,1,71,8700,1
RF00005,2nr0,E,1,84,52.8,5.60E-15,1,71,c0af92,1
RF00005,7pip,6,1,73,69.8,1.00E-19,1,71,8e2511,1
RF00005,4v6o,AD,1,74,61.3,2.10E-17,1,71,8.59E+09,1
RF00005,6gsj,1K,1,73,72.7,1.60E-20,1,71,8484c0,1
RF00005,7qh6,B,1,69,34.3,5.30E-10,1,71,bdc000,1
RF00005,6uo1,1y,1,73,68.3,2.50E-19,1,71,8484c0,1
RF00005,6xdr,A,1,73,63.8,4.60E-18,1,71,8700,1
RF00005,6qnq,1K,1,74,61.4,2.10E-17,1,71,8.59E+09,1
RF00005,6ucq,1x,1,73,68.3,2.50E-19,1,71,c0af92,1
RF00005,3wc2,Q,1,73,67.2,5.20E-19,1,71,c008ae,1
RF00005,4aq7,E,1,84,57.7,2.50E-16,1,71,1fc01f,1
RF00005,4v8f,BD,1,82,53.4,3.70E-15,1,71,c0af92,1
RF00005,6y0g,D4,1,73,68.3,2.50E-19,1,71,8.59E+09,1
RF00005,4v5g,CV,1,73,68.3,2.50E-19,1,71,f29242,1
RF00005,5j4b,2w,1,73,68.3,2.50E-19,1,71,8700,1
RF00005,7oi9,B,1,69,34.3,5.30E-10,1,71,93c090,1
RF00005,7kjt,A,1,73,65.3,1.70E-18,2,71,f29242,1
RF00005,6vyu,A,1,73,63.8,4.60E-18,1,71,8e2511,1
RF00005,6nd6,1w,1,73,64.7,2.50E-18,1,71,8700,1
RF00005,7ods,B,1,69,34.3,5.50E-10,1,71,ff87a4,1
RF00005,5ah5,C,1,81,58.7,1.20E-16,1,71,c00f0f,1
RF00005,6ord,QV,1,74,61.4,2.10E-17,1,71,ebeb30,1
RF00005,6xqe,2x,1,74,61.4,2.10E-17,1,71,0003c0,1
RF00005,7osa,PSIT,1,74,61.4,2.10E-17,1,71,8e2511,1
RF00005,3j0l,W,1,73,68.3,2.50E-19,1,71,93c090,1
RF00005,7ss9,6,1,74,61.4,2.10E-17,1,71,c00f0f,1
RF00005,6o97,2y,1,73,64.7,2.50E-18,1,71,c0af92,1
RF00005,6wd2,5,1,74,61.4,2.10E-17,1,71,93c090,1
RF00005,6xhy,1x,1,74,61.4,2.10E-17,1,71,c0af92,1
RF00005,7nsh,BB,1,70,42.9,2.50E-12,1,71,93c090,1
RF00005,6ugg,A,1,74,67.7,3.90E-19,1,71,93c090,1
RF00005,6snt,6,1,73,62.4,1.10E-17,1,71,ff87a4,1
RF00005,7nwt,5,1,74,58.1,1.70E-16,1,71,93c090,1
RF00005,4v5a,CV,1,73,68.3,2.50E-19,1,71,8e2511,1
RF00005,4v5l,AW,1,73,68.3,2.50E-19,1,71,8700,1
RF00005,4v51,AY,1,73,68.3,2.50E-19,1,71,ff87a4,1
RF00005,2dlc,Y,1,73,62.8,8.50E-18,1,71,f29242,1
RF00005,7qg8,A,1,73,68.4,2.30E-19,1,71,ff87fa,1
RF00005,4v6a,CW,1,74,61.4,2.10E-17,1,71,f29242,1
RF00005,6zmw,w,1,72,58,1.70E-16,1,71,0003c0,1
RF00005,1ob2,B,1,73,67.7,3.90E-19,1,71,f29242,1
RF00005,6x7k,B,1,73,63.8,4.60E-18,1,71,454545,1
RF00005,1vtq,A,1,72,56.3,5.20E-16,1,71,8484c0,1
RF00005,4wsd,2K,1,74,61.4,2.10E-17,1,71,ff87a4,1
RF00005,7rq8,1x,1,74,61.4,2.10E-17,1,71,c0af92,1
RF00005,6xgf,B,1,73,63.8,4.60E-18,1,71,93c090,1
RF00005,6b4v,IA,1,74,61.4,2.10E-17,1,71,1fc01f,1
RF00005,3v11,D,1,74,61.3,2.10E-17,1,71,bdc000,1
RF00005,6zsd,XB,1,69,34.3,5.50E-10,1,71,1fc01f,1
RF00005,7mt7,x,1,74,61.4,2.10E-17,1,71,454545,1
RF00005,2ct8,C,1,74,69.7,1.00E-19,1,71,8484c0,1
RF00005,4wqf,BW,1,73,68.3,2.50E-19,1,71,8700,1
RF00005,5el6,2L,1,74,61.4,2.10E-17,1,71,bdc000,1
RF00005,4v8n,AW,1,75,70.7,5.90E-20,1,71,8.59E+09,1
RF00005,4v6y,A3,1,74,61.4,2.10E-17,1,71,93c090,1
RF00005,1i9v,A,1,73,67.7,3.80E-19,1,71,8484c0,1
RF00005,1ivs,D,1,72,69.4,1.30E-19,1,71,8.59E+09,1
RF00005,6hcq,q3,1,71,66.3,9.00E-19,1,71,8.59E+09,1
RF00005,7ph9,7,1,73,69.8,1.00E-19,1,71,c00f0f,1
RF00005,4v5d,AV,1,73,68.3,2.60E-19,1,71,c008ae,1
RF00005,3a3a,A,3,85,30.5,7.80E-09,1,71,8700,1
RF00005,1qf6,B,1,73,71.8,2.90E-20,1,71,8.59E+09,1
RF00005,7asa,2,1,73,65.9,1.20E-18,1,71,ff87a4,1
RF00005,5e7k,1L,1,73,79.2,2.50E-22,1,71,0003c0,1
RF00005,4v7j,Av,1,74,61.4,2.10E-17,1,71,f29242,1
RF00005,4v8y,CW,1,73,68.3,2.50E-19,1,71,8700,1
RF00005,6i7o,m,1,72,53.9,2.30E-15,1,71,c0af92,1
RF00005,4v5s,AW,1,73,68.3,2.50E-19,1,71,8484c0,1
RF00005,6ztn,AZ,1,73,68.3,2.50E-19,1,71,0003c0,1
RF00005,7l08,B,2,70,34.3,5.60E-10,1,71,454545,1
RF00005,4tub,XV,1,74,61.4,2.10E-17,1,71,454545,1
RF00005,7m4y,v,1,74,70.3,7.40E-20,1,71,8.59E+09,1
RF00005,5u4j,x,1,74,61.3,2.10E-17,1,71,8484c0,1
RF00005,7o1c,B8,1,74,60.7,3.10E-17,1,71,f29242,1
RF00005,4yye,C,1,73,68.9,1.80E-19,1,71,1fc01f,1
RF00005,5el4,3L,1,73,79.2,2.50E-22,1,71,ff87fa,1
RF00005,1vy7,AY,1,73,68.3,2.50E-19,1,71,ff87a4,1
RF00005,5oa3,1,1,72,63.6,5.10E-18,1,71,c00f0f,1
RF00005,6gsk,2K,1,74,61.4,2.10E-17,1,71,8484c0,1
RF00005,2cv2,D,1,72,64.1,3.50E-18,1,71,0064f4,1
RF00005,6om7,u,1,73,60.4,3.80E-17,1,71,0064f4,1
RF00005,4v4j,2,1,73,69.6,1.10E-19,1,71,c0af92,1
RF00005,4v5j,CV,1,73,68.3,2.60E-19,1,71,1fc01f,1
RF00005,5kpx,30,1,73,68.3,2.50E-19,1,71,c00f0f,1
RF00005,6gz4,Bv,1,73,65.1,2.00E-18,1,71,8.59E+09,1
RF00005,5el7,2K,1,74,61.4,2.10E-17,1,71,bdc000,1
RF00005,4v9i,AW,1,73,68.3,2.50E-19,1,71,0003c0,1
RF00005,4wzd,3L,1,82,53.4,3.70E-15,1,71,8700,1
RF00005,5hd1,2x,1,74,61.4,2.10E-17,1,71,c00f0f,1
RF00005,7o7y,AT,1,73,69.8,9.70E-20,1,71,93c090,1
RF00005,5ndj,W1,1,73,68.3,2.50E-19,1,71,ebeb30,1
RF00005,6gz4,Bw,1,73,67,5.90E-19,1,71,8484c0,1
RF00005,6tna,A,1,73,67.7,3.80E-19,1,71,8484c0,1
RF00005,7azs,PSIB,1,73,68.3,2.50E-19,1,71,ff87fa,1
RF00005,4ypb,XW,1,74,61.4,2.10E-17,1,71,ff87fa,1
RF00005,6xhy,2x,1,74,61.4,2.10E-17,1,71,8484c0,1
RF00005,5j4c,2w,1,73,68.3,2.50E-19,1,71,c0af92,1
RF00005,4tzv,B,1,68,60.3,4.00E-17,5,71,8.59E+09,1
RF00005,4wu1,2L,1,82,53.4,3.70E-15,1,71,ebeb30,1
RF00005,7f36,H,1,73,69.1,1.60E-19,1,71,c0af92,1
RF00005,7nrd,Sm,1,74,61.4,2.10E-17,1,71,c008ae,1
RF00005,6az1,2,1,73,68.4,2.40E-19,1,71,8.59E+09,1
RF00005,6wdc,7,1,73,68.3,2.50E-19,1,71,0003c0,1
RF00005,3qsy,D,1,74,61.3,2.10E-17,1,71,8.59E+09,1
RF00005,3wfr,A,1,73,77.2,8.90E-22,1,71,c008ae,1
RF00005,6rfl,U,1,72,70,8.50E-20,1,71,8e2511,1
RF00005,5j4c,2x,1,74,61.4,2.10E-17,1,71,f29242,1
RF00005,5wt1,F,1,74,70.3,7.50E-20,1,71,ff87fa,1
RF00005,2fmt,D,1,74,61.3,2.10E-17,1,71,bdc000,1
RF00005,6ahu,T,1,72,57.8,2.00E-16,1,70,c008ae,1
RF00005,4w2h,AX,1,74,61.4,2.10E-17,1,71,f29242,1
RF00005,5doy,2x,1,74,61.4,2.10E-17,1,71,ff87fa,1
RF00005,7pis,6,1,73,69.8,1.00E-19,1,71,8.59E+09,1
RF00005,4z3s,2y,1,73,68.3,2.50E-19,1,71,1fc01f,1
RF00005,6wd5,7,1,73,68.3,2.50E-19,1,71,8.59E+09,1
RF00005,1tn2,A,1,73,67.7,3.80E-19,1,71,ebeb30,1
RF00005,7ope,2,1,73,65.9,1.20E-18,1,71,8.59E+09,1
RF00005,5gak,B,1,74,67.7,3.90E-19,1,71,93c090,1
RF00005,4v67,CY,1,74,61.4,2.10E-17,1,71,93c090,1
RF00005,4wt1,3K,1,73,68.3,2.50E-19,1,71,8e2511,1
RF00005,6wd2,6,1,74,61.4,2.10E-17,1,71,8.59E+09,1
RF00005,6o3m,QV,1,74,60.7,3.10E-17,1,71,c008ae,1
RF00005,6om0,u,1,73,60.4,3.80E-17,1,71,8.59E+09,1
RF00005,7d6z,2,1,73,66.3,9.00E-19,1,71,c0af92,1
RF00005,1ml5,B,1,73,67.7,3.80E-19,1,71,8700,1
RF00005,4v7d,BV,1,73,68.3,2.50E-19,1,71,f29242,1
RF00005,7pi9,7,1,73,69.8,1.00E-19,1,71,ff87fa,1
RF00005,7ryg,v,1,74,70.3,7.40E-20,1,71,8.59E+09,1
RF00005,7qgr,M,1,72,62,1.40E-17,1,71,00bac0,1
RF00005,7azs,PSIA,1,73,68.3,2.50E-19,1,71,c00f0f,1
RF00005,4w4g,XW,1,74,61.4,2.10E-17,1,71,c0af92,1
RF00005,6xzb,g2,1,73,67.7,3.80E-19,1,71,bdc000,1
RF00005,5j8b,y,1,73,68.3,2.50E-19,1,71,c008ae,1
RF00005,4v5d,AW,1,73,68.3,2.50E-19,1,71,f29242,1
RF00005,4v6g,CB,1,74,61.4,2.10E-17,1,71,f29242,1
RF00005,7chd,I,1,74,61.3,2.10E-17,1,71,ebeb30,1
RF00005,6wd7,5,1,74,61.4,2.10E-17,1,71,f29242,1
RF00005,3w3s,B,2,95,33.2,1.50E-09,1,71,8700,1
RF00005,5ib8,2K,1,74,61.4,2.10E-17,1,71,93c090,1
RF00005,4wq1,3L,1,82,53.4,3.70E-15,1,71,0064f4,1
RF00005,7nsp,8,1,84,52.8,5.60E-15,1,71,0064f4,1
RF00005,6zmi,CC,1,72,53.9,2.30E-15,1,71,c0af92,1
RF00005,7jsz,5,1,74,61.4,2.10E-17,1,71,f29242,1
RF00005,6o9k,y,1,74,61.3,2.10E-17,1,71,0064f4,1
RF00005,4v4i,z,1,73,68.3,2.50E-19,1,71,454545,1
RF00005,7a5g,B3,1,69,34.3,5.30E-10,1,71,ff87fa,1
RF00005,4v8n,AY,1,75,71,4.80E-20,1,71,ff87a4,1
RF00005,7pib,8,1,73,69.8,1.00E-19,1,71,ebeb30,1
RF00005,3jcd,8,1,73,68.3,2.50E-19,1,71,8700,1
RF00005,7pao,6,1,73,69.8,1.00E-19,1,71,8e2511,1
RF00005,7nwg,q3,1,71,55.2,1.00E-15,1,71,c0af92,1
RF00005,4wsd,1K,1,73,68.3,2.50E-19,1,71,0003c0,1
RF00005,7d80,y,1,74,67.7,3.90E-19,1,71,1fc01f,1
RF00005,6vz5,A,1,73,63.8,4.60E-18,1,71,8.59E+09,1
RF00005,6yhs,8,1,74,49.5,4.00E-14,1,71,8e2511,1
RF00005,3j0p,W,1,74,61.4,2.10E-17,1,71,c0af92,1
RF00005,7n2v,Dt,1,73,62.6,1.40E-17,1,71,bdc000,1
RF00005,4v5s,CV,1,73,68.3,2.50E-19,1,71,c0af92,1
RF00005,7qp6,w,1,72,58,1.70E-16,1,71,454545,1
RF00005,6tb3,n,1,72,63.6,5.10E-18,1,71,c008ae,1
RF00005,5d8b,XC,1,74,61.4,2.10E-17,1,71,454545,1
RF00005,4wsm,1K,1,84,52.8,5.60E-15,1,71,f29242,1
RF00005,4y4p,2w,1,73,68.3,2.50E-19,1,71,ff87fa,1
RF00005,5.00E+81,3L,1,73,79.2,2.50E-22,1,71,8.59E+09,1
RF00005,5ccx,N,2,74,74.1,6.80E-21,1,71,8e2511,1
RF00005,6gsk,3L,1,73,74.6,4.60E-21,1,71,ff87fa,1
RF00005,7lh5,CW,1,73,68.3,2.50E-19,1,71,c00f0f,1
RF00005,4mgn,B,1,72,73.2,1.10E-20,1,71,0064f4,1
RF00005,4v5r,AW,1,73,68.3,2.50E-19,1,71,93c090,1
RF00005,5.00E+81,1K,1,73,79.2,2.50E-22,1,71,8700,1
RF00005,4v8e,BD,1,82,53.4,3.70E-15,1,71,ff87fa,1
RF00005,5j4b,1w,1,73,68.3,2.50E-19,1,71,8484c0,1
RF00005,4v5c,CW,1,73,68.3,2.50E-19,1,71,c008ae,1
RF00005,4cxh,Y,1,73,67.1,5.70E-19,1,71,0003c0,1
RF00005,7qgn,A,1,73,68.4,2.30E-19,1,71,f29242,1
RF00005,4wsm,2K,1,84,52.8,5.60E-15,1,71,0064f4,1
RF00005,3jcn,v,1,74,61.3,2.10E-17,1,71,8.59E+09,1
RF00005,7kgb,y,1,74,61.4,2.10E-17,1,71,bdc000,1
RF00005,5u4i,y,1,74,61.4,2.10E-17,1,71,ebeb30,1
RF00005,7oib,B,1,69,34.3,5.30E-10,1,71,8700,1
RF00005,7p7u,D,1,74,64.2,3.50E-18,1,71,00bac0,1
RF00005,7pd3,B,1,69,34.3,5.30E-10,1,71,8700,1
RF00005,4v5f,AV,1,74,61.4,2.10E-17,1,71,1fc01f,1
RF00005,6wdl,7,1,73,68.3,2.50E-19,1,71,c00f0f,1
RF00005,4v7p,AW,1,74,61.4,2.10E-17,1,71,ebeb30,1
RF00005,5hr6,C,1,68,46.1,2.90E-13,3,68,ff87fa,1
RF00005,7pjz,w,1,73,71.1,4.30E-20,1,71,bdc000,1
RF00005,5lzs,3,1,72,70,8.40E-20,1,71,00bac0,1
RF00005,7tor,ETRN,1,74,61.4,2.10E-17,1,71,c008ae,1
RF00005,7piq,6,1,73,69.8,1.00E-19,1,71,8700,1
RF00005,7azo,ESIB,1,73,68.3,2.50E-19,1,71,0003c0,1
RF00005,1euq,B,1,69,47.2,1.50E-13,2,71,0064f4,1
RF00005,7u2j,2y,1,71,71.6,3.10E-20,1,71,c0af92,1
RF00005,7lj3,A,1,72,56.9,3.60E-16,1,71,c008ae,1
RF00005,5imq,4,1,74,61.4,2.10E-17,1,71,0003c0,1
RF00005,6gsk,1K,1,73,72.7,1.60E-20,1,71,8e2511,1
RF00005,4yvj,C,1,71,64.5,2.80E-18,1,71,00bac0,1
RF00005,5w4k,2x,1,74,61.4,2.10E-17,1,71,454545,1
RF00005,3j5s,E,1,74,61.4,2.10E-17,1,71,ebeb30,1
RF00005,3j46,p,1,73,69.1,1.60E-19,1,71,ff87fa,1
RF00005,6wd8,7,1,73,68.3,2.50E-19,1,71,0003c0,1
RF00005,3jbu,v,1,73,57.6,2.20E-16,1,71,f29242,1
RF00005,7pal,6,1,73,69.8,1.00E-19,1,71,8e2511,1
RF00005,7paq,7,1,73,69.8,1.00E-19,1,71,0064f4,1
RF00005,4v8f,CD,1,82,53.4,3.70E-15,1,71,8484c0,1
RF00005,4v5c,CV,1,74,61.4,2.10E-17,1,71,ff87a4,1
RF00005,1ser,T,1,91,57.1,3.80E-16,1,71,c00f0f,1
RF00005,6zm5,w,1,65,38.7,3.20E-11,1,71,ebeb30,1
RF00005,7pjw,w,1,73,71.1,4.30E-20,1,71,ff87fa,1
RF00005,5np6,B,1,73,57.6,2.20E-16,1,71,1fc01f,1
RF00005,7pjz,v,1,74,61.3,2.10E-17,1,71,f29242,1
RF00005,4wsm,2L,1,84,52.8,5.60E-15,1,71,1fc01f,1
RF00005,4v4w,AW,1,73,67.7,3.80E-19,1,71,93c090,1
RF00005,6nd5,1x,1,74,61.4,2.10E-17,1,71,93c090,1
RF00005,7po4,B,1,69,34.3,5.50E-10,1,71,c00f0f,1
RF00005,6of6,XV,1,74,61.4,2.10E-17,1,71,1fc01f,1
RF00005,4v87,BC,1,74,61.4,2.10E-17,1,71,ff87fa,1
RF00005,4v63,CY,1,74,61.4,2.10E-17,1,71,8484c0,1
RF00005,4v5k,CW,1,74,61.4,2.10E-17,1,71,93c090,1
RF00005,6i9r,B,1,69,34.3,5.30E-10,1,71,93c090,1
RF00005,6wd3,7,1,73,68.3,2.50E-19,1,71,00bac0,1
RF00005,5.00E+81,1L,1,73,79.2,2.50E-22,1,71,c008ae,1
RF00005,6wd7,6,1,74,61.4,2.10E-17,1,71,ebeb30,1
RF00005,4v5g,AW,1,73,68.3,2.50E-19,1,71,454545,1
RF00005,5uyn,W,1,74,61.4,2.10E-17,1,71,0064f4,1
RF00005,5ib8,1L,1,73,79.2,2.50E-22,1,71,bdc000,1
RF00005,5afi,w,1,74,61.3,2.10E-17,1,71,454545,1
RF00005,3rg5,A,3,85,30.5,7.40E-09,1,71,bdc000,1
RF00005,7pjy,v,1,74,61.3,2.10E-17,1,71,0003c0,1
RF00005,5ibb,1L,1,73,65.9,1.20E-18,1,71,ff87a4,1
RF00005,5afi,y,1,73,68.3,2.60E-19,1,71,8700,1
RF00005,6wd4,5,1,74,61.4,2.10E-17,1,71,1fc01f,1
RF00005,1h4q,T,1,74,58.2,1.50E-16,1,71,8484c0,1
RF00005,6ucq,1y,1,73,68.3,2.50E-19,1,71,1fc01f,1
RF00005,2k4c,A,1,73,65.9,1.20E-18,1,71,454545,1
RF00005,6c5l,AV,1,73,68.3,2.50E-19,1,71,c008ae,1
RF00005,3j7a,7,1,74,67.6,4.00E-19,1,71,c008ae,1
RF00005,4v8d,CB,1,82,53.4,3.70E-15,1,71,8484c0,1
RF00005,1jgq,B,1,73,67.7,3.80E-19,1,71,ebeb30,1
RF00005,2cv1,C,1,72,64.1,3.50E-18,1,71,f29242,1
RF00005,6xir,AZ,1,73,67.7,3.80E-19,1,71,c0af92,1
RF00005,4v76,A1,1,73,64.7,2.50E-18,1,71,8e2511,1
RF00005,6gsl,3K,1,74,65.6,1.40E-18,1,71,c0af92,1
RF00005,7p7t,D,1,74,64.2,3.50E-18,1,71,c00f0f,1
RF00005,4ujd,BA,1,73,68.3,2.50E-19,1,71,00bac0,1
RF00005,7of3,B,1,69,34.3,5.30E-10,1,71,c008ae,1
RF00005,4lsk,QV,1,74,61.4,2.10E-17,1,71,93c090,1
RF00005,6wdf,5,1,74,61.4,2.10E-17,1,71,c00f0f,1
RF00005,6wdd,7,1,73,68.3,2.50E-19,1,71,93c090,1
RF00005,5mdy,5,1,74,58.1,1.70E-16,1,71,8e2511,1
RF00005,6wb2,D,1,73,74.1,7.00E-21,1,71,ff87fa,1
RF00005,6w6l,u,1,73,60.4,3.80E-17,1,71,ff87a4,1
RF00005,4v8z,CW,1,73,67.3,4.70E-19,1,71,8.59E+09,1
RF00005,3j78,PT,1,74,61.4,2.10E-17,1,71,c00f0f,1
RF00005,4v4p,BC,1,73,67.7,3.80E-19,1,71,00bac0,1
RF00005,6gqb,AX,1,73,67.7,3.80E-19,1,71,8484c0,1
RF00005,4v6z,A3,1,74,61.4,2.10E-17,1,71,c008ae,1
RF00005,7pis,8,1,73,69.8,1.00E-19,1,71,93c090,1
RF00005,6nd6,2x,1,74,61.4,2.10E-17,1,71,ff87fa,1
RF00005,6r6g,3,1,72,70.1,8.30E-20,1,71,00bac0,1
RF00005,6zsc,XB,1,69,34.3,5.50E-10,1,71,8484c0,1
RF00005,4wqu,DY,1,73,68.3,2.50E-19,1,71,f29242,1
RF00005,7k53,6,1,74,61.4,2.10E-17,1,71,00bac0,1
RF00005,6y3g,F,1,73,68.3,2.50E-19,1,71,1fc01f,1
RF00005,4w2g,AY,1,73,68.3,2.50E-19,1,71,0003c0,1
RF00005,4v9a,AC,1,74,61.4,2.10E-17,1,71,8484c0,1
RF00005,4tua,XV,1,74,61.4,2.10E-17,1,71,c00f0f,1
RF00005,5j8b,w,1,73,68.3,2.50E-19,1,71,93c090,1
RF00005,4v63,AY,1,74,61.4,2.10E-17,1,71,ebeb30,1
RF00005,7ss9,5,1,74,65.8,1.30E-18,1,71,ebeb30,1
RF00005,3epl,F,1,69,50.5,1.90E-14,2,69,0003c0,1
RF00005,4v9r,AX,1,74,61.4,2.10E-17,1,71,f29242,1
RF00005,2z9q,A,1,72,59.6,6.50E-17,2,71,0003c0,1
RF00005,4v9m,AW,1,74,71.1,4.40E-20,1,71,bdc000,1
RF00005,4wzd,2L,1,82,53.4,3.70E-15,1,71,0064f4,1
RF00005,6of1,1y,1,73,64.7,2.50E-18,1,71,93c090,1
RF00005,4wt8,C4,1,74,61.4,2.10E-17,1,71,8.59E+09,1
RF00005,5kps,32,1,74,61.3,2.10E-17,1,71,c0af92,1
RF00005,6sw9,4,1,73,58.7,1.20E-16,2,71,c00f0f,1
RF00005,4v5d,CV,1,73,68.3,2.60E-19,1,71,c008ae,1
RF00005,6ydp,BA,5333,5268,54.2,4.30E-13,1,71,0064f4,1
RF00005,6ydp,BA,3701,3769,53.2,7.70E-13,1,71,0003c0,1
RF00005,6ydp,BA,2669,2743,53,9.00E-13,1,71,f29242,1
RF00005,6ydp,BA,3839,3767,52.1,1.60E-12,1,71,ebeb30,1
RF00005,6ydp,BA,9408,9476,50.3,4.90E-12,1,71,8700,1
RF00005,6ydp,BA,14159,14091,47.4,3.10E-11,1,71,0064f4,1
RF00005,6ydp,BA,6959,7026,47.3,3.40E-11,1,71,c008ae,1
RF00005,6ydp,BA,11561,11629,46.2,6.60E-11,1,71,f29242,1
RF00005,6ydp,BA,9824,9892,44.7,1.70E-10,1,71,8e2511,1
RF00005,6ydp,BA,5094,5027,44,2.70E-10,1,71,8700,1
RF00005,6ydp,BA,1,70,42.9,5.50E-10,1,71,0003c0,1
RF00005,6ydp,BA,11689,11758,41,1.80E-09,1,71,ff87fa,1
RF00005,6ydp,BA,7715,7781,40.3,2.90E-09,1,71,0003c0,1
RF00005,6ydp,BA,15435,15371,36.9,2.30E-08,1,71,00bac0,1
RF00005,6ydp,BA,3841,3910,36.8,2.60E-08,1,71,bdc000,1
RF00005,6ydp,BA,4953,5020,36.6,2.90E-08,1,71,93c090,1
RF00005,6ydp,BA,5170,5096,35.9,4.50E-08,1,71,ff87fa,1
RF00005,6ydp,BA,6951,6883,33.6,1.90E-07,1,71,00bac0,1
RF00005,6ydp,BA,1031,1098,31.8,6.20E-07,1,71,ff87a4,1
RF00005,7lh5,AY,1,73,68.3,2.50E-19,1,71,ebeb30,1
RF00005,4v9d,AV,1,73,68.3,2.50E-19,1,71,0064f4,1
RF00005,4v5c,AY,1,73,68.3,2.60E-19,1,71,c00f0f,1
RF00005,1tn1,A,1,73,67.7,3.80E-19,1,71,454545,1
RF00005,6xhv,1x,1,74,61.4,2.10E-17,1,71,8e2511,1
RF00005,7pjv,w,1,73,71.1,4.30E-20,1,71,bdc000,1
RF00005,4v9q,DW,1,74,61.4,2.10E-17,1,71,8.59E+09,1
RF00005,6xii,B,1,73,63.8,4.60E-18,1,71,454545,1
RF00005,2zzn,C,1,72,57.6,2.30E-16,1,71,0064f4,1
RF00005,7pjs,v,1,74,61.3,2.10E-17,1,71,454545,1
RF00005,4w4g,QV,1,74,61.4,2.10E-17,1,71,93c090,1
RF00005,5wfk,y,1,73,68.3,2.50E-19,1,71,bdc000,1
RF00005,4v9h,AV,1,73,68.3,2.50E-19,1,71,c008ae,1
RF00005,5wdt,y,1,73,68.3,2.50E-19,1,71,f29242,1
RF00005,4v5p,AW,1,73,68.3,2.50E-19,1,71,1fc01f,1
RF00005,5lzu,3,1,72,70,8.40E-20,1,71,454545,1
RF00005,7f36,G,1,73,69.1,1.60E-19,1,71,c00f0f,1
RF00005,4v63,CZ,1,74,61.4,2.10E-17,1,71,c008ae,1
RF00005,6nd6,2y,1,73,64.7,2.50E-18,1,71,bdc000,1
RF00005,4w2f,AW,1,73,68.3,2.50E-19,1,71,454545,1
RF00005,4w2f,CX,1,74,61.4,2.10E-17,1,71,8700,1
RF00005,5ibb,3L,1,73,65.9,1.20E-18,1,71,00bac0,1
RF00005,7st6,7,1,74,61.4,2.10E-17,1,71,1fc01f,1
RF00005,3jbn,7,1,73,63.8,4.60E-18,1,71,8.59E+09,1
RF00005,1vy5,CW,1,73,68.3,2.50E-19,1,71,ff87fa,1
RF00005,4v8u,CW,1,74,61.4,2.10E-17,1,71,ff87a4,1
RF00005,1b23,R,1,71,54,2.20E-15,1,71,1fc01f,1
RF00005,6x6t,B,1,73,63.8,4.60E-18,1,71,93c090,1
RF00005,1ob5,D,1,73,67.7,3.90E-19,1,71,bdc000,1
RF00005,6zu1,AX,1,73,68.3,2.50E-19,1,71,c0af92,1
RF00005,6ywe,bb,1,71,67.7,3.60E-19,1,71,8.59E+09,1
RF00005,6ydp,AA,5333,5268,54.2,4.30E-13,1,71,8.59E+09,1
RF00005,6ydp,AA,3701,3769,53.2,7.70E-13,1,71,c008ae,1
RF00005,6ydp,AA,2669,2743,53,9.00E-13,1,71,f29242,1
RF00005,6ydp,AA,3839,3767,52.1,1.60E-12,1,71,8e2511,1
RF00005,6ydp,AA,9408,9476,50.3,4.90E-12,1,71,c008ae,1
RF00005,6ydp,AA,14159,14091,47.4,3.10E-11,1,71,454545,1
RF00005,6ydp,AA,6959,7026,47.3,3.40E-11,1,71,454545,1
RF00005,6ydp,AA,11561,11629,46.2,6.60E-11,1,71,454545,1
RF00005,6ydp,AA,9824,9892,44.7,1.70E-10,1,71,8e2511,1
RF00005,6ydp,AA,5094,5027,44,2.70E-10,1,71,c0af92,1
RF00005,6ydp,AA,1,70,42.9,5.50E-10,1,71,bdc000,1
RF00005,6ydp,AA,11689,11758,41,1.80E-09,1,71,c008ae,1
RF00005,6ydp,AA,7715,7781,40.3,2.90E-09,1,71,8484c0,1
RF00005,6ydp,AA,15435,15371,36.9,2.30E-08,1,71,bdc000,1
RF00005,6ydp,AA,3841,3910,36.8,2.60E-08,1,71,c0af92,1
RF00005,6ydp,AA,4953,5020,36.6,2.90E-08,1,71,ebeb30,1
RF00005,6ydp,AA,5170,5096,35.9,4.50E-08,1,71,ff87a4,1
RF00005,6ydp,AA,6951,6883,33.6,1.90E-07,1,71,c008ae,1
RF00005,6ydp,AA,1031,1098,31.8,6.20E-07,1,71,93c090,1
RF00005,7jt1,5,1,74,61.4,2.10E-17,1,71,ff87a4,1
RF00005,4wt8,D4,1,73,57.3,2.80E-16,2,71,0064f4,1
RF00005,5kpw,31,1,74,61.4,2.10E-17,1,71,ff87a4,1
RF00005,6zm6,x,1,67,68.5,2.20E-19,1,71,00bac0,1
RF00005,6nd5,2w,1,73,68.3,2.50E-19,1,71,f29242,1
RF00005,6fyx,1,1,72,63.6,5.10E-18,1,71,93c090,1
RF00005,2nqp,F,1,84,54.9,1.50E-15,1,71,8484c0,1
RF00005,4cqn,B,1,79,45.1,6.60E-13,1,71,c008ae,1
RF00005,7n30,Pt,1,73,79.2,2.50E-22,1,71,00bac0,1
RF00005,6wd5,5,1,74,61.4,2.10E-17,1,71,8e2511,1
RF00005,4v5k,CV,1,74,61.4,2.10E-17,1,71,93c090,1
RF00005,4v69,AW,1,73,68.3,2.50E-19,1,71,454545,1
RF00005,7uz0,A,1,87,51.4,1.40E-14,1,70,c00f0f,1
RF00005,6xhw,2y,1,73,68.3,2.50E-19,1,71,c00f0f,1
RF00005,5wfs,w,1,74,61.3,2.10E-17,1,71,0003c0,1
RF00005,5doy,1x,1,74,61.4,2.10E-17,1,71,0064f4,1
RF00005,5uyn,X,1,74,61.4,2.10E-17,1,71,8e2511,1
RF00005,1efw,D,1,73,61.7,1.60E-17,1,70,0003c0,1
RF00005,5uyp,X,1,74,61.4,2.10E-17,1,71,c0af92,1
RF00005,1n78,D,1,72,64.1,3.50E-18,1,71,c00f0f,1
RF00005,7n30,Dt,1,73,62.6,9.80E-18,1,71,8.59E+09,1
RF00005,4v5n,AV,1,74,61.4,2.10E-17,1,71,8e2511,1
RF00005,4w2i,AY,1,73,68.3,2.50E-19,1,71,8e2511,1
RF00005,5wis,2x,1,74,61.4,2.10E-17,1,71,454545,1
RF00005,1jgo,B,1,73,67.7,3.80E-19,1,71,8e2511,1
RF00005,4v70,A1,1,73,64.7,2.50E-18,1,71,0003c0,1
RF00005,4wt8,C3,1,73,68.3,2.50E-19,1,71,93c090,1
RF00005,7qgn,M,1,72,62,1.40E-17,1,71,8.59E+09,1
RF00005,4v71,A1,1,73,64.7,2.50E-18,1,71,8700,1
RF00005,7ug7,Dt,1,74,61.4,2.10E-17,1,71,bdc000,1
RF00005,6jxm,B,1,94,58.1,2.10E-16,1,71,0064f4,1
RF00005,5ool,B,1,69,34.3,5.30E-10,1,71,1fc01f,1
RF00005,5ibb,2K,1,74,61.4,2.10E-17,1,71,c008ae,1
RF00005,6y4b,F,1,73,68.3,2.50E-19,1,71,93c090,1
RF00005,6gsk,3K,1,73,74.6,4.60E-21,1,71,8.59E+09,1
RF00005,4zer,1x,1,73,57.3,2.80E-16,2,71,0064f4,1
RF00005,7nsq,8,1,84,52.8,5.60E-15,1,71,c0af92,1
RF00005,5wt1,C,1,74,70.3,7.50E-20,1,71,8700,1
RF00005,1vvj,QV,1,74,61.4,2.10E-17,1,71,c0af92,1
RF00005,7k52,5,1,74,65.8,1.30E-18,1,71,8484c0,1
RF00005,3jai,3,1,72,70,8.40E-20,1,71,0064f4,1
RF00005,4tzz,H,1,68,60.3,4.00E-17,5,71,f29242,1
RF00005,4v6o,AB,1,73,64.6,2.70E-18,1,71,8700,1
RF00005,6pom,B,1,72,74.5,5.00E-21,1,71,8e2511,1
RF00005,6vzj,A,1,73,63.8,4.60E-18,1,71,f29242,1
RF00005,6xzb,f2,1,73,57.3,2.80E-16,2,71,93c090,1
RF00005,6ip6,zy,1,72,53.9,2.30E-15,1,71,ebeb30,1
RF00005,1vy6,CX,1,74,61.4,2.10E-17,1,71,8700,1
RF00005,6ucq,2x,1,73,68.3,2.50E-19,1,71,00bac0,1
RF00005,5lzb,v,1,74,61.3,2.10E-17,1,71,1fc01f,1
RF00005,7pah,8,1,73,69.8,1.00E-19,1,71,93c090,1
RF00005,6x7k,A,1,73,63.8,4.60E-18,1,71,0064f4,1
RF00005,6cfj,1y,1,73,68.3,2.50E-19,1,71,ff87fa,1
RF00005,4v4s,AV,1,73,67.7,3.80E-19,1,71,ff87a4,1
RF00005,6olf,u,1,73,60.4,3.80E-17,1,71,ff87fa,1
RF00005,7k50,5,1,74,61.4,2.10E-17,1,71,8484c0,1
RF00005,7msm,y,1,74,61.4,2.10E-17,1,71,93c090,1
RF00005,6wd9,7,1,73,68.3,2.50E-19,1,71,454545,1
RF00005,4wqu,BW,1,73,68.3,2.50E-19,1,71,8700,1
RF00005,4v8m,AB,1,73,68.3,2.40E-19,1,71,8.59E+09,1
RF00005,7a5i,94,1,70,46.4,2.70E-13,1,71,0064f4,1
RF00005,6b4v,HB,1,74,61.4,2.10E-17,1,71,c0af92,1
RF00005,7eqj,B,1,73,65.9,1.20E-18,1,71,93c090,1
RF00005,4w2g,AX,1,74,61.4,2.10E-17,1,71,0003c0,1
RF00005,6zse,XB,1,69,34.3,5.50E-10,1,71,0003c0,1
RF00005,7ssl,5,1,74,65.8,1.30E-18,1,71,454545,1
RF00005,4v51,AW,1,73,68.3,2.50E-19,1,71,00bac0,1
RF00005,4v8c,DB,1,84,52.8,5.60E-15,1,71,8.59E+09,1
RF00005,4wu1,3L,1,82,53.4,3.70E-15,1,71,8700,1
RF00005,6wd0,5,1,74,61.4,2.10E-17,1,71,8700,1
RF00005,5el5,2L,1,74,61.4,2.10E-17,1,71,f29242,1
RF00005,6bok,GB,1,74,61.4,2.10E-17,1,71,00bac0,1
RF00005,4y4p,1w,1,73,68.3,2.50E-19,1,71,1fc01f,1
RF00005,4tue,XV,1,74,61.4,2.10E-17,1,71,c008ae,1
RF00005,4v5q,AW,1,73,68.3,2.50E-19,1,71,1fc01f,1
RF00005,7nso,8,1,84,52.8,5.60E-15,1,71,c0af92,1
RF00005,4wr6,3L,1,82,53.4,3.70E-15,1,71,454545,1
RF00005,2nr0,H,1,84,52.8,5.60E-15,1,71,bdc000,1
RF00005,5wit,2y,1,73,68.3,2.50E-19,1,71,1fc01f,1
RF00005,7azo,ESIA,1,73,68.3,2.50E-19,1,71,bdc000,1
RF00005,4wsd,3K,1,73,68.3,2.50E-19,1,71,ff87a4,1
RF00005,6uo1,1w,1,73,68.3,2.50E-19,1,71,8484c0,1
RF00005,4lck,B,1,68,60.3,4.00E-17,5,71,ff87fa,1
RF00005,6ofx,5,1,74,61.4,2.10E-17,1,71,ff87a4,1
RF00005,3wqy,C,1,72,72.1,2.30E-20,1,71,8e2511,1
RF00005,7msc,y,1,74,61.4,2.10E-17,1,71,f29242,1
RF00005,1n78,C,1,72,64.1,3.50E-18,1,71,bdc000,1
RF00005,6wde,5,1,74,61.4,2.10E-17,1,71,1fc01f,1
RF00005,7n31,Dt,1,73,68.3,2.50E-19,1,71,ff87a4,1
RF00005,6h58,w,1,74,60.9,2.90E-17,1,71,bdc000,1
RF00005,7oj0,V,1,72,58,1.70E-16,1,71,c008ae,1
RF00005,6vz2,A,1,73,63.8,4.60E-18,1,71,c0af92,1
RF00005,3zjv,B,1,84,57.7,2.50E-16,1,71,0064f4,1
RF00005,4v8b,AB,1,84,52.8,5.60E-15,1,71,f29242,1
RF00005,6r7q,3,1,72,70.1,8.30E-20,1,71,93c090,1
RF00005,6swc,4,1,73,58.7,1.20E-16,2,71,c008ae,1
RF00005,3j78,ET,1,74,61.4,2.10E-17,1,71,ff87fa,1
RF00005,6zj3,S4,1,73,68.4,2.40E-19,1,71,c0af92,1
RF00005,1zo3,B,1,73,67.7,3.80E-19,1,71,ff87fa,1