Rfam_ID,PDB,Chain,Resolution
RF00001,1qvg,9,2.9
RF00001,4u4q,3,3.0
RF00001,4v9i,DB,3.3
RF00001,5fdv,2B,2.8
RF00001,6r6p,7,3.1
RF00001,7p7t,B,2.9
RF00001,8cku,BB,3.11
RF00001,8g38,A,3.2
RF00001,4u27,BB,2.8
RF00001,4v5q,DB,3.1
RF00001,4w2i,DB,2.7
RF00001,5gak,3,3.88
RF00001,5v7q,B,3.7
RF00001,6skf,BB,2.95
RF00001,4ioc,Y,3.6
RF00001,4v6f,AB,3.1
RF00001,5el4,1J,3.15
RF00001,5tga,7,3.3
RF00001,6o9k,X,4.0
RF00001,7oif,3,3.0
RF00001,8pv2,C4,2.63
RF00001,9f1d,B7,3.26
RF00001,4v57,BA,3.5
RF00001,5j8a,DB,3.1
RF00001,5uym,02,3.2
RF00001,6xhx,2B,2.55
RF00001,6yss,B,2.6
RF00001,7d6z,B,3.4
RF00001,7ttw,2,2.9
RF00001,7unw,B,2.6
RF00001,7v08,3,2.36
RF00001,8e35,J,2.27
RF00001,8emm,b,2.1
RF00001,8rcm,82,3.59
RF00001,8vtw,1B,2.35
RF00001,4u25,DB,2.9
RF00001,6cfk,2B,2.7
RF00001,6w6l,E,3.84
RF00001,7m5d,3,2.8
RF00001,7oyd,K,2.3
RF00001,7zjx,L7,3.1
RF00001,7zpq,4,3.47
RF00001,8cd1,B,3.0
RF00001,3ow2,9,2.7
RF00001,4u25,BB,2.9
RF00001,4v8f,DB,3.3
RF00001,5hd1,1B,2.7
RF00001,6nsh,RB,3.397
RF00001,7k52,2,3.4
RF00001,4u52,3,3.0
RF00001,5gah,B,3.8
RF00001,5j3c,YB,3.04
RF00001,5ndw,3,3.7
RF00001,7a0s,Y,3.22
RF00001,7oiz,b,2.9
RF00001,7rqc,1B,2.5
RF00001,7ryf,B,2.65
RF00001,7zs5,3,3.2
RF00001,8agw,h,2.6
RF00001,3ja1,LB,3.6
RF00001,4v95,BB,3.2
RF00001,5dfe,YB,3.09997551079
RF00001,6mtb,7,3.6
RF00001,7rq8,2B,2.5
RF00001,8pv1,C4,2.56
RF00001,8ur0,d,3.4
RF00001,4v50,BA,3.22
RF00001,4v7s,BB,3.2547
RF00001,4v8p,G3,3.52
RF00001,5hd1,2B,2.7
RF00001,5zet,B,3.2
RF00001,6fkr,2B,3.2
RF00001,7md7,2B,2.8
RF00001,8cdl,BB,2.72
RF00001,8e49,J,2.05
RF00001,8peg,8,3.3
RF00001,5hl7,Y,3.55
RF00001,5ib7,16,2.99
RF00001,6s0k,B,3.1
RF00001,7ow7,B,2.4
RF00001,8b7y,J,3.0
RF00001,4p6f,YB,3.6
RF00001,5ndk,1J,2.95
RF00001,5wf0,B,3.6
RF00001,6oxa,YB,3.25
RF00001,6s05,x,3.9
RF00001,6xhv,1B,2.4
RF00001,7jsz,2,3.7
RF00001,8fzi,B,3.1
RF00001,4u3m,3,3.0
RF00001,4v6a,BB,3.1
RF00001,4v8c,BB,3.3
RF00001,5mei,3,3.5
RF00001,6qnr,1J,3.1
RF00001,6zj3,LO,3.15
RF00001,6ztn,BB,3.9
RF00001,8s1u,B,3.4
RF00001,4v56,DA,3.93
RF00001,4v84,DB,3.4
RF00001,5dc3,3,3.25
RF00001,7jt1,2,3.3
RF00001,8ceh,BB,2.05
RF00001,8fzg,B,3.1
RF00001,8g2c,2B,2.65
RF00001,8g2d,2B,2.7
RF00001,9bdp,A5S,3.7
RF00001,4v5e,BB,3.45
RF00001,4v7u,BB,3.1
RF00001,5fdu,2B,2.9
RF00001,5ot7,5,3.8
RF00001,6oig,7,3.8
RF00001,6uo1,1B,2.95
RF00001,7k51,2,3.5
RF00001,7zux,4,2.5
RF00001,8azw,C,2.14
RF00001,8fiz,BC,3.8
RF00001,4v4q,BA,3.46
RF00001,4v87,DB,3.1
RF00001,5j4b,1B,2.6
RF00001,7md7,1B,2.8
RF00001,7u2j,1B,2.55
RF00001,8agt,h,2.6
RF00001,8rd8,D8,2.62
RF00001,4v7p,CB,3.62
RF00001,5dm7,Y,3.0
RF00001,6pc8,J,2.9
RF00001,6r6g,7,3.7
RF00001,6ysu,B,3.7
RF00001,7zw0,LC,2.4
RF00001,8g2u,A,3.0
RF00001,8vsa,5S,3.7
RF00001,8why,B,2.7
RF00001,4l47,RB,3.22000098079
RF00001,4v6c,BB,3.19
RF00001,4v8u,DB,3.7
RF00001,5e7k,1J,3.2
RF00001,6d90,7,3.2
RF00001,7unr,B,2.9
RF00001,7z34,2,3.8
RF00001,3j9w,BB,3.9
RF00001,4v88,A3,3.0
RF00001,4v9b,BB,3.1
RF00001,6tb3,BR,2.8
RF00001,8fr8,B,2.76
RF00001,8ip8,TB,2.9
RF00001,5fcj,3,3.1
RF00001,5j88,DB,3.32
RF00001,6nta,RB,3.1
RF00001,8ink,3,3.2
RF00001,4v9m,BB,4.0
RF00001,5wis,1B,2.703
RF00001,6gxn,B,3.9
RF00001,8agx,h,2.4
RF00001,8ev7,1B,2.89
RF00001,8pkl,8,3.09
RF00001,8ud6,2B,2.7
RF00001,1vq9,9,2.4
RF00001,4l47,YB,3.22000098079
RF00001,4v63,BB,3.207
RF00001,5h5u,B,3.01
RF00001,5wit,1B,2.6
RF00001,6cfj,2B,2.8
RF00001,6cfl,2B,2.6
RF00001,6r84,3,3.6
RF00001,8agu,h,2.7
RF00001,8rpz,B,2.44
RF00001,3cc4,9,2.7
RF00001,6bz8,YB,3.74
RF00001,6ddg,2,3.1
RF00001,6wdg,2,3.3
RF00001,7nhk,B,2.9
RF00001,7oj0,b,3.5
RF00001,9b00,2B,2.8
RF00001,4tua,YB,3.6
RF00001,4u67,Y,3.65
RF00001,4v4h,DA,3.46
RF00001,4w4g,RB,3.3
RF00001,6fkr,1B,3.2
RF00001,6olz,A4,3.9
RF00001,6xqd,2B,2.8
RF00001,7n2u,5,2.53
RF00001,7qgg,E,2.86
RF00001,8evp,A3,2.38
RF00001,8rpy,B,2.64
RF00001,1vqo,9,2.2
RF00001,1xbp,9,3.5
RF00001,4v5q,BB,3.1
RF00001,4xej,A5S,3.8
RF00001,5el6,1J,3.1
RF00001,5mdw,3,3.06
RF00001,5vp2,2B,2.8
RF00001,6osk,3,3.6
RF00001,7qwr,7,2.9
RF00001,8ev7,2B,2.89
RF00001,8hu1,b,2.69
RF00001,8rjb,u,2.69243
RF00001,1nkw,9,3.1
RF00001,3jct,3,3.08
RF00001,4wt8,Cs,3.4
RF00001,4ypb,YB,3.4
RF00001,4z3s,1B,2.65
RF00001,6dzi,B,3.46
RF00001,7ssw,2,3.8
RF00001,8e45,J,2.3
RF00001,8ekb,2B,2.7
RF00001,8g7q,B,3.1
RF00001,4v8p,C3,3.52
RF00001,6qnr,16,3.1
RF00001,8g6x,b,2.31
RF00001,8vtv,2B,2.55
RF00001,4v67,DB,3.0
RF00001,4v88,A7,3.0
RF00001,4v8e,CB,3.3
RF00001,4y4o,2B,2.3
RF00001,5j5b,CB,2.8
RF00001,6czr,2B,3.14
RF00001,6ysi,5,2.5
RF00001,6z6m,L7,3.1
RF00001,7rqd,2B,2.5
RF00001,7s1j,J,2.47
RF00001,8g7s,B,3.1
RF00001,4v9k,BB,3.5
RF00001,5ibb,16,2.96
RF00001,5juo,D,4.0
RF00001,6ord,YB,3.1
RF00001,6pc5,J,2.7
RF00001,6sj6,B,3.23
RF00001,7nsp,B,3.5
RF00001,7zp8,a,2.2
RF00001,3pip,Y,3.45
RF00001,4p6f,RB,3.6
RF00001,4y4p,1B,2.5
RF00001,5j8b,B,2.6
RF00001,5x8p,B,3.4
RF00001,5zeb,B,3.4
RF00001,7msh,B,3.23
RF00001,8oj8,7,3.3
RF00001,4tue,RB,3.5
RF00001,4wqf,CB,2.8
RF00001,6gc8,B,3.8
RF00001,6n8o,B,3.5
RF00001,6zmi,L7,2.6
RF00001,7f5s,L7,2.72
RF00001,8bim,1,2.04
RF00001,8fon,RB,3.64
RF00001,4u24,DB,2.9
RF00001,4v6d,BB,3.814
RF00001,4v7u,DB,3.1
RF00001,5mmi,B,3.2
RF00001,5np6,Z,3.6
RF00001,6buw,YB,3.5
RF00001,6o97,1B,2.75
RF00001,7rqe,2B,2.4
RF00001,8p2h,B,2.49
RF00001,4v5p,DB,3.1
RF00001,4v8p,B3,3.52
RF00001,4v91,3,3.7
RF00001,4wra,1J,3.05
RF00001,4wt1,16,3.05
RF00001,6n8n,B,3.8
RF00001,6spf,B,2.89
RF00001,3cc2,9,2.4
RF00001,4v67,BB,3.0
RF00001,4wu1,1J,3.2
RF00001,6boh,HB,3.4
RF00001,6vyq,d,3.7
RF00001,8e42,J,2.29
RF00001,8ev6,1B,2.946
RF00001,8fl4,L4,2.89
RF00001,8y37,B,2.53
RF00001,1yit,9,2.8
RF00001,4v8b,DB,3.0
RF00001,4wqf,AB,2.8
RF00001,4wqy,AB,2.8
RF00001,5gae,B,3.33
RF00001,5j5b,DB,2.8
RF00001,7sso,2,3.2
RF00001,8ud7,2B,2.55
RF00001,4v4q,DA,3.46
RF00001,4v6g,DB,3.5
RF00001,4zer,2B,3.1
RF00001,6qtz,x,3.5
RF00001,6t59,74,3.11
RF00001,7nhn,B,2.9
RF00001,8crx,b,2.78
RF00001,5mdz,3,3.1
RF00001,6n8j,2,3.5
RF00001,6ope,YB,3.1
RF00001,6sv4,YR,3.3
RF00001,6xhy,1B,2.6
RF00001,7q0r,3,2.67
RF00001,8g6j,L7,2.8
RF00001,4w2f,BB,2.4
RF00001,5w4k,2B,2.7
RF00001,6c5l,BB,3.2
RF00001,8c8x,B,3.93
RF00001,8hl1,A5S,3.93
RF00001,8p2g,B,2.02
RF00001,2otl,9,2.7
RF00001,4lt8,YB,3.14000177152
RF00001,4u26,BB,2.8
RF00001,4v6e,BB,3.712
RF00001,4ybb,CB,2.1
RF00001,5dat,7,3.15
RF00001,5li0,B,3.8
RF00001,7jt3,2,3.7
RF00001,7qwq,7,2.83
RF00001,7zq5,a,2.7
RF00001,8eub,A3,2.52
RF00001,4u4o,3,3.6
RF00001,4v55,BA,4.0
RF00001,4v7t,DB,3.1942
RF00001,6vys,d,3.7
RF00001,6x6t,d,3.2
RF00001,7qvp,L7,3.0
RF00001,4u20,BB,2.9
RF00001,4u55,7,3.2
RF00001,4wfa,Y,3.392
RF00001,5jc9,CB,3.03
RF00001,5kps,29,3.9
RF00001,5vpp,RB,3.9
RF00001,5wdt,B,3.0
RF00001,6bu8,02,3.5
RF00001,7ope,B,3.2
RF00001,1vq4,9,2.7
RF00001,4u4y,7,3.2
RF00001,4wqy,CB,2.8
RF00001,5hcr,2B,2.8
RF00001,5j4c,2B,2.8
RF00001,5tcu,C,3.9
RF00001,6wd3,2,3.6
RF00001,7nso,B,2.9
RF00001,8bhj,1,2.81
RF00001,9f1b,B7,3.01
RF00001,5j4c,1B,2.8
RF00001,5t2c,B,3.6
RF00001,5tbw,AS,3.0
RF00001,6om6,3,3.1
RF00001,6ore,3,2.9
RF00001,7k53,2,3.2
RF00001,7old,3,3.0
RF00001,7zq6,a,2.75
RF00001,8j1z,b,2.6
RF00001,8ud8,1B,2.6
RF00001,3ccq,9,2.9
RF00001,3j79,B,3.2
RF00001,4u3n,7,3.2
RF00001,4v5c,DB,3.3
RF00001,4v9q,CB,3.4
RF00001,4wfn,Y,3.54
RF00001,5el7,16,3.15
RF00001,5kpx,28,3.9
RF00001,6az3,8,2.5
RF00001,6bz7,RB,3.68
RF00001,6bz8,RB,3.74
RF00001,6osq,3,3.5
RF00001,7jsw,2,3.8
RF00001,7mpi,A3,3.05
RF00001,7rqd,1B,2.5
RF00001,8aye,b,1.96
RF00001,8whx,B,2.8
RF00001,4v83,BB,3.5
RF00001,4www,RB,3.1
RF00001,5ju8,BB,3.6
RF00001,5kcs,1B,3.9
RF00001,6cae,2B,2.6
RF00001,6gsj,1J,2.96
RF00001,7o81,B7,3.1
RF00001,7rqe,1B,2.4
RF00001,8agz,h,2.6
RF00001,8ekc,B,2.7
RF00001,1k73,B,3.01
RF00001,3cce,9,2.75
RF00001,3j7q,7,3.4
RF00001,4lfz,YB,3.92000059074
RF00001,4ug0,L7,3.6
RF00001,5jup,D,3.5
RF00001,6buw,RB,3.5
RF00001,6tnn,V,3.07
RF00001,6zu5,L70,2.9
RF00001,8agv,h,2.6
RF00001,8cvl,2B,2.3
RF00001,8ova,BD,2.47
RF00001,4lel,RB,3.90000024172
RF00001,4v7k,AB,3.6
RF00001,4v8u,BB,3.7
RF00001,5w4k,1B,2.7
RF00001,6i7v,DB,2.9
RF00001,6lu8,5,3.13
RF00001,7azs,5SB,3.1
RF00001,7yla,J,2.52
RF00001,8a63,B,3.1
RF00001,2zjq,Y,3.3
RF00001,6wdm,2,3.6
RF00001,7b7d,LB,3.3
RF00001,7p6z,4,3.5
RF00001,8g5y,L7,2.29
RF00001,8vtx,2B,2.4
RF00001,8wic,B,3.5
RF00001,9fbv,b,2.4
RF00001,2qex,9,2.9
RF00001,3ccv,9,2.9
RF00001,4wpo,CB,2.8
RF00001,5obm,3,3.4
RF00001,6by1,DB,3.94
RF00001,6ha1,B,3.1
RF00001,6th6,BB,2.55
RF00001,7k50,2,3.4
RF00001,7sfr,B,2.6
RF00001,7ssl,2,3.8
RF00001,7tm3,u,3.25
RF00001,8rq0,B,2.44
RF00001,8v9j,B,3.1
RF00001,6zvk,d2,3.49
RF00001,7toq,A5S,3.1
RF00001,8bf7,1,2.33
RF00001,8ccs,BB,1.97
RF00001,8fru,3,2.49
RF00001,8qoi,L7,1.9
RF00001,1vvj,RB,3.44000111574
RF00001,3g4s,9,3.2
RF00001,4lfz,RB,3.92000059074
RF00001,4v6f,DB,3.1
RF00001,4wzd,1J,3.1
RF00001,6hcj,71,3.8
RF00001,6v3a,B,2.82
RF00001,7azo,5SA,3.3
RF00001,7o1a,BB,2.4
RF00001,8fc6,2B,2.35
RF00001,8g61,L7,2.94
RF00001,8y38,B,2.58
RF00001,1nwy,9,3.3
RF00001,4v7j,BB,3.3
RF00001,5it8,CB,3.12
RF00001,5xxb,3,3.17
RF00001,6cfj,1B,2.8
RF00001,6cfl,1B,2.6
RF00001,8cmj,BB,3.79
RF00001,8fld,L4,2.58
RF00001,1n8r,B,3.0
RF00001,4wpo,AB,2.8
RF00001,4wsm,16,3.3
RF00001,6ouo,3,3.7
RF00001,6y0g,L7,3.2
RF00001,7nsq,B,3.1
RF00001,4v5j,DB,3.1
RF00001,4v9d,DB,3.0
RF00001,4www,YB,3.1
RF00001,5dfe,RB,3.09997551079
RF00001,6bz6,RB,3.18
RF00001,6h4n,B,3.0
RF00001,8e30,J,1.91
RF00001,8fzd,B,3.1
RF00001,3jah,7,3.45
RF00001,4v8g,DB,3.0
RF00001,5h4p,3,3.07
RF00001,5wis,2B,2.703
RF00001,6og7,2,3.3
RF00001,7jil,3,2.8
RF00001,1vq5,9,2.6
RF00001,4v6c,DB,3.19
RF00001,4v8d,BB,3.0
RF00001,4zsn,RB,3.6
RF00001,6gqv,3,4.0
RF00001,8p8u,LE,2.23
RF00001,4v8e,AB,3.3
RF00001,4v9q,AB,3.4
RF00001,5el5,16,3.15
RF00001,5lyb,3,3.25
RF00001,5u9f,02,3.2
RF00001,6olf,E,3.9
RF00001,6p5j,7,3.1
RF00001,6qzp,L7,2.9
RF00001,6vwl,3,3.1
RF00001,6wdl,2,3.7
RF00001,8g31,A,3.2
RF00001,1qvf,9,3.1
RF00001,4v7y,DB,3.0
RF00001,5j3c,RB,3.04
RF00001,6ndk,YB,3.64
RF00001,6v3d,B,2.95
RF00001,6xu6,A7,3.5
RF00001,7s1g,J,2.48
RF00001,7st6,2,3.0
RF00001,8civ,BB,2.47
RF00001,8g6y,b,2.09
RF00001,8uu6,B,3.3
RF00001,8uua,B,2.7
RF00001,3cc7,9,2.7
RF00001,4tuc,RB,3.6
RF00001,5aj0,A4,3.5
RF00001,5ib7,1J,2.99
RF00001,6hrm,3,2.96
RF00001,6lss,5,3.23
RF00001,6om0,E,3.1
RF00001,7p7q,B,2.4
RF00001,8jdk,E,2.26
RF00001,4p70,RB,3.68
RF00001,4u56,7,3.45
RF00001,4v9s,DB,3.1
RF00001,5e81,16,2.95
RF00001,5j30,RB,3.2
RF00001,5t2a,D,2.9
RF00001,6oxi,RB,3.495
RF00001,6zu1,BB,3.0
RF00001,7n31,5,2.69
RF00001,8a3l,b,3.42
RF00001,8cvm,b,2.66
RF00001,8idt,5,2.8
RF00001,8uu4,B,3.0
RF00001,1q7y,B,3.2
RF00001,3pio,Y,3.2473
RF00001,5i4l,7,3.1
RF00001,6oxi,YB,3.495
RF00001,6pcq,J,2.6
RF00001,7jql,1B,3.0
RF00001,7u2i,1B,2.55
RF00001,8bh4,1,2.62
RF00001,8fc5,2B,2.65
RF00001,8phj,b,3.67
RF00001,4v5k,BB,3.2
RF00001,5x8t,B,3.3
RF00001,6nsh,YB,3.397
RF00001,8b5l,7,2.86
RF00001,8e41,J,2.13
RF00001,1vy7,DB,2.8
RF00001,3jq4,B,3.52
RF00001,4lnt,YB,2.94000009954
RF00001,4w2h,DB,2.7
RF00001,4woi,CB,3.0
RF00001,5fci,3,3.4
RF00001,5ngm,AB,2.9
RF00001,6t7i,C4,3.2
RF00001,7nwi,7,3.13
RF00001,8g5z,L7,2.64
RF00001,8uqp,d,3.8
RF00001,4u27,DB,2.8
RF00001,4u3u,7,2.9
RF00001,4v7m,DB,3.45
RF00001,4wqr,1J,3.15
RF00001,5j30,YB,3.2
RF00001,6n1d,B5S,3.2
RF00001,6tc3,05S1,2.7
RF00001,7bhp,L7,3.3
RF00001,7p7s,B,3.0
RF00001,7u2j,2B,2.55
RF00001,8htz,b,2.4
RF00001,8inf,5,3.0
RF00001,1yj9,9,2.8
RF00001,1yjw,9,2.9
RF00001,4w2f,DB,2.4
RF00001,5afi,B,2.9
RF00001,6mtd,7,3.3
RF00001,7nbu,b,3.11
RF00001,7z3n,3,3.2
RF00001,8eiu,b,2.24
RF00001,8ury,d,3.1
RF00001,3cma,9,2.8
RF00001,5wfs,B,3.0
RF00001,7k54,2,3.2
RF00001,7m4v,B,2.54
RF00001,8e3m,J,2.25
RF00001,4v52,DA,3.21
RF00001,5d8b,WC,3.63
RF00001,5nd9,B,3.7
RF00001,6n9f,1B,3.7
RF00001,6xa1,L7,2.8
RF00001,7acr,3,3.44
RF00001,7lv0,2,3.2
RF00001,7rq9,1B,2.6
RF00001,8fc3,2B,2.6
RF00001,8fl0,L4,2.91
RF00001,8p2k,B7,2.9
RF00001,8pv5,C4,2.86
RF00001,8t8c,1B,2.6
RF00001,1vqp,9,2.25
RF00001,4v6g,BB,3.5
RF00001,4v7r,B2,4.0
RF00001,4wq1,1J,3.1
RF00001,5el4,16,3.15
RF00001,5lzw,7,3.53
RF00001,6n8k,2,3.6
RF00001,8bip,C4,3.1
RF00001,8fc1,1B,2.5
RF00001,8y39,B,3.6
RF00001,9b00,1B,2.8
RF00001,1vy6,DB,2.9
RF00001,4u51,7,3.2
RF00001,6b4v,GB,3.4
RF00001,6o9j,A,3.9
RF00001,6pct,J,2.8
RF00001,6qnq,16,3.5
RF00001,6wdd,2,3.2
RF00001,6x7f,d,3.5
RF00001,7bt6,3,3.12
RF00001,8bqx,BR,3.8
RF00001,8btk,B7,3.5
RF00001,9c4g,b,2.53
RF00001,3j7o,7,3.4
RF00001,4v53,DA,3.54
RF00001,4v7t,BB,3.1942
RF00001,4v8j,DB,3.9
RF00001,5hau,1B,3.0
RF00001,6wd6,2,3.7
RF00001,7uvw,B,2.37
RF00001,8jiv,Ab,2.84
RF00001,4u20,DB,2.9
RF00001,4u55,3,3.2
RF00001,4v5s,BB,3.1
RF00001,4v8g,BB,3.0
RF00001,5e81,1J,2.95
RF00001,5xym,B,3.08
RF00001,8ceu,b,1.83
RF00001,4wro,1J,3.05
RF00001,5mgp,B,3.1
RF00001,7ls1,B2,3.3
RF00001,7st2,2,2.9
RF00001,7tut,u,3.88
RF00001,7y7d,b,2.58
RF00001,8bn3,3,2.4
RF00001,8buu,B,2.9
RF00001,8g6w,b,2.02
RF00001,8y0x,L7,3.3
RF00001,4v5e,DB,3.45
RF00001,4v8o,BB,3.8
RF00001,4v9p,EB,2.9
RF00001,5ndg,7,3.7
RF00001,6q8y,BR,3.1
RF00001,7bl6,B,4.0
RF00001,7cpu,L7,2.82
RF00001,7qiz,5,2.38
RF00001,8bil,1,2.04
RF00001,8g2b,2B,2.55
RF00001,8i9r,C4,3.1
RF00001,8ipy,3,3.2
RF00001,8pv3,C4,2.8
RF00001,4v8i,DB,2.7
RF00001,4w2e,B,2.9
RF00001,4yzv,YB,3.1
RF00001,5apo,7,3.41
RF00001,5m1j,34,3.3
RF00001,5mei,AS,3.5
RF00001,6bok,FB,3.55
RF00001,6o3m,RB,3.97
RF00001,8fc5,1B,2.65
RF00001,8p2f,B,2.44
RF00001,8q7z,B7,2.5
RF00001,4v6d,DB,3.814
RF00001,4z8c,2B,2.9
RF00001,5on6,3,3.10000240787
RF00001,6yst,B,3.2
RF00001,7b5k,B,2.9
RF00001,7ls2,B2,3.1
RF00001,7o19,BB,2.9
RF00001,7ucj,7,3.1
RF00001,8flf,L4,2.65
RF00001,8t5d,A,3.2
RF00001,4v4j,x,3.83
RF00001,4v7m,BB,3.45
RF00001,6wd9,2,3.7
RF00001,6xhw,2B,2.5
RF00001,7nww,3,3.05
RF00001,8a57,B,2.3
RF00001,8ove,BD,2.6
RF00001,3jaj,7,3.75
RF00001,4v8d,DB,3.0
RF00001,6boh,C,3.4
RF00001,6gz5,A4,3.5
RF00001,6wd7,2,3.9
RF00001,6z6l,L7,3.0
RF00001,7a18,Y,3.4
RF00001,8fmw,AB,2.86
RF00001,5lzv,7,3.35
RF00001,6qnq,1J,3.5
RF00001,6tpq,V,3.07
RF00001,6z6k,C4,3.4
RF00001,7mt2,B,2.76
RF00001,8vtv,1B,2.55
RF00001,4tud,RB,3.6
RF00001,4v7z,DB,3.1
RF00001,4v8f,AB,3.3
RF00001,4v9c,BB,3.3
RF00001,4wzo,1J,3.3
RF00001,5gad,B,3.7
RF00001,6wru,2,3.1
RF00001,7n2v,5,2.54
RF00001,7nrc,LB,3.9
RF00001,8rdv,D8,2.6
RF00001,3g71,9,2.85
RF00001,4v4h,BA,3.46
RF00001,4v8q,AB,3.1
RF00001,6xir,3,3.2
RF00001,6zm7,L7,2.7
RF00001,8c8z,B,3.12
RF00001,8g2d,1B,2.7
RF00001,8y36,B,2.65
RF00001,1vqm,9,2.3
RF00001,1y69,9,3.33
RF00001,3cpw,9,2.7
RF00001,6nd5,2B,2.6
RF00001,6nwy,RB,3.5
RF00001,6ppf,B,3.4
RF00001,6vyr,d,3.8
RF00001,7oii,3,3.0
RF00001,7uvv,B,2.5
RF00001,8eui,9,3.1
RF00001,8q4f,b,3.1
RF00001,8r6c,b,2.2
RF00001,4tud,YB,3.6
RF00001,4u1u,BB,2.95
RF00001,4v55,DA,4.0
RF00001,5obm,7,3.4
RF00001,7uvx,B,2.35
RF00001,8evr,A3,2.87
RF00001,4v7x,DB,3.0
RF00001,5tgm,3,3.5
RF00001,5xy3,3,3.2
RF00001,8bgh,1,2.88
RF00001,8ipb,TB,3.4
RF00001,4u4o,7,3.6
RF00001,4v7w,BB,3.0
RF00001,4v8h,BB,3.1
RF00001,5jut,D,4.0
RF00001,6wde,2,3.0
RF00001,7nwg,71,3.8
RF00001,7y7h,b,2.51
RF00001,1nwx,9,3.5
RF00001,1vy7,BB,2.8
RF00001,3cf5,Z,3.3
RF00001,4v52,BA,3.21
RF00001,4v85,BB,3.2
RF00001,4z3s,2B,2.65
RF00001,5dgv,3,3.1
RF00001,5j7l,CB,3.0
RF00001,5juu,D,4.0
RF00001,6ip5,1B,3.9
RF00001,7cpj,B,3.3
RF00001,8uql,d,3.2
RF00001,3jan,7,3.75
RF00001,5j4b,2B,2.6
RF00001,5ndj,1J,3.15
RF00001,7btb,3,3.22
RF00001,7obr,7,2.8
RF00001,7osa,AB,3.0
RF00001,7ot5,3,2.9
RF00001,7unv,B,2.7
RF00001,8ir3,5,3.5
RF00001,4v5a,DB,3.5
RF00001,4v8h,DB,3.1
RF00001,4v9c,DB,3.3
RF00001,4v9o,AB,2.9
RF00001,6snt,4,2.8
RF00001,6wrs,2,3.2
RF00001,8hku,A5S,2.72
RF00001,8s1p,B,1.96
RF00001,3jai,7,3.65
RF00001,4tub,RB,3.6
RF00001,4v8c,AB,3.3
RF00001,4v8x,DB,3.35
RF00001,4wr6,1J,3.05
RF00001,5jte,BB,3.6
RF00001,6wd1,2,3.3
RF00001,7a0r,Y,3.3
RF00001,7asm,B,2.48
RF00001,7mpj,A3,2.7
RF00001,7uoo,3,2.34
RF00001,7y7f,b,2.43
RF00001,8cdr,BB,2.04
RF00001,8fl3,L4,2.53
RF00001,4v56,BA,3.93
RF00001,5doy,2B,2.6
RF00001,6wd8,2,3.7
RF00001,8bhn,1,2.85
RF00001,4v8p,E3,3.52
RF00001,5iqr,3,3.0
RF00001,5j91,DB,2.96
RF00001,5vp2,1B,2.8
RF00001,6ndk,RB,3.64
RF00001,6ylg,3,3.0
RF00001,7qg8,O,3.97
RF00001,8p17,3,2.78
RF00001,8pv7,C4,2.12
RF00001,8wib,B,3.5
RF00001,3ccm,9,2.55
RF00001,3cxc,9,3.0
RF00001,4v9k,DB,3.5
RF00001,4wqu,AB,2.8
RF00001,5t62,B,3.1
RF00001,6ucq,1B,3.5
RF00001,7osm,AB,3.0
RF00001,8fl7,L4,2.55
RF00001,4v87,AB,3.1
RF00001,4v89,BB,3.7
RF00001,4wsd,1J,2.95
RF00001,5j4d,C,3.1
RF00001,6of6,YB,3.2
RF00001,6r7q,7,3.9
RF00001,6xqe,2B,3.0
RF00001,7as8,B,2.9
RF00001,5d8b,AD,3.63
RF00001,7ac7,3,3.08
RF00001,8flc,L4,2.76
RF00001,8pv6,C4,2.94
RF00001,1k8a,B,3.0
RF00001,3ccr,9,3.0
RF00001,3g6e,9,2.7
RF00001,4v8a,BB,3.2
RF00001,4v9a,BB,3.2999
RF00001,4v9o,CB,2.9
RF00001,5v93,B,4.0
RF00001,5wit,2B,2.6
RF00001,6c5l,DB,3.2
RF00001,6pcr,J,2.5
RF00001,6tbv,05S1,2.7
RF00001,7f0d,B,3.3
RF00001,7lvk,J,2.2
RF00001,7rqa,1B,2.4
RF00001,8cvj,1B,2.4
RF00001,8cvl,1B,2.3
RF00001,8ffz,I,3.8
RF00001,8q87,B7,2.4
RF00001,4l71,YB,3.90000100875
RF00001,5dgv,7,3.1
RF00001,5j8a,CB,3.1
RF00001,5wfk,B,3.4
RF00001,6gc0,B,3.8
RF00001,6gz4,A4,3.6
RF00001,7aso,C,3.11
RF00001,7n30,5,2.66
RF00001,7xam,B,3.5
RF00001,8bge,1,2.11
RF00001,8c8y,B,3.03
RF00001,8e3l,J,2.35
RF00001,4v5j,BB,3.1
RF00001,4v9i,BB,3.3
RF00001,4wzd,16,3.1
RF00001,5ndv,3,3.3
RF00001,7n2c,5,2.72
RF00001,7rq9,2B,2.6
RF00001,8g2c,1B,2.65
RF00001,8g7p,B,2.9
RF00001,4wro,16,3.05
RF00001,5dox,1B,3.1
RF00001,5j7l,DB,3.0
RF00001,6ope,RB,3.1
RF00001,7lh5,BB,3.27
RF00001,8e43,J,2.09
RF00001,8r3v,82,3.28
RF00001,8rdw,D8,2.74
RF00001,3cme,9,2.95
RF00001,4u4z,3,3.1
RF00001,4v5g,DB,3.6
RF00001,5tgm,7,3.5
RF00001,5umd,B,3.2
RF00001,6cae,1B,2.6
RF00001,6frk,7,3.7
RF00001,6m62,3,3.2
RF00001,8c3a,AT,3.0
RF00001,8fla,L4,2.63
RF00001,8pv8,C4,2.91
RF00001,4u4q,7,3.0
RF00001,4u4z,7,3.1
RF00001,4v7y,BB,3.0
RF00001,4v84,BB,3.4
RF00001,5vpo,RB,3.34
RF00001,6nd5,1B,2.6
RF00001,7bl4,B,2.4
RF00001,8ewb,A3,2.87
RF00001,8uu7,B,3.2
RF00001,4tue,YB,3.5
RF00001,4v51,BB,2.8
RF00001,4v9a,DB,3.2999
RF00001,4wu1,16,3.2
RF00001,5on6,AS,3.10000240787
RF00001,6t83,4b,4.0
RF00001,8cf5,BB,2.71
RF00001,2otj,9,2.9
RF00001,5czp,RB,3.2999592266
RF00001,5it8,DB,3.12
RF00001,7nhm,B,3.1
RF00001,8kab,B,3.3
RF00001,8p18,3,2.77
RF00001,8wi7,B,3.5
RF00001,3jcd,B,3.7
RF00001,3jce,B,3.2
RF00001,4u52,7,3.0
RF00001,4v5f,BB,3.6
RF00001,4v5r,DB,3.1
RF00001,4v97,DB,3.516
RF00001,5fdv,1B,2.8
RF00001,5uq8,B,3.2
RF00001,6xqe,1B,3.0
RF00001,8ohd,7,3.1
RF00001,1q81,B,2.95
RF00001,2zjr,Y,2.91
RF00001,3i55,9,3.11
RF00001,5dm6,Y,2.9
RF00001,5hkv,Y,3.66
RF00001,5lza,B,3.6
RF00001,5uyp,02,3.9
RF00001,5vpo,YB,3.34
RF00001,5vpp,YB,3.9
RF00001,6hcf,72,3.9
RF00001,6ofx,2,3.3
RF00001,6oj2,YB,3.2
RF00001,8ana,b,2.1
RF00001,8e3o,J,1.99
RF00001,8evt,A3,2.2
RF00001,8w51,B,2.4
RF00001,3j7p,7,3.5
RF00001,4u53,3,3.3
RF00001,5uyq,02,3.8
RF00001,6nta,YB,3.1
RF00001,7msz,B,3.1
RF00001,8ewc,A3,2.45
RF00001,8fom,YB,3.58
RF00001,4wce,Y,3.526
RF00001,6bok,C,3.55
RF00001,6c4i,B,3.24
RF00001,6eri,Ax,3.0
RF00001,6of1,2B,2.8
RF00001,6sgc,74,2.8
RF00001,7azy,F,2.877
RF00001,7bl5,B,3.3
RF00001,8bhp,1,2.37
RF00001,4v54,DA,3.3
RF00001,5hcq,1B,2.801
RF00001,5ndw,7,3.7
RF00001,6hhq,3,3.10000049683
RF00001,6n8l,2,3.6
RF00001,6nuo,YB,3.2
RF00001,6wdf,2,3.3
RF00001,6xz7,B,2.1
RF00001,8uu9,B,3.1
RF00001,4v51,DB,2.8
RF00001,5dox,2B,3.1
RF00001,5it7,7,3.6
RF00001,7pjy,B,3.1
RF00001,7zta,05S1,2.7
RF00001,8bpo,B1,2.8
RF00001,8fc4,1B,2.45
RF00001,1vq7,9,2.5
RF00001,4l71,RB,3.90000100875
RF00001,4u1v,BB,3.0
RF00001,4v7l,DB,3.0
RF00001,5lze,B,3.5
RF00001,5o60,B,3.18
RF00001,6t7t,C4,3.1
RF00001,7pjs,B,2.35
RF00001,9bh5,A7,2.63
RF00001,4v9s,BB,3.1
RF00001,5dat,3,3.15
RF00001,5lzt,7,3.65
RF00001,6pch,J,2.9
RF00001,7olc,3,2.9
RF00001,8qfd,7,2.2
RF00001,8r55,Y,3.57
RF00001,8uvr,2B,2.6
RF00001,4u56,3,3.45
RF00001,5lzd,B,3.4
RF00001,5u4i,B,3.5
RF00001,6n9e,1B,3.7
RF00001,6v3b,B,2.91
RF00001,6wnv,4,3.5
RF00001,6wqq,2,3.1
RF00001,8ir1,W,3.3
RF00001,8vty,1B,2.6
RF00001,3j9z,LB,3.6
RF00001,4v5l,BB,3.1
RF00001,4v7x,BB,3.0
RF00001,5f8k,1B,2.8
RF00001,6gqb,3,3.9
RF00001,6pcs,J,2.8
RF00001,7ozs,3,3.5
RF00001,7uw1,B,2.21
RF00001,4v57,DA,3.5
RF00001,4v7p,BB,3.62
RF00001,5v8i,1B,3.25
RF00001,6ogf,2,3.9
RF00001,6sv4,ZR,3.3
RF00001,6xhy,2B,2.6
RF00001,8idy,5,3.0
RF00001,8p8m,LE,2.66
RF00001,8xsz,L7,3.2
RF00001,4v5b,AA,3.74
RF00001,4v5r,BB,3.1
RF00001,4v9p,GB,2.9
RF00001,5hau,2B,3.0
RF00001,5lzz,7,3.47
RF00001,6czr,1B,3.14
RF00001,6ogi,2,3.4
RF00001,6ucq,2B,3.5
RF00001,7bv8,B,3.14
RF00001,7jt2,2,3.5
RF00001,8b6c,7,2.79
RF00001,8bhl,1,2.21
RF00001,3cd6,9,2.75
RF00001,4wsm,1J,3.3
RF00001,5fci,7,3.4
RF00001,5zlu,X,3.6
RF00001,6gsk,16,3.36
RF00001,6qdw,a,2.83
RF00001,7jss,2,3.7
RF00001,7oyb,71,2.4
RF00001,7zod,a,2.56
RF00001,8rjd,u,2.78574
RF00001,1vqk,9,2.3
RF00001,4v7w,DB,3.0
RF00001,5mdy,3,3.35
RF00001,6gz3,A4,3.6
RF00001,6pc7,J,2.5
RF00001,6skg,BB,2.65
RF00001,7ryg,B,2.38
RF00001,7xny,L2,2.5
RF00001,8g7r,B,2.8
RF00001,8oj5,7,2.9
RF00001,4wsd,16,2.95
RF00001,5mmm,B,3.4
RF00001,5uq7,B,3.5
RF00001,6gsl,1J,3.16
RF00001,7acj,3,3.2
RF00001,7y7g,b,2.34
RF00001,8vtu,2B,2.4
RF00001,4v7j,AB,3.3
RF00001,7azs,5SA,3.1
RF00001,7tos,5S,2.9
RF00001,7y7e,b,2.41
RF00001,8fc2,1B,2.5
RF00001,8p8n,LE,2.15
RF00001,8rcl,82,3.49
RF00001,1m1k,B,3.2
RF00001,1sm1,9,3.42
RF00001,4u50,7,3.2
RF00001,4u6f,3,3.1
RF00001,4v5d,BB,3.5
RF00001,6ft6,3,3.9
RF00001,6mte,7,3.4
RF00001,6wyv,J,2.75
RF00001,8hsp,b,2.32
RF00001,8pvl,C4,2.19
RF00001,1s72,9,2.4
RF00001,4zer,1B,3.1
RF00001,5f8k,2B,2.8
RF00001,6of1,1B,2.8
RF00001,7as9,B,3.5
RF00001,7qiw,5,2.35
RF00001,7rqa,2B,2.4
RF00001,7u2i,2B,2.55
RF00001,7zjw,L7,2.8
RF00001,8a5i,B,2.3
RF00001,1m90,B,2.8
RF00001,4v9p,AB,2.9
RF00001,5fdu,1B,2.9
RF00001,6gzq,B1,3.28
RF00001,6p5i,7,3.1
RF00001,6pc6,J,2.5
RF00001,6xhv,2B,2.4
RF00001,6xhx,1B,2.55
RF00001,8oj0,7,3.3
RF00001,4lnt,RB,2.94000009954
RF00001,4v5p,BB,3.1
RF00001,4wqu,CB,2.8
RF00001,5tga,3,3.3
RF00001,5zep,B,3.4
RF00001,8flb,L4,2.55
RF00001,1nji,B,3.0
RF00001,4v9l,BB,3.5
RF00001,4v9m,DB,4.0
RF00001,5nrg,Y,3.442
RF00001,6gsl,16,3.16
RF00001,6n9e,2B,3.7
RF00001,6of6,RB,3.2
RF00001,7rqc,2B,2.5
RF00001,8k82,C4,3.0
RF00001,8p16,3,2.77
RF00001,8r8m,b,2.4
RF00001,8ud6,1B,2.7
RF00001,1yjn,9,3.0
RF00001,3jag,7,3.65
RF00001,4u4u,7,3.0
RF00001,4v64,DA,3.5
RF00001,4w2i,BB,2.7
RF00001,5l3p,B,3.7
RF00001,6spg,B,3.34
RF00001,6tnu,BR,3.1
RF00001,6xqd,1B,2.8
RF00001,7oh3,3,3.4
RF00001,8bsi,LE,3.4
RF00001,8g34,A,3.2
RF00001,8v9k,B,3.1
RF00001,4v8a,AB,3.2
RF00001,6by1,CB,3.94
RF00001,6p5k,7,3.1
RF00001,7o7y,B7,2.2
RF00001,7ss9,2,3.9
RF00001,8cgk,b,1.64
RF00001,8qoa,b,2.0
RF00001,4v63,DB,3.207
RF00001,4w2g,DB,2.55
RF00001,5lzx,7,3.67
RF00001,6qik,x,3.1
RF00001,6ys3,a,2.58
RF00001,7rr5,C4,3.23
RF00001,8fto,b,1.85
RF00001,8ipa,TB,3.4
RF00001,1yi2,9,2.65
RF00001,4u26,DB,2.8
RF00001,4v53,BA,3.54
RF00001,4v6a,DB,3.1
RF00001,5lzy,7,3.99
RF00001,5u9g,02,3.2
RF00001,8ie3,5,3.3
RF00001,8pvk,C4,2.55
RF00001,8rjc,u,2.90061
RF00001,1q82,B,2.98
RF00001,4v4i,x,3.71
RF00001,4v9l,DB,3.5
RF00001,4wf1,BB,3.09
RF00001,6ole,E,3.1
RF00001,7bl2,B,3.7
RF00001,8am9,b,2.8
RF00001,8c3a,3,3.0
RF00001,1vq8,9,2.2
RF00001,1vy6,BB,2.9
RF00001,4v5b,CA,3.74
RF00001,4v9r,DB,3.0
RF00001,4wqr,16,3.15
RF00001,5j4d,HB,3.1
RF00001,6uo1,2B,2.95
RF00001,7bl3,B,3.5
RF00001,7ood,4,3.4
RF00001,7qgn,O,3.37
RF00001,7rq8,1B,2.5
RF00001,8cam,b,1.86
RF00001,8pfr,LE,2.15
RF00001,4w29,BB,3.8
RF00001,5gag,B,3.8
RF00001,6dzp,B,3.42
RF00001,6hd7,3,3.4
RF00001,6wqn,2,2.9
RF00001,7p7r,B,2.9
RF00001,8a3w,8,2.89
RF00001,8yop,L7,2.2
RF00001,1yij,9,2.6
RF00001,4v5c,BB,3.3
RF00001,4v5d,DB,3.5
RF00001,4v9n,DB,3.4
RF00001,4wf9,Y,3.427
RF00001,6vu3,d,3.7
RF00001,6w6p,B,2.9
RF00001,7qvp,L9,3.0
RF00001,8fn2,B,3.4
RF00001,8g2b,1B,2.55
RF00001,5mdv,3,2.97
RF00001,6d9j,7,3.2
RF00001,6ord,RB,3.1
RF00001,6y6x,L7,2.8
RF00001,7abz,3,3.21
RF00001,7cpv,L7,3.03
RF00001,7q08,3,2.56
RF00001,8cvk,1B,2.5
RF00001,8cvk,2B,2.5
RF00001,8pv4,C4,2.9
RF00001,8qbt,B,2.2
RF00001,8scb,7,2.5
RF00001,4w2h,BB,2.7
RF00001,5dgf,7,3.3
RF00001,5j88,CB,3.32
RF00001,5ndj,16,3.15
RF00001,6ot3,3,3.9
RF00001,6wd2,2,3.6
RF00001,8a98,8,2.46
RF00001,8eug,9,2.8
RF00001,3j7z,B,3.9
RF00001,3jcj,,3.7
RF00001,4v50,DA,3.22
RF00001,5o2r,B,3.4
RF00001,5tbw,3,3.0
RF00001,6oxa,RB,3.25
RF00001,6r86,3,3.4
RF00001,6x7k,d,3.1
RF00001,7asn,B,2.73
RF00001,7pjv,B,3.1
RF00001,7qq3,J,2.1
RF00001,7rqb,2B,2.45
RF00001,7st7,2,3.2
RF00001,7xnx,L2,2.7
RF00001,4tub,YB,3.6
RF00001,4v9f,9,2.404
RF00001,4v9o,GB,2.9
RF00001,8fc2,2B,2.5
RF00001,4v6e,DB,3.712
RF00001,4v8j,BB,3.9
RF00001,5dge,3,3.45
RF00001,5h1s,B,3.5
RF00001,5uyl,02,3.6
RF00001,6r5q,7,3.0
RF00001,6swa,s,3.1
RF00001,6xza,B2,2.66
RF00001,7k00,b,1.98
RF00001,7kgb,B,2.7
RF00001,7o5b,Y,3.33
RF00001,7q4k,BB,3.0
RF00001,7s0s,i,3.05
RF00001,8syl,B,2.9
RF00001,8wi8,B,2.7
RF00001,8xsx,L7,2.4
RF00001,3j9y,B,3.9
RF00001,4u53,7,3.3
RF00001,4v7v,BB,3.2891
RF00001,4v9j,DB,3.86
RF00001,5hcr,1B,2.8
RF00001,6gbz,B,3.8
RF00001,6vwn,3,3.4
RF00001,8jdl,E,2.42
RF00001,8vty,2B,2.6
RF00001,4wt8,Ds,3.4
RF00001,5doy,1B,2.6
RF00001,5hcp,1B,2.894
RF00001,5imq,E,3.8
RF00001,6z6j,C4,3.4
RF00001,7qep,2,2.7
RF00001,4u4r,3,2.801
RF00001,4w4g,YB,3.3
RF00001,5o61,B,3.31
RF00001,6gxo,B,3.9
RF00001,6i7v,CB,2.9
RF00001,6otr,RB,3.12
RF00001,6q9a,3,3.7
RF00001,6ysr,B,3.1
RF00001,7nhl,B,3.1
RF00001,8bjq,C4,3.8
RF00001,8glp,L7,1.67
RF00001,5czp,YB,3.2999592266
RF00001,5ibb,1J,2.96
RF00001,5mc6,BR,3.8
RF00001,6ztm,BB,3.3
RF00001,7nfx,7,3.2
RF00001,7uqz,3,2.44
RF00001,8g2a,2B,2.45
RF00001,8uvs,2B,2.75
RF00001,1kd1,B,3.0
RF00001,4ypb,RB,3.4
RF00001,6u48,CB,2.87
RF00001,6wnt,4,3.1
RF00001,7aqc,B,2.99
RF00001,7pwo,3,2.75
RF00001,4v54,BA,3.3
RF00001,4v5k,DB,3.2
RF00001,4yzv,RB,3.1
RF00001,6enu,B,3.1
RF00001,6gwt,B,3.8
RF00001,6n8m,B,3.5
RF00001,6o8w,B,3.53
RF00001,6ztj,BB,3.4
RF00001,7ohq,3,3.1
RF00001,7y7c,b,2.51
RF00001,8e48,J,2.27
RF00001,8k2c,L7,2.4
RF00001,4u3u,3,2.9
RF00001,4wf1,DB,3.09
RF00001,5we6,B,3.4
RF00001,6qul,B,3.0
RF00001,6s47,AB,3.28
RF00001,6y57,L7,3.5
RF00001,7azo,5SB,3.3
RF00001,7o80,B7,2.9
RF00001,7too,A5S,2.7
RF00001,8rxh,L8,2.93
RF00001,1vq6,9,2.7
RF00001,3ccj,9,3.3
RF00001,4u4y,3,3.2
RF00001,5mlc,B,3.6
RF00001,5nd8,B,3.7
RF00001,7nwt,3,2.66
RF00001,7u2h,1B,2.55
RF00001,8fc4,2B,2.45
RF00001,8q5i,3,2.45
RF00001,8t8b,2B,2.65
RF00001,4io9,Y,3.2
RF00001,4v97,BB,3.516
RF00001,6om7,E,3.7
RF00001,6orl,3,3.5
RF00001,6t83,Bb,4.0
RF00001,8rq2,B,2.44
RF00001,8rxx,L8,2.97
RF00001,8t8b,1B,2.65
RF00001,5we4,B,3.1
RF00001,6wd5,2,3.6
RF00001,7m4x,B,2.66
RF00001,8c94,B,3.8
RF00001,8ipd,3,3.2
RF00001,4lsk,RB,3.48000627319
RF00001,4uy8,B,3.8
RF00001,4v5s,DB,3.1
RF00001,4v8n,DB,3.1
RF00001,4v9j,BB,3.86
RF00001,4woi,BB,3.0
RF00001,6ha8,B,3.5
RF00001,7a01,d2,3.6
RF00001,7m4z,B,2.92
RF00001,7rqb,1B,2.45
RF00001,7ug6,3,2.9
RF00001,8g29,1B,2.55
RF00001,8g60,L7,2.54
RF00001,8ifc,b,2.9
RF00001,8jdj,E,2.5
RF00001,1q86,B,3.0
RF00001,1vqn,9,2.4
RF00001,1vy5,BB,2.55
RF00001,5lyb,7,3.25
RF00001,6oli,E,3.5
RF00001,6z6n,L7,2.9
RF00001,8e44,J,2.53
RF00001,8xsy,L7,3.0
RF00001,9bdl,A5S,2.8
RF00001,1vy4,DB,2.6
RF00001,3jcs,8,2.8
RF00001,4zsn,YB,3.6
RF00001,6n1d,A5S,3.2
RF00001,6r87,3,3.4
RF00001,6spd,B,3.28
RF00001,7mt7,B,2.71
RF00001,7oyc,71,2.4
RF00001,7q0f,3,2.64
RF00001,7s1k,J,2.42
RF00001,4u24,BB,2.9
RF00001,6b4v,C,3.4
RF00001,6pj6,J,2.2
RF00001,6rzz,x,3.2
RF00001,6y2l,L7,3.0
RF00001,7uvy,B,2.39
RF00001,8hfr,2f,2.64
RF00001,8jdm,E,2.67
RF00001,8qcq,B,2.3
RF00001,8vs9,5S,3.9
RF00001,1kc8,B,3.01
RF00001,1kqs,9,3.1
RF00001,4y4o,1B,2.3
RF00001,5jvg,Y,3.428
RF00001,5kcr,1B,3.6
RF00001,5t7v,C,3.6
RF00001,5uyk,02,3.9
RF00001,7jqm,1B,3.05
RF00001,7n1p,5,2.33
RF00001,4u1u,DB,2.95
RF00001,4v9d,CB,3.0
RF00001,4z8c,1B,2.9
RF00001,6nuo,RB,3.2
RF00001,7mdz,7,3.2
RF00001,8ap4,b,3.0
RF00001,8e46,J,2.32
RF00001,8evs,A3,2.62
RF00001,8fom,RB,3.58
RF00001,8ine,5,3.2
RF00001,5fcj,7,3.1
RF00001,6cfk,1B,2.7
RF00001,6olg,A4,3.4
RF00001,6otr,YB,3.12
RF00001,6v39,B,3.04
RF00001,6wdi,2,4.0
RF00001,6zme,L7,3.0
RF00001,6ztl,BB,3.5
RF00001,7lh5,DB,3.27
RF00001,8fc3,1B,2.6
RF00001,8oo0,3,3.1
RF00001,8t8c,2B,2.6
RF00001,3ccs,9,2.95
RF00001,4v7k,BB,3.6
RF00001,4ybb,DB,2.1
RF00001,6ip8,1B,3.9
RF00001,6q95,3,3.7
RF00001,6y69,B,2.86
RF00001,8a3d,B,1.67
RF00001,8brm,LE,3.33
RF00001,4ioa,Y,3.2
RF00001,4v5a,BB,3.5
RF00001,5ndv,7,3.3
RF00001,5nwy,O,2.9
RF00001,6ddd,2,3.1
RF00001,6dnc,C,3.7
RF00001,6nd6,1B,2.85
RF00001,6p5n,7,3.2
RF00001,6wnw,4,3.2
RF00001,7ttu,2,3.0
RF00001,1vvj,YB,3.44000111574
RF00001,3fwo,B,3.71
RF00001,4wq1,16,3.1
RF00001,5el7,1J,3.15
RF00001,6wdj,2,3.7
RF00001,6yhs,5,2.7
RF00001,7o1c,BB,2.6
RF00001,7of1,3,3.1
RF00001,8ev6,2B,2.946
RF00001,8vtw,2B,2.35
RF00001,3jbv,a,3.32
RF00001,4v83,DB,3.5
RF00001,4v8b,BB,3.0
RF00001,5j91,CB,2.96
RF00001,5jvh,Y,3.58
RF00001,6o90,B,3.49
RF00001,6wd4,2,3.7
RF00001,6xhw,1B,2.5
RF00001,7mt3,B,2.8
RF00001,7qv1,B,3.5
RF00001,8btr,LE,3.25
RF00001,8e32,J,2.35
RF00001,8ud7,1B,2.55
RF00001,8v9l,B,3.0
RF00001,4v9b,DB,3.1
RF00001,4w29,DB,3.8
RF00001,4wfb,Y,3.43
RF00001,5dc3,7,3.25
RF00001,6bz6,YB,3.18
RF00001,8vtu,1B,2.4
RF00001,1vql,9,2.3
RF00001,4v64,BA,3.5
RF00001,5el5,1J,3.15
RF00001,6ri5,x,3.3
RF00001,6wu9,B,2.9
RF00001,6xu8,A7,3.0
RF00001,6zmo,L7,3.1
RF00001,8bhf,B2,3.1
RF00001,8ekb,1B,2.7
RF00001,8fl6,L4,2.62
RF00001,8fzj,B,3.0
RF00001,1vy5,DB,2.55
RF00001,4lt8,RB,3.14000177152
RF00001,4v7r,D2,4.0
RF00001,5ib8,16,3.13
RF00001,6i0y,B,3.2
RF00001,6s0x,B,2.425
RF00001,6spb,B,2.82
RF00001,6uz7,7,3.6
RF00001,6wd0,2,3.0
RF00001,6ylh,3,3.1
RF00001,7m4w,B,2.55
RF00001,7tor,A5S,2.9
RF00001,7z20,a,2.29
RF00001,8cgv,b,1.66
RF00001,8e47,J,2.32
RF00001,8fle,L4,2.48
RF00001,8y0u,C4,3.59
RF00001,4u3m,7,3.0
RF00001,4v5g,BB,3.6
RF00001,5ib8,1J,3.13
RF00001,6nd6,2B,2.85
RF00001,6wda,2,3.8
RF00001,6wdb,2,4.0
RF00001,7qca,L70,2.79
RF00001,8akn,b,2.3
RF00001,8yoo,L7,2.0
RF00001,4v7l,BB,3.0
RF00001,4v7v,DB,3.2891
RF00001,4v8i,BB,2.7
RF00001,5hcp,2B,2.894
RF00001,5njt,V,3.8
RF00001,6qt0,x,3.4
RF00001,6xdq,d,3.7
RF00001,7ssn,2,3.2
RF00001,7uck,7,2.8
RF00001,8br8,LE,3.35
RF00001,8ifb,b,2.43
RF00001,8ifd,1B,2.59
RF00001,8t5h,A,3.3
RF00001,8uu8,B,3.1
RF00001,8uvs,1B,2.75
RF00001,4u1v,DB,3.0
RF00001,4u51,3,3.2
RF00001,4v9o,EB,2.9
RF00001,5jc9,DB,3.03
RF00001,5lzu,7,3.75
RF00001,5t5h,D,2.54
RF00001,6oj2,RB,3.2
RF00001,6s12,B,3.2
RF00001,6yef,B,3.2
RF00001,7o7z,B7,2.4
RF00001,7sa4,4,2.55
RF00001,7ssd,2,3.3
RF00001,8bqd,BR,3.9
RF00001,5kpw,28,3.9
RF00001,6o8x,B,3.68
RF00001,6s0z,B,2.3
RF00001,7asp,3,2.86
RF00001,7jql,2B,3.0
RF00001,8evq,A3,2.72
RF00001,8k2d,C4,3.2
RF00001,9f1c,B7,3.78
RF00001,2qa4,9,3.0
RF00001,3ccu,9,2.8
RF00001,3jbu,a,3.64
RF00001,7aqd,B,3.1
RF00001,7pzy,3,2.32
RF00001,7r81,B1,2.7
RF00001,7s1i,J,2.48
RF00001,8cg8,BB,2.57
RF00001,8fze,B,3.0
RF00001,8qpp,Y,3.4
RF00001,2zjp,Z,3.7
RF00001,4lsk,YB,3.48000627319
RF00001,4v8x,BB,3.35
RF00001,4v90,BB,2.95
RF00001,4wzo,16,3.3
RF00001,5dgf,3,3.3
RF00001,5hcq,2B,2.801
RF00001,7oig,3,3.2
RF00001,7p48,B,2.9
RF00001,7uqb,3,2.43
RF00001,7z3o,3,3.3
RF00001,8fon,YB,3.64
RF00001,8ud8,2B,2.6
RF00001,1yhq,9,2.4
RF00001,4v9p,CB,2.9
RF00001,4v9r,BB,3.0
RF00001,5i4l,3,3.1
RF00001,6wdk,2,3.6
RF00001,7jqm,2B,3.05
RF00001,7s1h,J,2.35
RF00001,7top,A5S,2.4
RF00001,8c90,B,3.15
RF00001,1w2b,9,3.5
RF00001,4lel,YB,3.90000024172
RF00001,4u4n,7,3.1
RF00001,4u50,3,3.2
RF00001,6gsk,1J,3.36
RF00001,6s13,B,3.58
RF00001,7msm,B,2.79
RF00001,7n8b,A3,3.05
RF00001,7oya,71,3.2
RF00001,7ryh,B,2.43
RF00001,7unu,B,2.9
RF00001,8cvj,2B,2.4
RF00001,8e36,J,2.38
RF00001,8fc6,1B,2.35
RF00001,8uvr,1B,2.6
RF00001,4u3n,3,3.2
RF00001,4u4r,7,2.801
RF00001,4v95,DB,3.2
RF00001,4xej,B5S,3.8
RF00001,6bz7,YB,3.68
RF00001,6enj,B,3.7
RF00001,6lkq,u,3.1
RF00001,6sv4,BR,3.3
RF00001,7m4y,B,2.5
RF00001,7uvz,B,2.21
RF00001,8aaf,h,2.5
RF00001,8vtx,1B,2.4
RF00001,1ffk,9,2.4
RF00001,1k9m,B,3.0
RF00001,4u4n,3,3.1
RF00001,6nwy,YB,3.5
RF00001,7msc,B,2.97
RF00001,8fl2,L4,2.67
RF00001,4wra,16,3.05
RF00001,5ndg,3,3.7
RF00001,6lsr,5,3.13
RF00001,6q97,3,3.9
RF00001,6xzb,B2,2.54
RF00001,7p3k,b,2.9
RF00001,7q0p,3,2.77
RF00001,8b2l,C3,2.2
RF00001,8g2a,1B,2.45
RF00001,3j7r,7,3.9
RF00001,4y4p,2B,2.5
RF00001,6enf,B,3.2
RF00001,6o3m,YB,3.97
RF00001,6szs,B,3.06
RF00001,7pjw,B,4.0
RF00001,8b0x,b,1.55
RF00001,5apn,7,3.91
RF00001,6lqm,5,3.09
RF00001,6rm3,L70,3.4
RF00001,7qv2,B,3.5
RF00001,7u2h,2B,2.55
RF00001,8fc1,2B,2.5
RF00001,8xz3,B,3.6
RF00001,3ccl,9,2.9
RF00001,4p70,YB,3.68
RF00001,5dge,7,3.45
RF00001,5lzs,7,3.31
RF00001,6o97,2B,2.75
RF00001,6vwm,3,3.4
RF00001,6zto,BB,3.0
RF00001,7p7u,B,3.1
RF00001,8cgn,BB,2.28
RF00001,8uu5,B,3.0
RF00001,1jj2,9,2.4
RF00001,3dll,Z,3.5
RF00001,3j92,7,3.6
RF00001,4u6f,7,3.1
RF00001,4v7s,DB,3.2547
RF00001,5ndk,16,2.95
RF00001,6ztp,BB,3.0
RF00001,8fzf,B,3.2
RF00001,8fzh,B,2.9
RF00001,8g29,2B,2.55
RF00001,4v5f,DB,3.6
RF00001,4v8n,BB,3.1
RF00001,5e7k,16,3.2
RF00001,6gxm,B,3.8
RF00001,6mtc,7,3.4
RF00001,7k55,2,3.3
RF00001,7pwg,3,2.75
RF00001,8ife,1B,2.57
RF00001,1vy4,BB,2.6
RF00001,4tua,RB,3.6
RF00001,4tuc,YB,3.6
RF00001,4u4u,3,3.0
RF00001,4v9n,BB,3.4
RF00001,4wr6,16,3.05
RF00001,4wt1,1J,3.05
RF00001,6hma,B,2.65
RF00001,7qws,7,3.4
RF00001,8fl9,L4,2.75
RF00001,8ovj,8,2.4
RF00001,8y0w,L7,3.4
RF00001,9bdn,A5S,3.1
RF00001,3i56,9,2.9
RF00001,4v7z,BB,3.1
RF00001,5lks,L7,3.6
RF00001,5uyn,02,4.0
RF00001,5v8i,2B,3.25
RF00001,6hhq,AS,3.10000049683
RF00001,6n9f,2B,3.7
RF00001,6t4q,C4,2.6
RF00001,8e33,J,2.23
RF00001,4v9h,BB,2.857
RF00001,4w2g,BB,2.55
RF00001,5el6,16,3.1
RF00001,6gsj,16,2.96
RF00001,6o8z,B,3.49
RF00001,6woo,7,2.9
RF00001,7otc,B,2.9
RF00001,7ug7,5,2.58
RF00001,8cgd,b,1.98
RF00005,5hc9,D,2.9
RF00005,3wfq,D,3.619
RF00005,6y2l,B4,3.0
RF00005,3ja1,S2,3.6
RF00005,3kfu,L,3.0
RF00005,4v5s,AY,3.1
RF00005,7top,APTN,2.4
RF00005,4v8u,CV,3.7
RF00005,4v8q,BV,3.1
RF00005,2det,C,3.4
RF00005,6wda,5,3.8
RF00005,7ka0,F,2.4
RF00005,4v8x,CW,3.35
RF00005,4v8d,AC,3.0
RF00005,6bok,D,3.55
RF00005,6om7,v,3.7
RF00005,2dxi,C,2.2
RF00005,6zsa,XB,4.0
RF00005,6zm5,x,2.89
RF00005,5gak,A,3.88
RF00005,3epj,F,3.1
RF00005,6bz8,XV,3.74
RF00005,3l0u,A,3.0
RF00005,2zxu,C,2.75
RF00005,7vnv,A,1.9
RF00005,6oxa,XW,3.25
RF00005,4y4p,2y,2.5
RF00005,2cv1,D,2.41
RF00005,1vy4,AX,2.6
RF00005,7oid,B,3.7
RF00005,4v67,AZ,3.0
RF00005,2zm5,D,2.55
RF00005,4wq1,1K,3.1
RF00005,6t83,8,4.0
RF00005,5j4b,2x,2.6
RF00005,7lh5,AV,3.27
RF00005,7k51,6,3.5
RF00005,4wpo,DY,2.8
RF00005,6c5l,AW,3.2
RF00005,7jqm,2x,3.05
RF00005,1n77,C,2.4
RF00005,4w2h,AY,2.7
RF00005,6zj3,S3,3.15
RF00005,4v5f,CV,3.6
RF00005,1f7u,B,2.2
RF00005,1g59,D,2.4
RF00005,6wd5,6,3.6
RF00005,7nhl,D,3.1
RF00005,7rq8,2w,2.5
RF00005,6otr,XV,3.12
RF00005,2du3,D,2.6
RF00005,4v8u,AV,3.7
RF00005,7unw,v,2.6
RF00005,7ssw,5,3.8
RF00005,1ob5,F,3.1
RF00005,4v8x,CV,3.35
RF00005,5j4c,1y,2.8
RF00005,7a5k,B3,3.7
RF00005,7k54,5,3.2
RF00005,6wdj,6,3.7
RF00005,6sv4,nc,3.3
RF00005,6gb2,BB,3.2
RF00005,7pjy,w,3.1
RF00005,6o97,2x,2.75
RF00005,5w4k,2w,2.7
RF00005,2d6f,F,3.15
RF00005,4v7l,AW,3.0
RF00005,4wra,1L,3.05
RF00005,3q1q,C,3.8
RF00005,7rq9,2x,2.6
RF00005,5uq7,z,3.5
RF00005,7rq8,2y,2.5
RF00005,5w4k,1w,2.7
RF00005,4lel,XV,3.90000024172
RF00005,7a5i,99,3.7
RF00005,4w2h,CY,2.7
RF00005,6zj3,S2,3.15
RF00005,3jah,2,3.45
RF00005,3a2k,D,3.65
RF00005,4v9k,CW,3.5
RF00005,6olz,Bv,3.9
RF00005,6xdq,A,3.7
RF00005,7azo,ASIA,3.3
RF00005,4wqr,3L,3.15
RF00005,7nbu,V,3.11
RF00005,3akz,G,2.9
RF00005,4v5j,AW,3.1
RF00005,4zdp,E,2.703
RF00005,5kcr,1x,3.6
RF00005,7rq9,2w,2.6
RF00005,7k53,7,3.2
RF00005,5j4b,1y,2.6
RF00005,7o1a,B8,2.4
RF00005,6z6m,CC,3.1
RF00005,4v87,CC,3.1
RF00005,3epl,E,3.6
RF00005,6wd1,5,3.3
RF00005,2dr2,B,3.0
RF00005,6t7t,6,3.1
RF00005,6uz7,3,3.6
RF00005,6vwm,5,3.4
RF00005,6xhy,2w,2.6
RF00005,4v7m,AX,3.45
RF00005,4tud,XV,3.6
RF00005,7azs,ASIA,3.1
RF00005,5dfe,QV,3.09997551079
RF00005,4wq1,1L,3.1
RF00005,6ouo,5,3.7
RF00005,6wd4,6,3.7
RF00005,4v97,CW,3.516
RF00005,6enf,x,3.2
RF00005,6nd6,2w,2.85
RF00005,3j7r,S6,3.9
RF00005,1asz,R,3.0
RF00005,4w29,CW,3.8
RF00005,6zp4,1,2.9
RF00005,4p70,XV,3.68
RF00005,6of1,2x,2.8
RF00005,1vy5,CY,2.55
RF00005,5zep,w,3.4
RF00005,1c0a,B,2.4
RF00005,6ztn,AW,3.9
RF00005,7odr,B,2.9
RF00005,5ot7,2,3.8
RF00005,7msz,y,3.1
RF00005,7rq8,1y,2.5
RF00005,7pzy,10,2.32
RF00005,6t4q,6,2.6
RF00005,4z8c,1x,2.9
RF00005,5ah5,D,2.1
RF00005,7odt,B,3.1
RF00005,5wdt,w,3.0
RF00005,6h4n,w,3.0
RF00005,5o61,BW,3.31
RF00005,4v9q,DV,3.4
RF00005,4v97,CV,3.516
RF00005,4v9b,AC,3.1
RF00005,5wit,2x,2.6
RF00005,6wda,6,3.8
RF00005,6ole,u,3.1
RF00005,6t83,6b,4.0
RF00005,7as9,2,3.5
RF00005,3al0,E,3.368
RF00005,7eqj,A,2.043
RF00005,6n1d,APTN,3.2
RF00005,5wis,2y,2.703
RF00005,7of0,B,2.2
RF00005,3zgz,E,2.4
RF00005,4v9q,BV,3.4
RF00005,7qv2,H,3.5
RF00005,6wd6,5,3.7
RF00005,6boh,NC,3.4
RF00005,6hcf,23,3.9
RF00005,4v5e,CV,3.45
RF00005,4wqr,1K,3.15
RF00005,4v63,AZ,3.207
RF00005,4v97,AY,3.516
RF00005,4gcw,B,3.0
RF00005,5we4,w,3.1
RF00005,4wsm,3K,3.3
RF00005,7u2i,2w,2.55
RF00005,6wdk,5,3.6
RF00005,4lfz,QV,3.92000059074
RF00005,6ha1,x,3.1
RF00005,6o97,1y,2.75
RF00005,2byt,B,3.3
RF00005,5ndk,W1,2.95
RF00005,4v7k,Bw,3.6
RF00005,6dnc,LA,3.7
RF00005,5kpw,30,3.9
RF00005,5j4d,IA,3.1
RF00005,5uq8,z,3.2
RF00005,5hr7,D,2.4
RF00005,4ycp,B,2.55
RF00005,5ndk,V4,2.95
RF00005,4lnt,XV,2.94000009954
RF00005,1eiy,C,3.3
RF00005,4jxx,B,2.3
RF00005,5wit,2w,2.6
RF00005,5lzv,3,3.35
RF00005,6woo,3,2.9
RF00005,7u2h,2y,2.55
RF00005,3a2k,C,3.65
RF00005,6zmo,CB,3.1
RF00005,5u4i,x,3.5
RF00005,1asy,S,2.9
RF00005,7p7q,D,2.4
RF00005,1vy4,AW,2.6
RF00005,4wc2,B,2.8
RF00005,6yss,w,2.6
RF00005,4w2f,AY,2.4
RF00005,6wdl,5,3.7
RF00005,5kpx,32,3.9
RF00005,5uyl,X,3.6
RF00005,4wc6,B,3.41
RF00005,5mdv,5,2.97
RF00005,1wz2,C,3.21
RF00005,7o81,AT,3.1
RF00005,7ka0,C,2.4
RF00005,3wfs,B,3.311
RF00005,6r5q,2,3.0
RF00005,3wfr,C,3.501
RF00005,5ib7,3K,2.99
RF00005,7k98,F,2.19
RF00005,4w2i,CW,2.7
RF00005,7u2h,2w,2.55
RF00005,5mdz,5,3.1
RF00005,5hcr,2x,2.8
RF00005,7qv1,H,3.5
RF00005,4wro,3L,3.05
RF00005,6tnu,m,3.1
RF00005,1efw,C,3.0
RF00005,1gax,D,2.9
RF00005,6qnr,2K,3.1
RF00005,4tud,QV,3.6
RF00005,6okk,g,3.3
RF00005,6oj2,QY,3.2
RF00005,6zu1,AW,3.0
RF00005,6ndk,QV,3.64
RF00005,7a5h,B,3.3
RF00005,6gsj,3K,2.96
RF00005,4wzd,3K,3.1
RF00005,6vys,A,3.7
RF00005,4uy8,V,3.8
RF00005,6wd3,6,3.6
RF00005,4v5g,AV,3.6
RF00005,1ttt,F,2.7
RF00005,6sv4,nb,3.3
RF00005,4v9l,AW,3.5
RF00005,5uyl,Y,3.6
RF00005,1euy,B,2.6
RF00005,6og7,5,3.3
RF00005,4v8j,AV,3.9
RF00005,5ib8,1K,3.13
RF00005,4w2g,AW,2.55
RF00005,5e6m,C,2.927
RF00005,5vp2,1w,2.8
RF00005,3wfr,B,3.501
RF00005,5lzd,v,3.4
RF00005,4v51,CY,2.8
RF00005,6r5q,3,3.0
RF00005,5el6,3K,3.1
RF00005,7k00,Z,1.98
RF00005,3j9y,v,3.9
RF00005,3jah,3,3.45
RF00005,3jce,9,3.2
RF00005,6wdl,6,3.7
RF00005,5kpw,32,3.9
RF00005,7oi8,z,3.5
RF00005,6r7q,2,3.9
RF00005,6gsl,1L,3.16
RF00005,7n2c,Pt,2.72
RF00005,7st7,5,3.2
RF00005,6gsk,1L,3.36
RF00005,2zm5,C,2.55
RF00005,5uym,X,3.2
RF00005,7q0r,10,2.67
RF00005,5f8k,1x,2.8
RF00005,7a5h,24,3.3
RF00005,6yam,1,3.6
RF00005,3tra,A,3.0
RF00005,1gsg,T,2.8
RF00005,6ytf,7,3.0
RF00005,6om6,5,3.1
RF00005,7of2,B,2.7
RF00005,3j9m,B,3.5
RF00005,2cv0,C,2.4
RF00005,7nql,BB,3.4
RF00005,4v9c,AV,3.3
RF00005,4wq1,2K,3.1
RF00005,4rqf,C,3.503
RF00005,4v9i,CV,3.3
RF00005,6xhy,1w,2.6
RF00005,5wws,C,3.247
RF00005,5we6,v,3.4
RF00005,5dfe,XV,3.09997551079
RF00005,7n2v,Pt,2.54
RF00005,7azo,ASIB,3.3
RF00005,7jqm,1x,3.05
RF00005,5lzz,3,3.47
RF00005,7b7d,Sm,3.3
RF00005,6wdm,5,3.6
RF00005,6vmi,B,2.96
RF00005,6zm6,w,2.59
RF00005,5el5,1L,3.15
RF00005,4z8c,2x,2.9
RF00005,4v8j,CY,3.9
RF00005,5wis,1w,2.703
RF00005,5wwt,D,3.197
RF00005,4lck,E,3.2
RF00005,4l71,QV,3.90000100875
RF00005,4ypb,QW,3.4
RF00005,1qu2,T,2.2
RF00005,5iqr,4,3.0
RF00005,4tub,QV,3.6
RF00005,7mt3,y,2.8
RF00005,6oxi,QV,3.495
RF00005,7uck,2,2.8
RF00005,5j30,QV,3.2
RF00005,5vp2,2w,2.8
RF00005,4v7m,AY,3.45
RF00005,3j7r,S5,3.9
RF00005,4wr6,2L,3.05
RF00005,5wf0,v,3.6
RF00005,4qei,C,2.875
RF00005,4l47,XV,3.22000098079
RF00005,7o19,B8,2.9
RF00005,4wc4,B,3.501
RF00005,7qi4,Ax,2.21
RF00005,4wj3,Q,3.705
RF00005,6wd6,6,3.7
RF00005,6vu3,B,3.7
RF00005,4wqr,2K,3.15
RF00005,3epk,F,3.2
RF00005,6q8y,m,3.1
RF00005,4wqf,DY,2.8
RF00005,4v67,CZ,3.0
RF00005,4wr6,1K,3.05
RF00005,5ud5,C,2.347
RF00005,6wd0,6,3.0
RF00005,4w2g,CW,2.55
RF00005,1vy5,AY,2.55
RF00005,6ord,XY,3.1
RF00005,6gsl,1K,3.16
RF00005,4p6f,XW,3.6
RF00005,6gsj,2K,2.96
RF00005,4w2e,x,2.9
RF00005,5t7v,D,3.6
RF00005,7vnw,B,2.61
RF00005,7u2i,2y,2.55
RF00005,4v5p,CV,3.1
RF00005,6ufg,B,2.929
RF00005,4yco,E,2.1
RF00005,1vfg,D,2.8
RF00005,5vp2,2x,2.8
RF00005,7r81,t1,2.7
RF00005,6ufm,A,2.82
RF00005,5u9f,W,3.2
RF00005,4wzd,2K,3.1
RF00005,5el7,3L,3.15
RF00005,5wit,1y,2.6
RF00005,4v6f,BD,3.1
RF00005,2ake,B,3.1
RF00005,1vy4,CW,2.6
RF00005,4wro,1L,3.05
RF00005,3rg5,B,2.0
RF00005,7osm,ASIT,3.0
RF00005,7uq6,B,2.951
RF00005,6oli,v,3.5
RF00005,6ys3,v,2.58
RF00005,5we4,v,3.1
RF00005,5el5,2K,3.15
RF00005,5el7,3K,3.15
RF00005,5axn,P,2.703
RF00005,1j2b,D,3.3
RF00005,6oj2,QW,3.2
RF00005,5wis,1y,2.703
RF00005,4v87,BD,3.1
RF00005,4w2f,CY,2.4
RF00005,4wsd,3L,2.95
RF00005,1o0b,B,2.7
RF00005,7azs,TRNA,3.1
RF00005,6olf,v,3.9
RF00005,4v5d,AY,3.5
RF00005,4z3s,1x,2.65
RF00005,4v8d,AB,3.0
RF00005,6wdm,7,3.6
RF00005,6ord,QY,3.1
RF00005,5czp,XV,3.2999592266
RF00005,5wdt,v,3.0
RF00005,5j4d,NC,3.1
RF00005,7lv0,6,3.2
RF00005,6gsl,3L,3.16
RF00005,3jag,3,3.65
RF00005,6olg,Bv,3.4
RF00005,6wd6,7,3.7
RF00005,7q0p,10,2.77
RF00005,7azs,ASIB,3.1
RF00005,4wt8,C2,3.4
RF00005,1fir,A,3.3
RF00005,5ccb,N,2.0
RF00005,2fmt,C,2.8
RF00005,4v7k,Bv,3.6
RF00005,6nd5,2x,2.6
RF00005,6bu8,X,3.5
RF00005,3cw5,A,3.1
RF00005,7oia,B,3.2
RF00005,5ndk,W4,2.95
RF00005,2dxi,D,2.2
RF00005,5iqr,6,3.0
RF00005,4v51,CW,2.8
RF00005,6of6,XY,3.2
RF00005,1vy7,CY,2.8
RF00005,5jte,AW,3.6
RF00005,4v95,CV,3.2
RF00005,6by1,AY,3.94
RF00005,4v7j,Aw,3.3
RF00005,4v6f,CC,3.1
RF00005,2fk6,R,2.9
RF00005,4wt8,D3,3.4
RF00005,6n9f,1x,3.7
RF00005,6oj2,XY,3.2
RF00005,5mc6,m,3.8
RF00005,4v8c,DD,3.3
RF00005,4v5p,AV,3.1
RF00005,6sv4,n,3.3
RF00005,7oi7,B,3.5
RF00005,6ip5,zy,3.9
RF00005,6of6,QY,3.2
RF00005,7sso,5,3.2
RF00005,1u0b,A,2.3
RF00005,4v8f,CB,3.3
RF00005,4v4i,,3.71
RF00005,4wro,1K,3.05
RF00005,4wqf,BY,2.8
RF00005,5d8b,FD,3.63
RF00005,3j9z,S7,3.6
RF00005,2der,D,3.1
RF00005,5lzu,2,3.75
RF00005,6q95,7,3.7
RF00005,7lh5,CY,3.27
RF00005,5mgp,x,3.1
RF00005,5jte,AX,3.6
RF00005,5m1j,A3,3.3
RF00005,4v5p,CW,3.1
RF00005,7d6z,4,3.4
RF00005,4p70,QV,3.68
RF00005,6ysr,w,3.1
RF00005,6wde,6,3.0
RF00005,4yco,D,2.1
RF00005,4w29,AX,3.8
RF00005,6o8w,u,3.53
RF00005,6mtb,4,3.6
RF00005,6x7f,A,3.5
RF00005,3wfq,C,3.619
RF00005,6zvh,x,2.9
RF00005,4v5c,AV,3.3
RF00005,7kab,C,2.5
RF00005,6gxm,x,3.8
RF00005,6of1,2y,2.8
RF00005,4v5e,AW,3.45
RF00005,4x0a,B,3.505
RF00005,3jce,6,3.2
RF00005,4tzz,K,3.64
RF00005,7oie,B,3.5
RF00005,4v87,CD,3.1
RF00005,6xhv,2x,2.4
RF00005,4z3s,2w,2.65
RF00005,6oli,u,3.5
RF00005,4wqy,DX,2.8
RF00005,5u9g,X,3.2
RF00005,5el6,3L,3.1
RF00005,1qru,B,3.0
RF00005,6t7t,7,3.1
RF00005,6wdb,7,4.0
RF00005,7k9m,C,2.5
RF00005,6of6,QV,3.2
RF00005,4v5g,CY,3.6
RF00005,4wt1,2L,3.05
RF00005,1il2,C,2.6
RF00005,1exd,B,2.7
RF00005,4wj3,S,3.705
RF00005,5ndj,V1,3.15
RF00005,6t7i,7,3.2
RF00005,4v8e,DB,3.3
RF00005,4v7l,CW,3.0
RF00005,7cpv,S6,3.03
RF00005,6zvi,e,3.0
RF00005,6b4v,D,3.4
RF00005,5uyn,Y,4.0
RF00005,7u2h,2x,2.55
RF00005,7nqh,BB,3.5
RF00005,6vu3,A,3.7
RF00005,4yvi,C,3.01
RF00005,7a5j,B,3.1
RF00005,4v97,AV,3.516
RF00005,4wpo,BX,2.8
RF00005,4wro,2L,3.05
RF00005,7oig,z,3.2
RF00005,6qnr,3L,3.1
RF00005,5w4k,2y,2.7
RF00005,5hd1,1x,2.7
RF00005,4v5r,CV,3.1
RF00005,4v7l,CX,3.0
RF00005,7azo,PSIB,3.3
RF00005,3jaj,3,3.75
RF00005,7ssn,5,3.2
RF00005,6qnq,3L,3.5
RF00005,5ndk,X1,2.95
RF00005,7n2u,Dt,2.53
RF00005,4v5q,CY,3.1
RF00005,6wd8,5,3.7
RF00005,5jte,AY,3.6
RF00005,4wj3,R,3.705
RF00005,4v8e,DD,3.3
RF00005,6bok,LC,3.55
RF00005,2zzm,B,2.65
RF00005,3wfr,D,3.501
RF00005,6q8y,n,3.1
RF00005,2du6,D,3.3
RF00005,4v6g,CD,3.5
RF00005,4tuc,QV,3.6
RF00005,6nd5,2y,2.6
RF00005,7p7t,C,2.9
RF00005,6o9j,v,3.9
RF00005,4v6f,CD,3.1
RF00005,7st6,5,3.0
RF00005,1qrs,B,2.6
RF00005,6ogi,5,3.4
RF00005,4wq1,3K,3.1
RF00005,6dnc,D,3.7
RF00005,6c5l,CW,3.2
RF00005,7qp7,w,3.7
RF00005,3jcd,9,3.7
RF00005,7o80,AT,2.9
RF00005,5hau,1w,3.0
RF00005,6r6p,2,3.1
RF00005,4wc3,B,3.1
RF00005,5j4c,1w,2.8
RF00005,4wq1,2L,3.1
RF00005,5wwr,D,3.096
RF00005,6wdj,5,3.7
RF00005,5ib7,3L,2.99
RF00005,4p6f,QV,3.6
RF00005,4v5q,AY,3.1
RF00005,6y57,B4,3.5
RF00005,5zeb,v,3.4
RF00005,5el4,2L,3.15
RF00005,5ju8,AX,3.6
RF00005,6zmo,CC,3.1
RF00005,4v90,AV,2.95
RF00005,7u2j,2w,2.55
RF00005,5lzs,ii,3.31
RF00005,6sgc,33,2.8
RF00005,6vyr,B,3.8
RF00005,3zgz,B,2.4
RF00005,7pjw,v,4.0
RF00005,1zjw,B,2.5
RF00005,4v7k,Av,3.6
RF00005,5iqr,5,3.0
RF00005,7chd,J,3.804
RF00005,4v8b,CC,3.0
RF00005,6cae,1x,2.6
RF00005,6ole,v,3.1
RF00005,6ztj,AX,3.4
RF00005,5uyl,W,3.6
RF00005,6ord,XV,3.1
RF00005,4lfz,XV,3.92000059074
RF00005,6ore,5,2.9
RF00005,6xhv,1w,2.4
RF00005,4v9k,AW,3.5
RF00005,5uym,W,3.2
RF00005,4wsd,1L,2.95
RF00005,3wfq,A,3.619
RF00005,7b5k,x,2.9
RF00005,6y57,D4,3.5
RF00005,5wit,1x,2.6
RF00005,5on3,B,3.1
RF00005,4v8n,CY,3.1
RF00005,5afi,v,2.9
RF00005,6ztm,AX,3.3
RF00005,7qi4,Ay,2.21
RF00005,4v5g,CW,3.6
RF00005,6w6l,v,3.84
RF00005,6orl,5,3.5
RF00005,6vys,B,3.7
RF00005,6fyy,1,3.02
RF00005,3jai,2,3.65
RF00005,6pmo,B,2.65703362888
RF00005,4w29,AW,3.8
RF00005,5lmu,Z,4.0
RF00005,7azo,TRNA,3.3
RF00005,5hcr,1x,2.8
RF00005,7k50,7,3.4
RF00005,4v6f,BC,3.1
RF00005,5omw,B,2.6
RF00005,5el4,1L,3.15
RF00005,1o0c,B,2.7
RF00005,4v5a,CW,3.5
RF00005,6ztm,AW,3.3
RF00005,6qzp,S6,2.9
RF00005,4as1,B,2.02
RF00005,3j9z,S6,3.6
RF00005,5vpp,XV,3.9
RF00005,6qnq,3K,3.5
RF00005,6bok,IA,3.55
RF00005,6wdi,6,4.0
RF00005,4v7m,AW,3.45
RF00005,7mrl,A,3.15
RF00005,4wc5,B,3.41
RF00005,7oif,z,3.0
RF00005,1vy4,CY,2.6
RF00005,6tc3,PTR1,2.7
RF00005,6nwy,XV,3.5
RF00005,2cv2,C,2.69
RF00005,5hcp,1x,2.894
RF00005,7kju,A,3.1
RF00005,5l4o,A,2.799
RF00005,1gtr,B,2.5
RF00005,6bz7,QW,3.68
RF00005,6gxo,x,3.9
RF00005,7p7s,D,3.0
RF00005,4wt1,1K,3.05
RF00005,3hl2,E,2.81
RF00005,6tnu,n,3.1
RF00005,5lzv,2,3.35
RF00005,6qnr,2L,3.1
RF00005,6n9e,2x,3.7
RF00005,4v9n,CW,3.4
RF00005,1ttt,E,2.7
RF00005,4wra,2L,3.05
RF00005,4wra,2K,3.05
RF00005,6wd9,5,3.7
RF00005,5vpp,QV,3.9
RF00005,7rq8,1w,2.5
RF00005,4tua,QV,3.6
RF00005,4wra,1K,3.05
RF00005,5uyk,W,3.9
RF00005,4w2i,CX,2.7
RF00005,5aj0,Bw,3.5
RF00005,6osq,5,3.5
RF00005,7nhk,D,2.9
RF00005,5ib7,2K,2.99
RF00005,5hcq,2x,2.801
RF00005,4v5r,CY,3.1
RF00005,4wsd,2L,2.95
RF00005,2re8,B,2.6
RF00005,5wfk,w,3.4
RF00005,7a09,f,3.5
RF00005,7st2,5,2.9
RF00005,4v8n,AV,3.1
RF00005,7o81,AJ,3.1
RF00005,6vyr,A,3.8
RF00005,4tue,QV,3.5
RF00005,6bz6,XV,3.18
RF00005,4v9a,CC,3.2999
RF00005,4tuc,XV,3.6
RF00005,7qg8,M,3.97
RF00005,6cae,1w,2.6
RF00005,6xz7,g,2.1
RF00005,6gsk,2L,3.36
RF00005,6wd2,7,3.6
RF00005,7lj3,C,2.9
RF00005,5vp2,1y,2.8
RF00005,6xhw,1x,2.5
RF00005,4v8c,CB,3.3
RF00005,6gz3,Bv,3.6
RF00005,4ypb,XV,3.4
RF00005,6zto,AX,3.0
RF00005,4wpo,DX,2.8
RF00005,5tcu,D,3.9
RF00005,2v0g,F,3.5
RF00005,4v8q,BW,3.1
RF00005,4zer,2x,3.1
RF00005,4v5e,CW,3.45
RF00005,7a5j,x,3.1
RF00005,6d90,3,3.2
RF00005,6ip8,zy,3.9
RF00005,7azs,ESIA,3.1
RF00005,4v5f,CW,3.6
RF00005,6bz6,QV,3.18
RF00005,6y69,w,2.86
RF00005,7n2c,Dt,2.72
RF00005,6z6l,CC,3.0
RF00005,6yan,1,3.48
RF00005,6lvr,D,2.85
RF00005,4v8n,CV,3.1
RF00005,4wro,2K,3.05
RF00005,4wpo,DW,2.8
RF00005,5ib7,1K,2.99
RF00005,6i0y,V,3.2
RF00005,4zsn,QV,3.6
RF00005,3j92,2,3.6
RF00005,2csx,C,2.7
RF00005,4wqr,2L,3.15
RF00005,7f36,E,3.098
RF00005,6oj2,XV,3.2
RF00005,4wzo,2K,3.3
RF00005,7a5k,24,3.7
RF00005,5kcs,1x,3.9
RF00005,6by1,BW,3.94
RF00005,4v97,CY,3.516
RF00005,6nuo,QV,3.2
RF00005,5wwt,C,3.197
RF00005,7aqc,P,2.99
RF00005,5j30,XV,3.2
RF00005,7o5b,U,3.33
RF00005,5d8b,ED,3.63
RF00005,6hcj,33,3.8
RF00005,4lel,QV,3.90000024172
RF00005,1f7v,B,2.9
RF00005,4ypb,QV,3.4
RF00005,1ehz,A,1.93
RF00005,7jql,1x,3.0
RF00005,4v87,CB,3.1
RF00005,3zjt,B,2.2
RF00005,1tra,A,3.0
RF00005,4v67,AY,3.0
RF00005,3jbv,W,3.32
RF00005,6ysu,w,3.7
RF00005,6d9j,3,3.2
RF00005,4wqy,BX,2.8
RF00005,7p6z,7,3.5
RF00005,4v5j,AV,3.1
RF00005,4cqn,E,2.5
RF00005,4v7l,AX,3.0
RF00005,7lyf,A,3.4
RF00005,3zju,B,2.4
RF00005,7og4,XB,3.8
RF00005,7unr,v,2.9
RF00005,6wdk,7,3.6
RF00005,4v5c,AW,3.3
RF00005,5e7k,2K,3.2
RF00005,4v8b,CD,3.0
RF00005,6zs9,XB,4.0
RF00005,6wdf,7,3.3
RF00005,4v6g,AC,3.5
RF00005,5mrc,bb,3.25
RF00005,4rqe,B,4.0
RF00005,2zue,B,2.0
RF00005,6of1,1x,2.8
RF00005,3kfu,N,3.0
RF00005,6yst,w,3.2
RF00005,4v6f,CB,3.1
RF00005,5cd1,N,3.6
RF00005,4v9j,CW,3.86
RF00005,5ndj,V4,3.15
RF00005,6sv4,mc,3.3
RF00005,7jt3,5,3.7
RF00005,4lsk,XV,3.48000627319
RF00005,4wt1,2K,3.05
RF00005,5zeu,v,3.7
RF00005,4v51,CV,2.8
RF00005,5aj0,Bv,3.5
RF00005,4wj4,B,3.294
RF00005,1ob5,B,3.1
RF00005,6xdq,B,3.7
RF00005,6gxn,x,3.9
RF00005,5j3c,QV,3.04
RF00005,7sso,6,3.2
RF00005,7st6,6,3.0
RF00005,2deu,C,3.4
RF00005,7mt2,y,2.76
RF00005,5ib8,3K,3.13
RF00005,5hcq,1x,2.801
RF00005,4v8o,AV,3.8
RF00005,3jcj,v,3.7
RF00005,4w2g,CX,2.55
RF00005,5l3p,x,3.7
RF00005,7u2j,1w,2.55
RF00005,4wt8,DV,3.4
RF00005,7ls1,n2,3.3
RF00005,7mdz,2,3.2
RF00005,5el7,1K,3.15
RF00005,6o3m,XV,3.97
RF00005,7azs,ESIB,3.1
RF00005,4l71,XV,3.90000100875
RF00005,6gz5,Bv,3.5
RF00005,4lt8,QV,3.14000177152
RF00005,4v5g,AY,3.6
RF00005,5w4k,1x,2.7
RF00005,6r6g,2,3.7
RF00005,6xhw,1y,2.5
RF00005,4p6f,XY,3.6
RF00005,4w2g,CY,2.55
RF00005,4tzz,B,3.64
RF00005,1wz2,D,3.21
RF00005,4v95,AV,3.2
RF00005,6ufh,B,3.104
RF00005,6xhw,2w,2.5
RF00005,6r87,B,3.4
RF00005,5e7k,3L,3.2
RF00005,6xhy,1y,2.6
RF00005,7pjv,v,3.1
RF00005,5ndk,V1,2.95
RF00005,4wr6,1L,3.05
RF00005,6om0,v,3.1
RF00005,5uyk,Y,3.9
RF00005,7qv2,x,3.5
RF00005,5ib7,2L,2.99
RF00005,6wdj,7,3.7
RF00005,4wr6,3K,3.05
RF00005,5wwr,C,3.096
RF00005,6c4i,y,3.24
RF00005,6n9e,1x,3.7
RF00005,4v9i,CW,3.3
RF00005,4wt1,1L,3.05
RF00005,6ztj,AW,3.4
RF00005,5doy,2y,2.6
RF00005,1ivs,C,2.9
RF00005,4v6g,CC,3.5
RF00005,7rq9,1w,2.6
RF00005,4wu1,3K,3.2
RF00005,6ip5,zu,3.9
RF00005,4w2e,w,2.9
RF00005,7nsq,v,3.1
RF00005,2bte,E,2.9
RF00005,6wd3,5,3.6
RF00005,6ot3,5,3.9
RF00005,3eph,F,2.95
RF00005,7nrc,Sn,3.9
RF00005,1vy7,AX,2.8
RF00005,1qu3,T,2.9
RF00005,6otr,XW,3.12
RF00005,5hr6,D,2.88
RF00005,3jan,3,3.75
RF00005,4v9q,BW,3.4
RF00005,6gz3,Bw,3.6
RF00005,6vlz,B,2.97
RF00005,5uyk,X,3.9
RF00005,4rdx,C,2.55
RF00005,6qnq,2L,3.5
RF00005,4v8x,AV,3.35
RF00005,2rd2,B,2.6
RF00005,5ndk,X4,2.95
RF00005,4v7l,CY,3.0
RF00005,1ttt,D,2.7
RF00005,4v8x,AW,3.35
RF00005,5mdw,5,3.06
RF00005,4y4p,1x,2.5
RF00005,5uq8,y,3.2
RF00005,7old,5,3.0
RF00005,4ari,B,2.08
RF00005,5lzw,2,3.53
RF00005,7u2j,1y,2.55
RF00005,7nsj,BB,3.9
RF00005,4z3s,2x,2.65
RF00005,1g59,B,2.4
RF00005,5yyn,D,3.0
RF00005,5e7k,2L,3.2
RF00005,7nrc,Sm,3.9
RF00005,7oii,z,3.0
RF00005,4v51,AV,2.8
RF00005,7ase,1,3.33
RF00005,3foz,D,2.5
RF00005,4wzo,1K,3.3
RF00005,6wd4,7,3.7
RF00005,6c5l,CV,3.2
RF00005,4v7m,CY,3.45
RF00005,4v8u,AW,3.7
RF00005,5wws,D,3.247
RF00005,4wra,3K,3.05
RF00005,4wzo,3L,3.3
RF00005,6wd8,6,3.7
RF00005,7n1p,Dt,2.33
RF00005,1vy4,CX,2.6
RF00005,5wf0,y,3.6
RF00005,7pjs,w,2.35
RF00005,5ud5,D,2.347
RF00005,5j4b,2y,2.6
RF00005,4p6f,QW,3.6
RF00005,4w2f,CW,2.4
RF00005,5on2,E,3.1
RF00005,2csx,D,2.7
RF00005,6ysi,8,2.5
RF00005,7ot5,z,2.9
RF00005,6bz7,XW,3.68
RF00005,5v6x,D,2.76
RF00005,7ssd,6,3.3
RF00005,6zsg,XB,4.0
RF00005,4v8b,AD,3.0
RF00005,4v8e,BB,3.3
RF00005,6nd6,1y,2.85
RF00005,7of5,B,2.9
RF00005,7of4,B,2.7
RF00005,6gsj,2L,2.96
RF00005,5lzx,3,3.67
RF00005,4v8c,CD,3.3
RF00005,3epk,E,3.2
RF00005,4jyz,B,2.5
RF00005,7s1g,A,2.48
RF00005,7abz,7,3.21
RF00005,6ywy,bb,3.05
RF00005,7msh,y,3.23
RF00005,1vy5,CX,2.55
RF00005,1asz,S,3.0
RF00005,6vwn,5,3.4
RF00005,5j3c,XV,3.04
RF00005,4wpo,BY,2.8
RF00005,6yef,x,3.2
RF00005,1qtq,B,2.25
RF00005,3foz,C,2.5
RF00005,6gsl,2K,3.16
RF00005,6bz8,QV,3.74
RF00005,1vy6,AX,2.9
RF00005,7u2i,2x,2.55
RF00005,7u2j,2x,2.55
RF00005,5wf0,w,3.6
RF00005,5we6,y,3.4
RF00005,4v5e,AV,3.45
RF00005,5el5,1K,3.15
RF00005,6r84,B,3.6
RF00005,4v5c,CY,3.3
RF00005,7nwi,2,3.13
RF00005,7oiz,V,2.9
RF00005,6wnw,5,3.2
RF00005,1gax,C,2.9
RF00005,4v9d,BV,3.0
RF00005,4jxz,B,2.4
RF00005,6ztl,AX,3.5
RF00005,4v4j,z,3.83
RF00005,5ndj,W4,3.15
RF00005,2cv0,D,2.4
RF00005,5lza,v,3.6
RF00005,4v5s,CY,3.1
RF00005,6y0g,B4,3.2
RF00005,5lzy,2,3.99
RF00005,5lzt,3,3.65
RF00005,4v5r,CW,3.1
RF00005,6by1,AV,3.94
RF00005,5u9f,X,3.2
RF00005,5el5,3K,3.15
RF00005,4v5r,AY,3.1
RF00005,4yvk,C,3.002
RF00005,1asy,R,2.9
RF00005,5wfk,v,3.4
RF00005,5cd1,M,3.6
RF00005,6o97,1w,2.75
RF00005,5u9g,W,3.2
RF00005,7oia,z,3.2
RF00005,5e6m,E,2.927
RF00005,6uo1,2w,2.95
RF00005,6bz8,QW,3.74
RF00005,3wqz,C,3.489
RF00005,6zm6,B,2.59
RF00005,5e81,3K,2.95
RF00005,6ys5,7,3.0
RF00005,4v9i,AV,3.3
RF00005,6mtc,4,3.4
RF00005,2nr0,F,3.9
RF00005,5ib8,3L,3.13
RF00005,6osk,5,3.6
RF00005,5yyn,B,3.0
RF00005,7u2i,1x,2.55
RF00005,6xhy,2y,2.6
RF00005,5e81,2L,2.95
RF00005,6enj,9,3.7
RF00005,6xqd,1x,2.8
RF00005,7u2i,1y,2.55
RF00005,7lh5,CV,3.27
RF00005,5el5,3L,3.15
RF00005,4v8f,CC,3.3
RF00005,6z6n,CC,2.9
RF00005,5ibb,1K,2.96
RF00005,6zm5,B,2.89
RF00005,4z3s,1y,2.65
RF00005,6cae,2y,2.6
RF00005,4w29,CX,3.8
RF00005,6lvr,B,2.85
RF00005,1qrt,B,2.7
RF00005,4v7j,Bw,3.3
RF00005,6hd7,B,3.4
RF00005,2zzn,D,2.95
RF00005,5lzx,2,3.67
RF00005,4v5d,CY,3.5
RF00005,6vyq,A,3.7
RF00005,5wt3,C,3.204
RF00005,6ndk,XV,3.64
RF00005,1yfg,A,3.0
RF00005,3j7y,B,3.4
RF00005,7rq9,1x,2.6
RF00005,4v8f,BB,3.3
RF00005,4v9l,CW,3.5
RF00005,6yal,1,3.0
RF00005,7mt7,y,2.71
RF00005,1vy5,AX,2.55
RF00005,6bz8,XW,3.74
RF00005,4kr3,C,3.235
RF00005,4w2i,AW,2.7
RF00005,5el7,1L,3.15
RF00005,7of7,B,2.5
RF00005,5uyp,W,3.9
RF00005,7nhn,D,2.9
RF00005,4zdo,E,2.65
RF00005,4wro,3K,3.05
RF00005,6uo1,2y,2.95
RF00005,7u2i,1w,2.55
RF00005,6n1d,BPTN,3.2
RF00005,5doy,1y,2.6
RF00005,4yco,F,2.1
RF00005,7k55,5,3.3
RF00005,7l20,B,3.15
RF00005,7osm,PSIT,3.0
RF00005,4v7p,DW,3.62
RF00005,6cfj,1x,2.8
RF00005,7p7r,D,2.9
RF00005,6az1,4,2.7
RF00005,6ztn,AX,3.9
RF00005,2iy5,T,3.1
RF00005,4ug0,S6,3.6
RF00005,5ib8,2L,3.13
RF00005,6ope,QY,3.1
RF00005,4wsm,1L,3.3
RF00005,6az1,3,2.7
RF00005,5axm,P,2.21
RF00005,6by1,AW,3.94
RF00005,5x6b,P,2.596
RF00005,4wt1,3L,3.05
RF00005,6of6,QW,3.2
RF00005,6enj,x,3.7
RF00005,1gts,B,2.8
RF00005,7onu,T,3.0
RF00005,4lt8,XV,3.14000177152
RF00005,7lh5,AW,3.27
RF00005,4v7m,CW,3.45
RF00005,6xqe,1x,3.0
RF00005,6wdm,6,3.6
RF00005,6wnw,7,3.2
RF00005,6cae,2w,2.6
RF00005,5uyp,Y,3.9
RF00005,4v9n,AW,3.4
RF00005,7b5k,z,2.9
RF00005,3kfu,M,3.0
RF00005,6hd7,A,3.4
RF00005,6cfj,1w,2.8
RF00005,7jsw,5,3.8
RF00005,7e8o,X,2.804
RF00005,5tcu,E,3.9
RF00005,7b5k,9,2.9
RF00005,6oxa,QV,3.25
RF00005,6wdi,5,4.0
RF00005,4wzo,2L,3.3
RF00005,5onh,E,3.1
RF00005,6gwt,x,3.8
RF00005,4wqf,DW,2.8
RF00005,6frk,2,3.7
RF00005,6vwl,5,3.1
RF00005,4v8d,CD,3.0
RF00005,7o7z,AT,2.4
RF00005,2azx,C,2.8
RF00005,5hr7,C,2.4
RF00005,6ywx,bb,3.1
RF00005,4v9j,AW,3.86
RF00005,4arc,B,2.0
RF00005,6cfj,2y,2.8
RF00005,6q97,7,3.9
RF00005,5we4,y,3.1
RF00005,6otr,QV,3.12
RF00005,4v8j,AY,3.9
RF00005,4v9s,CX,3.1
RF00005,7n1p,Pt,2.33
RF00005,4w2h,CX,2.7
RF00005,7nhm,D,3.1
RF00005,6ybv,w,3.8
RF00005,6v39,v,3.04
RF00005,5czp,QV,3.2999592266
RF00005,5j4b,1x,2.6
RF00005,4w2i,CY,2.7
RF00005,6boh,D,3.4
RF00005,7vnw,A,2.61
RF00005,7k50,6,3.4
RF00005,6xhv,2w,2.4
RF00005,1vy5,AW,2.55
RF00005,7o9k,B,3.1
RF00005,4p6f,XV,3.6
RF00005,7nwg,33,3.8
RF00005,1vy4,AY,2.6
RF00005,5imq,5,3.8
RF00005,2v0g,B,3.5
RF00005,7nww,z,3.05
RF00005,5t2c,An,3.6
RF00005,6c4i,x,3.24
RF00005,7tql,3,3.2
RF00005,7u2h,1w,2.55
RF00005,5el4,1K,3.15
RF00005,4v87,BB,3.1
RF00005,6ydp,BB,3.0
RF00005,6tbv,PTR1,2.7
RF00005,4w4g,XV,3.3
RF00005,6oxi,XV,3.495
RF00005,6o97,1x,2.75
RF00005,7d6z,3,3.4
RF00005,6zm7,CC,2.7
RF00005,6xir,AX,3.2
RF00005,6enu,x,3.1
RF00005,7st7,6,3.2
RF00005,6n9f,2x,3.7
RF00005,6xhw,1w,2.5
RF00005,2zuf,B,2.3
RF00005,5hcp,2x,2.894
RF00005,4v5d,CW,3.5
RF00005,4v5q,CW,3.1
RF00005,4wsm,3L,3.3
RF00005,5el6,1K,3.1
RF00005,5b63,B,3.0
RF00005,3b0v,B,3.51
RF00005,4yye,D,2.301
RF00005,5kps,31,3.9
RF00005,5ibb,3K,2.96
RF00005,4v5s,AV,3.1
RF00005,4zsn,XV,3.6
RF00005,5j4d,IB,3.1
RF00005,7unu,v,2.9
RF00005,5el4,3K,3.15
RF00005,4v8d,CC,3.0
RF00005,6ucq,2y,3.5
RF00005,7s1k,A,2.42
RF00005,2nr0,G,3.9
RF00005,4mgm,A,3.2
RF00005,2der,C,3.1
RF00005,4v8b,CB,3.0
RF00005,7zai,4,2.6
RF00005,4w4g,QW,3.3
RF00005,6nd5,1w,2.6
RF00005,7ssn,6,3.2
RF00005,7rq9,2y,2.6
RF00005,5wfs,y,3.0
RF00005,4aq7,B,2.5
RF00005,4v5r,AV,3.1
RF00005,3j9w,AX,3.9
RF00005,4woi,DW,3.0
RF00005,5uq7,y,3.5
RF00005,5h5u,5,3.01
RF00005,5zlu,DD,3.6
RF00005,4v7j,Bv,3.3
RF00005,6xa1,Bv,2.8
RF00005,4v97,AW,3.516
RF00005,2ct8,D,2.7
RF00005,4v8c,DC,3.3
RF00005,4y4p,1y,2.5
RF00005,5el4,2K,3.15
RF00005,5on2,B,3.1
RF00005,7p3k,V,2.9
RF00005,1h4s,T,2.85
RF00005,6r6p,3,3.1
RF00005,4v8j,CV,3.9
RF00005,6cfj,2w,2.8
RF00005,6zme,CC,3.0
RF00005,5uyq,Y,3.8
RF00005,4v8d,AD,3.0
RF00005,4x0b,B,3.2
RF00005,7a5j,G,3.1
RF00005,5on3,E,3.1
RF00005,3jbv,V,3.32
RF00005,4wpo,BW,2.8
RF00005,4v5q,AV,3.1
RF00005,5ib7,1L,2.99
RF00005,6q95,8,3.7
RF00005,4wzo,3K,3.3
RF00005,6zto,AW,3.0
RF00005,3tup,T,3.05
RF00005,4lnt,QV,2.94000009954
RF00005,7syw,i,3.7
RF00005,6ope,QV,3.1
RF00005,5lzw,3,3.53
RF00005,6sgc,23,2.8
RF00005,6xz7,f,2.1
RF00005,4l47,QV,3.22000098079
RF00005,6of6,XW,3.2
RF00005,1vvj,XV,3.44000111574
RF00005,4v5l,AV,3.1
RF00005,6ztl,AW,3.5
RF00005,4tna,A,2.5
RF00005,3wfs,A,3.311
RF00005,6b4v,MC,3.4
RF00005,4v9c,CV,3.3
RF00005,4kr2,C,3.292
RF00005,6oj2,QV,3.2
RF00005,5o2r,x,3.4
RF00005,2azx,D,2.8
RF00005,7st2,6,2.9
RF00005,6t59,23,3.11
RF00005,4y4p,2x,2.5
RF00005,5uyq,W,3.8
RF00005,7oic,B,3.1
RF00005,6c4h,x,3.1
RF00005,4v9r,CX,3.0
RF00005,5ndj,X1,3.15
RF00005,4wr6,2K,3.05
RF00005,4v5k,AW,3.2
RF00005,6v3a,v,2.82
RF00005,7ssd,5,3.3
RF00005,5we6,w,3.4
RF00005,4wqr,1L,3.15
RF00005,2du4,C,2.8
RF00005,4v9b,AD,3.1
RF00005,6by1,BV,3.94
RF00005,7u2h,1x,2.55
RF00005,6uo1,1x,2.95
RF00005,6of1,1w,2.8
RF00005,6otr,QW,3.12
RF00005,6wdg,5,3.3
RF00005,5mmm,z,3.4
RF00005,6xhv,1y,2.4
RF00005,3jce,8,3.2
RF00005,5hc9,C,2.9
RF00005,6wdd,6,3.2
RF00005,6ysi,6,2.5
RF00005,5vp2,2y,2.8
RF00005,5j8b,x,2.6
RF00005,4v9b,CC,3.1
RF00005,4wqu,BY,2.8
RF00005,6xhv,2y,2.4
RF00005,6zvi,d,3.0
RF00005,7rr5,P,3.23
RF00005,5lze,v,3.5
RF00005,3amt,B,2.9
RF00005,7ucj,2,3.1
RF00005,6wdi,7,4.0
RF00005,4mgn,D,3.2
RF00005,5l3p,y,3.7
RF00005,3akz,F,2.9
RF00005,1ffy,T,2.2
RF00005,6qnq,2K,3.5
RF00005,6ope,XY,3.1
RF00005,7unv,v,2.7
RF00005,6qdw,v,2.83
RF00005,4v6f,BB,3.1
RF00005,4v5j,CW,3.1
RF00005,6wdd,5,3.2
RF00005,6oj2,XW,3.2
RF00005,6qnr,1L,3.1
RF00005,4v8f,BC,3.3
RF00005,5wis,2w,2.703
RF00005,4v5f,AW,3.6
RF00005,3kfu,K,3.0
RF00005,5oom,B,3.03
RF00005,1j1u,B,1.95
RF00005,7tor,PTRN,2.9
RF00005,4v8j,AW,3.9
RF00005,7as8,2,2.9
RF00005,5j4d,D,3.1
RF00005,5omw,E,2.6
RF00005,6q9a,7,3.7
RF00005,5wit,1w,2.6
RF00005,6mtb,2,3.6
RF00005,7k55,6,3.3
RF00005,5lzz,2,3.47
RF00005,6nuo,XV,3.2
RF00005,7k53,5,3.2
RF00005,7rq8,2x,2.5
RF00005,6szs,x,3.06
RF00005,6oxa,QW,3.25
RF00005,7k54,6,3.2
RF00005,6bu8,W,3.5
RF00005,5el7,2L,3.15
RF00005,6wdb,6,4.0
RF00005,5e7k,3K,3.2
RF00005,5b63,D,3.0
RF00005,7ssw,6,3.8
RF00005,3amu,B,3.1
RF00005,2d6f,E,3.15
RF00005,4v7k,Aw,3.6
RF00005,7ug7,Pt,2.58
RF00005,5lzy,3,3.99
RF00005,2zxu,D,2.75
RF00005,7syx,i,3.7
RF00005,6gqv,AY,4.0
RF00005,6ztp,AW,3.0
RF00005,7n2u,Pt,2.53
RF00005,7nsp,v,3.5
RF00005,5doy,1w,2.6
RF00005,7o9m,B,2.6
RF00005,6cae,2x,2.6
RF00005,7ls2,n2,3.1
RF00005,6oxa,XV,3.25
RF00005,5wis,1x,2.703
RF00005,7ssl,6,3.8
RF00005,4v8b,AC,3.0
RF00005,6t7i,6,3.2
RF00005,5ibb,2L,2.96
RF00005,4wj3,T,3.705
RF00005,4w2f,AX,2.4
RF00005,5j4c,1x,2.8
RF00005,6ope,XV,3.1
RF00005,7toq,PTRN,3.1
RF00005,7b7d,Sn,3.3
RF00005,5e81,2K,2.95
RF00005,4woi,AX,3.0
RF00005,4yzv,XV,3.1
RF00005,7k52,6,3.4
RF00005,4v8n,CW,3.1
RF00005,6ztp,AX,3.0
RF00005,4v5l,AY,3.1
RF00005,3akz,E,2.9
RF00005,6yhs,6,2.7
RF00005,7qi4,B,2.21
RF00005,7lv0,5,3.2
RF00005,7of6,B,2.6
RF00005,4w2i,AX,2.7
RF00005,4wqr,3K,3.15
RF00005,4v5a,AV,3.5
RF00005,6buw,QV,3.5
RF00005,4z3s,1w,2.65
RF00005,3epj,E,3.1
RF00005,6bz7,XV,3.68
RF00005,3j81,1,4.0
RF00005,6qnr,3K,3.1
RF00005,6nwy,QV,3.5
RF00005,6hcj,q3,3.8
RF00005,5v6x,C,2.76
RF00005,6q97,8,3.9
RF00005,4v9b,CD,3.1
RF00005,6boh,IA,3.4
RF00005,6ugg,B,1.95
RF00005,7oi8,B,3.5
RF00005,6o97,2w,2.75
RF00005,7cpu,S6,2.82
RF00005,3akz,H,2.9
RF00005,4v6a,AW,3.1
RF00005,5uym,Y,3.2
RF00005,4v9s,AX,3.1
RF00005,4v7m,CX,3.45
RF00005,7r81,u1,2.7
RF00005,4v5a,AW,3.5
RF00005,3jag,2,3.65
RF00005,4v5q,CV,3.1
RF00005,5lzt,2,3.65
RF00005,7ryf,v,2.65
RF00005,7vnv,B,1.9
RF00005,4v5s,CW,3.1
RF00005,6wdg,7,3.3
RF00005,1vy7,CX,2.8
RF00005,6gz5,Bw,3.5
RF00005,2du5,D,3.2
RF00005,7u2j,1x,2.55
RF00005,5nwy,M,2.9
RF00005,7oid,z,3.7
RF00005,7p48,5,2.9
RF00005,6qnr,5K,3.1
RF00005,7k51,5,3.5
RF00005,6qnr,1K,3.1
RF00005,7m4x,v,2.66
RF00005,1vfg,C,2.8
RF00005,5f8k,2x,2.8
RF00005,4v6g,AD,3.5
RF00005,7azo,PSIA,3.3
RF00005,6t4q,7,2.6
RF00005,5hau,2w,3.0
RF00005,6xqd,2x,2.8
RF00005,5el6,2K,3.1
RF00005,6wd9,6,3.7
RF00005,2byt,E,3.3
RF00005,6wde,7,3.0
RF00005,4mgm,B,3.2
RF00005,5mc6,n,3.8
RF00005,4p6f,QY,3.6
RF00005,5ju8,AY,3.6
RF00005,4v8e,BC,3.3
RF00005,6n1d,BATN,3.2
RF00005,6gsl,2L,3.16
RF00005,7k98,C,2.19
RF00005,1n77,D,2.4
RF00005,3wfq,B,3.619
RF00005,5el6,1L,3.1
RF00005,5j4c,2y,2.8
RF00005,7a5i,X,3.7
RF00005,1h3e,B,2.9
RF00005,4v8j,CW,3.9
RF00005,3wc2,P,3.641
RF00005,6xhw,2x,2.5
RF00005,6gsj,3L,2.96
RF00005,7aqc,T,2.99
RF00005,4wu1,2K,3.2
RF00005,7lj3,B,2.9
RF00005,6vyq,B,3.7
RF00005,6bu8,Y,3.5
RF00005,6cfj,2x,2.8
RF00005,7jql,2x,3.0
RF00005,7a5k,FE,3.7
RF00005,3b0v,A,3.51
RF00005,2deu,D,3.4
RF00005,5doy,2w,2.6
RF00005,2tra,A,3.0
RF00005,6wda,7,3.8
RF00005,6boh,IB,3.4
RF00005,5wfs,v,3.0
RF00005,7lyg,A,3.804
RF00005,1il2,D,2.6
RF00005,3eph,E,2.95
RF00005,4v9m,CW,4.0
RF00005,7jss,5,3.7
RF00005,6bz7,QV,3.68
RF00005,4wqu,DW,2.8
RF00005,5onh,B,3.1
RF00005,6xza,f2,2.66
RF00005,5mre,bb,3.75
RF00005,7u2h,1y,2.55
RF00005,6ha8,x,3.5
RF00005,7n31,Pt,2.69
RF00005,6wdb,5,4.0
RF00005,4v8e,DC,3.3
RF00005,5uyq,X,3.8
RF00005,3cw6,A,3.3
RF00005,7s1i,A,2.48
RF00005,7zhg,4,2.25
RF00005,4rqe,D,4.0
RF00005,4wc7,B,3.102
RF00005,5ndj,X4,3.15
RF00005,4v8c,CC,3.3
RF00005,2nre,F,4.0
RF00005,5kpx,31,3.9
RF00005,6ah3,T,3.48
RF00005,5lzs,2,3.31
RF00005,6cae,1y,2.6
RF00005,7k00,Y,1.98
RF00005,7f36,F,3.098
RF00005,7aqd,T,3.1
RF00005,6nd5,1y,2.6
RF00005,6of1,2w,2.8
RF00005,4tra,A,3.0
RF00005,6ogf,5,3.9
RF00005,2bte,B,2.9
RF00005,7rq9,1y,2.6
RF00005,6wd7,7,3.9
RF00005,5w4k,1y,2.7
RF00005,6uo1,2x,2.95
RF00005,7rr5,A,3.23
RF00005,4v5k,AV,3.2
RF00005,4v7l,AY,3.0
RF00005,6gaw,BB,3.2
RF00005,7jt2,5,3.5
RF00005,4v5p,AY,3.1
RF00005,6wdk,6,3.6
RF00005,1evv,A,2.0
RF00005,6x6t,A,3.2
RF00005,7pwg,w,2.75
RF00005,6sv4,mb,3.3
RF00005,6nd6,1x,2.85
RF00005,4wra,3L,3.05
RF00005,5vp2,1x,2.8
RF00005,4yzv,QV,3.1
RF00005,4v5p,CY,3.1
RF00005,6buw,XV,3.5
RF00005,6x7f,B,3.5
RF00005,7too,APTN,2.7
RF00005,6gsj,1L,2.96
RF00005,4tzz,E,3.64
RF00005,7ac7,7,3.08
RF00005,7a5i,B3,3.7
RF00005,5d8b,BD,3.63
RF00005,7cpj,9,3.3
RF00005,1j2b,C,3.3
RF00005,5e7k,1K,3.2
RF00005,2nr0,E,3.9
RF00005,6gsj,1K,2.96
RF00005,7qh6,B,3.08
RF00005,6uo1,1y,2.95
RF00005,6qnq,1K,3.5
RF00005,6ucq,1x,3.5
RF00005,3wc2,Q,3.641
RF00005,4aq7,E,2.5
RF00005,4v8f,BD,3.3
RF00005,6y0g,D4,3.2
RF00005,4v5g,CV,3.6
RF00005,5j4b,2w,2.6
RF00005,7oi9,B,3.3
RF00005,7kjt,A,3.34
RF00005,6nd6,1w,2.85
RF00005,7ods,B,3.1
RF00005,5ah5,C,2.1
RF00005,6ord,QV,3.1
RF00005,6xqe,2x,3.0
RF00005,7osa,PSIT,3.0
RF00005,7ss9,6,3.9
RF00005,6o97,2y,2.75
RF00005,6wd2,5,3.6
RF00005,6xhy,1x,2.6
RF00005,7nsh,BB,3.2
RF00005,6ugg,A,1.95
RF00005,6snt,6,2.8
RF00005,7nwt,5,2.66
RF00005,4v5a,CV,3.5
RF00005,4v5l,AW,3.1
RF00005,4v51,AY,2.8
RF00005,2dlc,Y,2.4
RF00005,7qg8,A,3.97
RF00005,4v6a,CW,3.1
RF00005,6zmw,w,3.7
RF00005,1ob2,B,3.35
RF00005,6x7k,B,3.1
RF00005,1vtq,A,3.0
RF00005,4wsd,2K,2.95
RF00005,7rq8,1x,2.5
RF00005,6b4v,IA,3.4
RF00005,6zsd,XB,3.7
RF00005,7mt7,x,2.71
RF00005,2ct8,C,2.7
RF00005,4wqf,BW,2.8
RF00005,5el6,2L,3.1
RF00005,4v8n,AW,3.1
RF00005,1i9v,A,2.6
RF00005,1ivs,D,2.9
RF00005,4v5d,AV,3.5
RF00005,3a3a,A,3.1
RF00005,1qf6,B,2.9
RF00005,7asa,2,3.5
RF00005,5e7k,1L,3.2
RF00005,4v7j,Av,3.3
RF00005,4v5s,AW,3.1
RF00005,6ztn,AZ,3.9
RF00005,7l08,B,3.49
RF00005,4tub,XV,3.6
RF00005,7m4y,v,2.5
RF00005,5u4j,x,3.7
RF00005,7o1c,B8,2.6
RF00005,4yye,C,2.301
RF00005,5el4,3L,3.15
RF00005,1vy7,AY,2.8
RF00005,6gsk,2K,3.36
RF00005,2cv2,D,2.69
RF00005,6om7,u,3.7
RF00005,4v4j,2,3.83
RF00005,4v5j,CV,3.1
RF00005,5kpx,30,3.9
RF00005,6gz4,Bv,3.6
RF00005,5el7,2K,3.15
RF00005,4v9i,AW,3.3
RF00005,4wzd,3L,3.1
RF00005,5hd1,2x,2.7
RF00005,7o7y,AT,2.2
RF00005,5ndj,W1,3.15
RF00005,6gz4,Bw,3.6
RF00005,6tna,A,2.7
RF00005,7azs,PSIB,3.1
RF00005,4ypb,XW,3.4
RF00005,6xhy,2x,2.6
RF00005,5j4c,2w,2.8
RF00005,4wu1,2L,3.2
RF00005,7f36,H,3.098
RF00005,6az1,2,2.7
RF00005,3qsy,D,3.2
RF00005,3wfr,A,3.501
RF00005,6rfl,U,2.76
RF00005,5j4c,2x,2.8
RF00005,5wt1,F,2.598
RF00005,2fmt,D,2.8
RF00005,6ahu,T,3.66
RF00005,4w2h,AX,2.7
RF00005,5doy,2x,2.6
RF00005,4z3s,2y,2.65
RF00005,6wd5,7,3.6
RF00005,1tn2,A,3.0
RF00005,7ope,2,3.2
RF00005,5gak,B,3.88
RF00005,4v67,CY,3.0
RF00005,4wt1,3K,3.05
RF00005,6wd2,6,3.6
RF00005,6o3m,QV,3.97
RF00005,6om0,u,3.1
RF00005,7d6z,2,3.4
RF00005,7ryg,v,2.38
RF00005,7azs,PSIA,3.1
RF00005,4w4g,XW,3.3
RF00005,6xzb,g2,2.54
RF00005,5j8b,y,2.6
RF00005,4v5d,AW,3.5
RF00005,4v6g,CB,3.5
RF00005,7chd,I,3.804
RF00005,6wd7,5,3.9
RF00005,3w3s,B,3.095
RF00005,5ib8,2K,3.13
RF00005,4wq1,3L,3.1
RF00005,7nsp,8,3.5
RF00005,6zmi,CC,2.6
RF00005,7jsz,5,3.7
RF00005,6o9k,y,4.0
RF00005,4v4i,z,3.71
RF00005,4v8n,AY,3.1
RF00005,3jcd,8,3.7
RF00005,7nwg,q3,3.8
RF00005,4wsd,1K,2.95
RF00005,6yhs,8,2.7
RF00005,7n2v,Dt,2.54
RF00005,4v5s,CV,3.1
RF00005,6tb3,n,2.8
RF00005,5d8b,XC,3.63
RF00005,4wsm,1K,3.3
RF00005,4y4p,2w,2.5
RF00005,5e81,3L,2.95
RF00005,5ccx,N,2.1
RF00005,6gsk,3L,3.36
RF00005,7lh5,CW,3.27
RF00005,4mgn,B,3.2
RF00005,4v5r,AW,3.1
RF00005,5e81,1K,2.95
RF00005,4v8e,BD,3.3
RF00005,5j4b,1w,2.6
RF00005,4v5c,CW,3.3
RF00005,7qgn,A,3.37
RF00005,4wsm,2K,3.3
RF00005,7kgb,y,2.7
RF00005,5u4i,y,3.5
RF00005,7oib,B,3.3
RF00005,7p7u,D,3.1
RF00005,7pd3,B,3.4
RF00005,4v5f,AV,3.6
RF00005,6wdl,7,3.7
RF00005,4v7p,AW,3.62
RF00005,5hr6,C,2.88
RF00005,5lzs,3,3.31
RF00005,7tor,ETRN,2.9
RF00005,7azo,ESIB,3.3
RF00005,1euq,B,3.1
RF00005,7u2j,2y,2.55
RF00005,7lj3,A,2.9
RF00005,5imq,4,3.8
RF00005,6gsk,1K,3.36
RF00005,4yvj,C,2.9
RF00005,5w4k,2x,2.7
RF00005,6wd8,7,3.7
RF00005,3jbu,v,3.64
RF00005,4v8f,CD,3.3
RF00005,4v5c,CV,3.3
RF00005,1ser,T,2.9
RF00005,6zm5,w,2.89
RF00005,7pjw,w,4.0
RF00005,5np6,B,3.6
RF00005,4wsm,2L,3.3
RF00005,6nd5,1x,2.6
RF00005,7po4,B,2.56
RF00005,6of6,XV,3.2
RF00005,4v87,BC,3.1
RF00005,4v63,CY,3.207
RF00005,4v5k,CW,3.2
RF00005,6i9r,B,3.9
RF00005,6wd3,7,3.6
RF00005,5e81,1L,2.95
RF00005,6wd7,6,3.9
RF00005,4v5g,AW,3.6
RF00005,5uyn,W,4.0
RF00005,5ib8,1L,3.13
RF00005,5afi,w,2.9
RF00005,3rg5,A,2.0
RF00005,7pjy,v,3.1
RF00005,5ibb,1L,2.96
RF00005,5afi,y,2.9
RF00005,6wd4,5,3.7
RF00005,1h4q,T,3.0
RF00005,6ucq,1y,3.5
RF00005,6c5l,AV,3.2
RF00005,3j7a,7,3.2
RF00005,4v8d,CB,3.0
RF00005,2cv1,C,2.41
RF00005,6xir,AZ,3.2
RF00005,6gsl,3K,3.16
RF00005,7p7t,D,2.9
RF00005,7of3,B,2.7
RF00005,4lsk,QV,3.48000627319
RF00005,6wdf,5,3.3
RF00005,6wdd,7,3.2
RF00005,5mdy,5,3.35
RF00005,6w6l,u,3.84
RF00005,6gqb,AX,3.9
RF00005,6nd6,2x,2.85
RF00005,6r6g,3,3.7
RF00005,6zsc,XB,3.5
RF00005,4wqu,DY,2.8
RF00005,7k53,6,3.2
RF00005,6y3g,F,3.1
RF00005,4w2g,AY,2.55
RF00005,4v9a,AC,3.2999
RF00005,4tua,XV,3.6
RF00005,5j8b,w,2.6
RF00005,4v63,AY,3.207
RF00005,7ss9,5,3.9
RF00005,3epl,F,3.6
RF00005,4v9r,AX,3.0
RF00005,4v9m,AW,4.0
RF00005,4wzd,2L,3.1
RF00005,6of1,1y,2.8
RF00005,4wt8,C4,3.4
RF00005,5kps,32,3.9
RF00005,4v5d,CV,3.5
RF00005,6ydp,BA,3.0
RF00005,6ydp,BA,3.0
RF00005,6ydp,BA,3.0
RF00005,6ydp,BA,3.0
RF00005,6ydp,BA,3.0
RF00005,6ydp,BA,3.0
RF00005,6ydp,BA,3.0
RF00005,6ydp,BA,3.0
RF00005,6ydp,BA,3.0
RF00005,6ydp,BA,3.0
RF00005,6ydp,BA,3.0
RF00005,6ydp,BA,3.0
RF00005,6ydp,BA,3.0
RF00005,6ydp,BA,3.0
RF00005,6ydp,BA,3.0
RF00005,6ydp,BA,3.0
RF00005,6ydp,BA,3.0
RF00005,6ydp,BA,3.0
RF00005,6ydp,BA,3.0
RF00005,7lh5,AY,3.27
RF00005,4v9d,AV,3.0
RF00005,4v5c,AY,3.3
RF00005,1tn1,A,3.0
RF00005,6xhv,1x,2.4
RF00005,7pjv,w,3.1
RF00005,4v9q,DW,3.4
RF00005,2zzn,C,2.95
RF00005,7pjs,v,2.35
RF00005,4w4g,QV,3.3
RF00005,5wfk,y,3.4
RF00005,4v9h,AV,2.857
RF00005,5wdt,y,3.0
RF00005,4v5p,AW,3.1
RF00005,5lzu,3,3.75
RF00005,7f36,G,3.098
RF00005,4v63,CZ,3.207
RF00005,6nd6,2y,2.85
RF00005,4w2f,AW,2.4
RF00005,4w2f,CX,2.4
RF00005,5ibb,3L,2.96
RF00005,7st6,7,3.0
RF00005,1vy5,CW,2.55
RF00005,4v8u,CW,3.7
RF00005,1b23,R,2.6
RF00005,6x6t,B,3.2
RF00005,1ob5,D,3.1
RF00005,6zu1,AX,3.0
RF00005,6ywe,bb,2.99
RF00005,6ydp,AA,3.0
RF00005,6ydp,AA,3.0
RF00005,6ydp,AA,3.0
RF00005,6ydp,AA,3.0
RF00005,6ydp,AA,3.0
RF00005,6ydp,AA,3.0
RF00005,6ydp,AA,3.0
RF00005,6ydp,AA,3.0
RF00005,6ydp,AA,3.0
RF00005,6ydp,AA,3.0
RF00005,6ydp,AA,3.0
RF00005,6ydp,AA,3.0
RF00005,6ydp,AA,3.0
RF00005,6ydp,AA,3.0
RF00005,6ydp,AA,3.0
RF00005,6ydp,AA,3.0
RF00005,6ydp,AA,3.0
RF00005,6ydp,AA,3.0
RF00005,6ydp,AA,3.0
RF00005,7jt1,5,3.3
RF00005,4wt8,D4,3.4
RF00005,5kpw,31,3.9
RF00005,6zm6,x,2.59
RF00005,6nd5,2w,2.6
RF00005,6fyx,1,3.5
RF00005,2nqp,F,3.5
RF00005,4cqn,B,2.5
RF00005,7n30,Pt,2.66
RF00005,6wd5,5,3.6
RF00005,4v5k,CV,3.2
RF00005,7uz0,A,3.03
RF00005,6xhw,2y,2.5
RF00005,5wfs,w,3.0
RF00005,5doy,1x,2.6
RF00005,5uyn,X,4.0
RF00005,1efw,D,3.0
RF00005,5uyp,X,3.9
RF00005,1n78,D,2.1
RF00005,7n30,Dt,2.66
RF00005,4w2i,AY,2.7
RF00005,5wis,2x,2.703
RF00005,4wt8,C3,3.4
RF00005,7qgn,M,3.37
RF00005,7ug7,Dt,2.58
RF00005,6jxm,B,3.32
RF00005,5ool,B,3.06
RF00005,5ibb,2K,2.96
RF00005,6gsk,3K,3.36
RF00005,4zer,1x,3.1
RF00005,7nsq,8,3.1
RF00005,5wt1,C,2.598
RF00005,1vvj,QV,3.44000111574
RF00005,7k52,5,3.4
RF00005,3jai,3,3.65
RF00005,4tzz,H,3.64
RF00005,6xzb,f2,2.54
RF00005,1vy6,CX,2.9
RF00005,6ucq,2x,3.5
RF00005,6x7k,A,3.1
RF00005,6cfj,1y,2.8
RF00005,6olf,u,3.9
RF00005,7k50,5,3.4
RF00005,7msm,y,2.79
RF00005,6wd9,7,3.7
RF00005,4wqu,BW,2.8
RF00005,7a5i,94,3.7
RF00005,6b4v,HB,3.4
RF00005,7eqj,B,2.043
RF00005,4w2g,AX,2.55
RF00005,7ssl,5,3.8
RF00005,4v51,AW,2.8
RF00005,4v8c,DB,3.3
RF00005,4wu1,3L,3.2
RF00005,6wd0,5,3.0
RF00005,5el5,2L,3.15
RF00005,6bok,GB,3.55
RF00005,4y4p,1w,2.5
RF00005,4tue,XV,3.5
RF00005,4v5q,AW,3.1
RF00005,7nso,8,2.9
RF00005,4wr6,3L,3.05
RF00005,2nr0,H,3.9
RF00005,5wit,2y,2.6
RF00005,7azo,ESIA,3.3
RF00005,4wsd,3K,2.95
RF00005,6uo1,1w,2.95
RF00005,4lck,B,3.2
RF00005,6ofx,5,3.3
RF00005,3wqy,C,3.3
RF00005,7msc,y,2.97
RF00005,1n78,C,2.1
RF00005,6wde,5,3.0
RF00005,7n31,Dt,2.69
RF00005,7oj0,V,3.5
RF00005,3zjv,B,2.31
RF00005,4v8b,AB,3.0
RF00005,6r7q,3,3.9
RF00005,6swc,4,3.3
RF00005,6zj3,S4,3.15
RF00010,7uo0,B,3.4
RF00010,2a2e,A,3.85
RF00010,1u9s,A,2.9
RF00010,7uo5,B,3.1
RF00010,7uo2,B,3.1
RF00010,3q1q,B,3.8
RF00010,7uo1,B,3.2
RF00011,2a64,A,3.3
RF00011,3dhs,A,3.6
RF00011,1nbs,B,3.15
RF00011,1nbs,A,3.15
RF00028,1y0q,A,3.6
RF00028,7xsk,N,3.53
RF00028,7ez0,N,3.14
RF00028,7ygd,N,3.41
RF00028,8hd6,N,3.73
RF00028,7yga,N,2.35
RF00028,7ych,N,3.09
RF00028,7xsn,N,3.01
RF00028,1x8w,B,3.8
RF00028,7xsl,N,3.84
RF00028,8i7n,N,2.98
RF00028,7ygc,N,2.65
RF00028,7r6l,A,2.85
RF00028,7ycg,N,3.18
RF00028,7yg9,N,2.68
RF00028,8hd7,N,3.52
RF00028,7xd4,N,3.89
RF00028,7ygb,N,2.62
RF00028,7xd5,N,2.84
RF00028,7ez2,N,3.05
RF00028,7xd6,N,2.84
RF00028,7uvt,A,3.9
RF00028,7yg8,N,2.97
RF00028,1x8w,A,3.8
RF00028,1x8w,C,3.8
RF00028,7xd7,N,3.02
RF00028,7yci,N,2.98
RF00028,7r6m,A,3.68
RF00028,1x8w,D,3.8
RF00029,4r0d,A,3.676
RF00029,8t2s,B,3.0
RF00029,8k0p,C,2.99
RF00029,7uin,B,2.8
RF00029,8t2t,B,3.0
RF00029,8k0q,C,3.14
RF00029,1kxk,A,3.0
RF00029,8k0p,A,2.99
RF00029,8t2r,B,3.1
RF00029,6cih,A,3.676
RF00029,7uim,B,3.1
RF00029,8k0q,A,3.14
RF00029,8k0s,A,3.41
RF00029,8h2h,A,3.2
RF00029,8k15,C,2.58
RF00029,6chr,A,3.7
RF00029,6me0,A,3.6
RF00029,8fli,A,3.8
RF00029,5g2x,A,3.8
RF00029,8k0r,C,2.65
RF00029,8k0s,C,3.41
RF00029,6mec,A,3.6
RF00029,8k0r,A,2.65
RF00029,7d1a,A,3.8
RF00050,6wjr,X,2.7
RF00050,3f2w,X,3.45
RF00050,3f30,X,3.15
RF00050,3f2t,X,3.0
RF00050,3f2y,X,3.2
RF00050,3f2q,X,2.95
RF00050,6wjs,X,3.8
RF00050,3f2x,X,3.11
RF00059,2cky,A,2.9
RF00059,3d2v,A,2.0
RF00059,4nyc,A,3.15
RF00059,3k0j,E,3.1
RF00059,3k0j,F,3.1
RF00059,7tdc,A,2.46
RF00059,3d2x,A,2.5
RF00059,7tzr,X,2.7
RF00059,4nya,B,2.65
RF00059,3d2g,A,2.25
RF00059,3d2g,B,2.25
RF00059,2hol,A,2.9
RF00059,4nyg,A,3.05
RF00059,7tzt,A,2.96
RF00059,4nya,A,2.65
RF00059,2gdi,X,2.05
RF00059,4nyb,A,3.1
RF00059,3d2x,B,2.5
RF00059,7tda,A,2.25
RF00059,2gdi,Y,2.05
RF00059,2hok,A,3.2
RF00059,2cky,B,2.9
RF00059,4nyd,A,2.9
RF00059,7td7,A,2.95
RF00059,7tzr,Y,2.7
RF00059,2hop,A,3.3
RF00059,2hom,A,2.89
RF00059,2hoj,A,2.5
RF00059,7tzs,X,2.21
RF00059,3d2v,B,2.0
RF00059,7tdb,A,2.56
RF00059,7tzu,A,2.87
RF00059,7tzs,Y,2.21
RF00059,2hoo,A,3.0
RF00080,6cc3,B,2.698
RF00080,6cc3,A,2.698
RF00080,6cc1,A,2.54
RF00080,6cc1,B,2.54
RF00100,5lys,B,2.32
RF00100,5lyu,A,2.2
RF00100,5lys,A,2.32
RF00100,5lyu,B,2.2
RF00100,5lyv,B,2.35
RF00100,7slq,R,3.7
RF00100,5lyv,A,2.35
RF00102,6ol3,C,2.74
RF00162,5fk6,A,2.5
RF00162,3gx2,A,2.9
RF00162,5fk3,A,2.5
RF00162,5fkf,A,2.8
RF00162,4kqy,A,3.02
RF00162,3gx6,A,2.8
RF00162,5fk4,A,2.43
RF00162,4aob,A,2.95
RF00162,3iqn,A,2.7
RF00162,5fke,A,2.8
RF00162,5fkh,A,2.65
RF00162,3iqr,A,2.55
RF00162,2ydh,A,2.9
RF00162,3gx3,A,2.7
RF00162,3v7e,D,2.8
RF00162,3gx5,A,2.402
RF00162,2ygh,A,2.6
RF00162,3v7e,C,2.8
RF00162,5fjc,A,1.71
RF00162,2gis,A,2.9
RF00162,5fk1,A,2.5
RF00162,3iqp,A,2.9
RF00162,4b5r,A,2.95
RF00162,5fkd,A,3.0
RF00162,3gx7,A,2.95
RF00162,5fk2,A,2.6
RF00162,7eaf,A,2.85
RF00162,5fk5,A,3.315
RF00162,5fkg,A,2.95
RF00164,1xjr,A,2.7
RF00167,4xnr,X,2.21
RF00167,5e54,B,2.3
RF00167,3got,A,1.95
RF00167,3la5,A,1.7
RF00167,1y27,X,2.4
RF00167,5c7u,B,3.05
RF00167,5swe,X,3.0
RF00167,2eev,A,1.95
RF00167,4fep,B,1.65
RF00167,6uc9,B,1.941
RF00167,3ds7,B,1.85
RF00167,5swd,B,2.5
RF00167,6uc8,B,1.898
RF00167,5uza,X,2.22
RF00167,2eet,A,1.95
RF00167,3rkf,B,2.5
RF00167,3rkf,C,2.5
RF00167,2xo1,A,1.6
RF00167,1y26,X,2.1
RF00167,4feo,B,1.6
RF00167,4fej,B,1.5
RF00167,2xnw,A,1.5
RF00167,4fel,B,1.6
RF00167,3gao,A,1.9
RF00167,2b57,A,2.15
RF00167,6vwv,B,3.0
RF00167,3rkf,A,2.5
RF00167,2ees,A,1.75
RF00167,4lx5,A,2.13
RF00167,4tzx,X,2.01
RF00167,5c7w,C,3.22
RF00167,3ds7,A,1.85
RF00167,6p2h,A,2.803
RF00167,2eew,A,2.25
RF00167,3fo4,A,1.9
RF00167,3g4m,A,2.4
RF00167,5swd,A,2.5
RF00167,2xo0,A,1.7
RF00167,5e54,A,2.3
RF00167,3ger,A,1.7
RF00167,6vwv,A,3.0
RF00167,3ivn,B,2.8
RF00167,3rkf,D,2.5
RF00167,6ubu,B,1.6
RF00167,6vwt,A,3.03
RF00167,6vwt,B,3.03
RF00167,2g9c,A,1.7
RF00167,4lx6,A,2.15
RF00167,2eeu,A,1.95
RF00167,4tzy,X,2.57
RF00167,4fen,B,1.35
RF00167,3ivn,A,2.8
RF00167,6uc7,B,1.798
RF00167,3fo6,A,1.9
RF00167,4fe5,B,1.32
RF00167,3ges,A,2.15
RF00167,2xnz,A,1.59
RF00167,3gog,A,2.1
RF00168,3d0x,A,2.95
RF00168,3dir,A,2.9
RF00168,3dim,A,2.9
RF00168,3diy,A,2.71
RF00168,3dig,X,2.8
RF00168,3dj2,A,2.5
RF00168,4erj,A,3.0
RF00168,3d0u,A,2.8
RF00168,3dio,X,2.4
RF00168,3dj0,A,2.5
RF00168,3dix,A,2.9
RF00168,3dil,A,1.9
RF00168,3dis,A,3.1
RF00168,3diq,A,2.7
RF00168,3diz,A,2.85
RF00168,4erl,A,3.0
RF00169,5gah,1,3.8
RF00169,2v3c,M,2.5
RF00169,2xxa,G,3.94
RF00169,5gag,1,3.8
RF00169,2xxa,F,3.94
RF00169,1z43,A,2.6
RF00169,5gad,1,3.7
RF00169,4xco,E,2.9
RF00169,2v3c,N,2.5
RF00169,1lng,B,2.3
RF00169,4xco,M,2.9
RF00174,4gma,Z,3.94
RF00174,6vmy,A,3.25
RF00174,4gxy,A,3.05
RF00233,4p5j,A,1.9912
RF00233,6mj0,B,3.1
RF00233,6mj0,A,3.1
RF00234,2ho6,B,2.8
RF00234,2nz4,R,2.498
RF00234,2h0z,B,2.7
RF00234,3g8s,P,3.1
RF00234,4meh,B,3.12
RF00234,3g8t,Q,3.0
RF00234,2z75,B,1.7
RF00234,2ho7,B,2.9
RF00234,2h0w,B,2.4
RF00234,2nz4,Q,2.498
RF00234,2gcv,B,2.1
RF00234,3g8s,R,3.1
RF00234,3g96,P,3.01
RF00234,2h0s,B,2.35
RF00234,3g8t,R,3.0
RF00234,3l3c,S,2.85
RF00234,3l3c,P,2.85
RF00234,3g8s,S,3.1
RF00234,3l3c,R,2.85
RF00234,3g96,S,3.01
RF00234,3g8t,P,3.0
RF00234,3b4a,B,2.7
RF00234,3b4b,B,2.7
RF00234,2nz4,S,2.498
RF00234,4meg,B,3.1
RF00234,3g9c,Q,2.9
RF00234,3b4c,B,3.0
RF00234,3g9c,S,2.9
RF00234,3g9c,P,2.9
RF00234,2nz4,P,2.498
RF00234,3g8s,Q,3.1
RF00234,3g9c,R,2.9
RF00234,3l3c,Q,2.85
RF00234,3g96,R,3.01
RF00234,2gcs,B,2.1
RF00234,3g8t,S,3.0
RF00234,3g96,Q,3.01
RF00234,2h0x,B,2.3
RF00234,2z74,B,2.2
RF00379,4w90,C,3.118
RF00379,4qk8,A,3.05
RF00379,4qka,A,3.2
RF00379,6n5p,A,2.991
RF00379,6n5n,A,2.951
RF00379,6n5s,A,2.802
RF00379,4w92,C,3.209
RF00379,6n5k,A,3.098
RF00379,6n5o,A,2.708
RF00379,6wtl,A,2.85
RF00379,4qlm,A,2.721
RF00379,6wtr,A,3.082
RF00379,4qk9,A,3.05
RF00379,4qln,A,2.65
RF00379,6n5t,A,2.787
RF00379,6n5q,A,2.946
RF00380,2qbz,X,2.6
RF00380,3pdr,A,1.853
RF00380,3pdr,X,1.853
RF00390,6mj0,B,3.1
RF00390,6mj0,A,3.1
RF00442,6dls,A,2.885
RF00442,6dlr,A,2.656
RF00442,5t83,A,2.71
RF00442,6dnr,A,2.896
RF00442,5u3g,B,2.3
RF00442,6dlq,A,2.8
RF00442,6ck5,B,2.49
RF00442,6dlt,A,2.9
RF00442,7mlw,F,2.7
RF00442,6ck5,A,2.49
RF00458,7jqc,i,3.3
RF00458,6d90,4,3.2
RF00458,4xej,BIRE,3.8
RF00458,5it9,i,3.8
RF00458,4xej,AIRE,3.8
RF00458,2il9,M,3.1
RF00458,5it7,4,3.6
RF00458,2il9,A,3.1
RF00458,4v92,AZ,3.7
RF00458,6d9j,4,3.2
RF00504,3ox0,A,3.049
RF00504,3oxd,A,2.999
RF00504,3oxb,A,2.947
RF00504,3ox0,B,3.049
RF00504,3oxm,B,2.95
RF00504,3owi,B,2.845
RF00504,3oxj,B,3.2
RF00504,3oww,B,2.802
RF00504,3oww,A,2.802
RF00504,3owz,B,2.949
RF00504,3oxd,B,2.999
RF00504,3p49,A,3.55
RF00504,3owi,A,2.845
RF00504,3oxe,A,2.899
RF00504,3oxm,A,2.95
RF00504,3oxe,B,2.899
RF00504,3oxj,A,3.2
RF00504,3oxb,B,2.947
RF00504,3owz,A,2.949
RF00525,7kga,B,2.1
RF00525,7kga,A,2.1
RF00634,6ues,A,3.7
RF01051,4yb0,R,2.121
RF01051,3irw,R,2.7
RF01051,3mur,R,3.0
RF01051,3ud4,R,2.7
RF01051,4yb1,R,2.081
RF01051,3mut,R,3.0
RF01051,3mxh,R,2.3
RF01051,3ud3,R,3.1
RF01051,3iwn,B,3.2
RF01051,3iwn,A,3.2
RF01051,4yb0,A,2.121
RF01051,3ucu,R,2.8
RF01051,4yaz,A,2.0
RF01051,4yaz,R,2.0
RF01051,3muv,R,3.2
RF01051,3mum,R,2.9
RF01051,3ucz,R,2.8
RF01415,4pqv,A,2.463
RF01510,3skz,A,2.605
RF01510,3slq,B,2.5
RF01510,3skt,A,3.1
RF01510,3skw,A,2.95
RF01510,3skl,B,2.9
RF01510,3skr,A,3.1
RF01510,3skl,A,2.9
RF01510,3slm,A,2.7
RF01510,3skw,B,2.95
RF01510,3ski,A,2.3
RF01510,3slm,B,2.7
RF01510,3ski,B,2.3
RF01510,3slq,A,2.5
RF01510,3skr,B,3.1
RF01510,3skz,B,2.605
RF01510,3skt,B,3.1
RF01689,4frg,X,2.95
RF01689,4frn,B,3.43
RF01689,4frg,B,2.95
RF01689,4frn,A,3.43
RF01704,6qn3,B,2.3
RF01704,6qn3,A,2.3
RF01725,4l81,A,2.95
RF01725,4oqu,A,3.2
RF01734,4en5,A,2.957
RF01734,3vrs,A,2.603
RF01734,4enb,A,2.302
RF01734,4enc,A,2.272
RF01734,4ena,A,2.85
RF01750,4znp,A,2.94
RF01750,4znp,B,2.94
RF01750,4xw7,A,2.5
RF01750,6wzr,B,3.2
RF01750,5btp,A,2.816
RF01750,6wzs,B,3.23
RF01750,5btp,B,2.816
RF01750,6wzr,A,3.2
RF01750,6wzs,A,3.23
RF01750,4xwf,A,1.8
RF01763,5o69,A,2.319
RF01763,5nzd,B,2.007
RF01763,5nz3,A,2.059
RF01763,5o62,B,2.119
RF01763,5nz6,A,2.94
RF01763,5o62,A,2.119
RF01763,5o69,B,2.319
RF01763,5nzd,A,2.007
RF01763,5ny8,B,2.04
RF01763,5nwq,A,1.91
RF01763,5ny8,A,2.04
RF01763,5nwq,B,1.91
RF01763,5nz3,B,2.059
RF01786,3q3z,A,2.51
RF01786,3q3z,V,2.51
RF01807,4p8z,A,3.85
RF01826,6fz0,A,2.499
RF01831,3suy,X,3.21
RF01831,7kd1,A,1.9
RF01831,4lvw,A,1.768
RF01831,4lvy,A,2.0
RF01831,6q57,A,2.72
RF01831,4lvz,A,1.77
RF01831,4lvx,A,1.9
RF01831,3sux,X,2.9
RF01831,4lw0,A,1.889
RF01831,4lvv,A,2.1
RF01831,3sd3,A,1.95
RF01831,3suh,X,2.65
RF01852,3adc,C,2.9
RF01852,3add,C,2.4
RF01852,4zdp,E,2.703
RF01852,6z6m,CC,3.1
RF01852,4rqf,C,3.503
RF01852,3adb,C,2.8
RF01852,3rg5,B,2.0
RF01852,3hl2,E,2.81
RF01852,5lze,y,3.5
RF01852,3adc,D,2.9
RF01852,4rqe,B,4.0
RF01852,3add,D,2.4
RF01852,4zdo,E,2.65
RF01852,3adb,D,2.8
RF01852,5lzd,y,3.4
RF01852,4rqe,D,4.0
RF01852,3a3a,A,3.1
RF01852,3w3s,B,3.095
RF01852,3rg5,A,2.0
RF01854,7o5b,W,3.33
RF01854,4wfm,B,3.1
RF01854,4wfl,A,2.49
RF01854,4wfm,A,3.1
RF02001,4ds6,A,3.644
RF02001,6t3n,A,3.22
RF02001,4y1n,B,3.0
RF02001,5j01,A,3.39
RF02001,4e8k,A,3.03
RF02001,3igi,A,3.125
RF02001,4e8q,A,2.84
RF02001,4far,A,2.86
RF02001,4e8r,A,3.36
RF02001,4fax,A,3.1
RF02001,4fb0,A,3.22
RF02001,6t3r,A,3.57
RF02001,4e8v,A,3.995
RF02001,4faw,A,2.7
RF02001,6t3s,A,3.28
RF02001,3bwp,A,3.1
RF02001,4y1n,A,3.0
RF02001,6t3k,A,3.44
RF02001,3g78,A,2.8
RF02001,4fau,A,2.87
RF02001,3eog,A,3.391
RF02001,4faq,A,3.11
RF02001,4e8p,A,3.28
RF02001,5j02,A,3.493
RF02001,4e8t,A,3.34
RF02001,3eoh,A,3.125
RF02001,4e8n,A,2.96
RF02001,4y1o,B,2.95
RF02001,4y1o,A,2.95
RF02001,4e8m,A,3.5
RF02012,6chr,A,3.7
RF02012,4r0d,A,3.676
RF02012,6cih,A,3.676
RF02012,6mec,A,3.6
RF02012,6me0,A,3.6
RF02340,7lyf,A,3.4
RF02340,7lyg,A,3.804
RF02540,5vpp,RA,3.9
RF02540,4v8e,AA,3.3
RF02540,7st6,1,3.0
RF02540,5mrc,A,3.25
RF02540,5mrc,A,3.25
RF02540,5mrc,A,3.25
RF02540,6yhs,1,2.7
RF02540,6rm3,L50,3.4
RF02540,6zu5,L50,2.9
RF02540,6zsd,XA,3.7
RF02540,5mmm,A,3.4
RF02540,6nd6,2A,2.85
RF02540,4wqu,AA,2.8
RF02540,6n8k,1,3.6
RF02540,6snt,1,2.8
RF02540,4v9k,BA,3.5
RF02540,3j6b,A,3.2
RF02540,3j6b,A,3.2
RF02540,3j6b,A,3.2
RF02540,4v53,BB,3.54
RF02540,4v6c,BA,3.19
RF02540,5d8b,VC,3.63
RF02540,6wd7,1,3.9
RF02540,7mt7,A,2.71
RF02540,6xyw,1,3.86
RF02540,3ow2,,2.7
RF02540,7nww,1,3.05
RF02540,1k9m,A,3.0
RF02540,7as8,A,2.9
RF02540,4v9h,BA,2.857
RF02540,6tnn,U,3.07
RF02540,6xhx,1A,2.55
RF02540,5w4k,2A,2.7
RF02540,7top,A25S,2.4
RF02540,7p7s,A,3.0
RF02540,5doy,1A,2.6
RF02540,5o2r,A,3.4
RF02540,6rzz,A,3.2
RF02540,6n8l,1,3.6
RF02540,5ndv,1,3.3
RF02540,4v9m,DA,4.0
RF02540,6wdf,1,3.3
RF02540,4v63,DA,3.207
RF02540,5tga,5,3.3
RF02540,6i0y,A,3.2
RF02540,7rqe,2A,2.4
RF02540,5x8t,A,3.3
RF02540,7btb,1,3.22
RF02540,6w6l,t,3.84
RF02540,7azo,23SA,3.3
RF02540,6of1,1A,2.8
RF02540,4u4y,1,3.2
RF02540,4p70,RA,3.68
RF02540,7p6z,3,3.5
RF02540,7k55,1,3.3
RF02540,5hd1,2A,2.7
RF02540,4wqr,1H,3.15
RF02540,6z6k,C1,3.4
RF02540,4v9o,EA,2.9
RF02540,4v9a,DA,3.2999
RF02540,6bz6,YA,3.18
RF02540,4u4r,5,2.801
RF02540,7p7q,A,2.4
RF02540,4v8j,BA,3.9
RF02540,4v8n,DA,3.1
RF02540,7s1g,I,2.48
RF02540,6qnr,1H,3.1
RF02540,6r87,1,3.4
RF02540,6r84,1,3.6
RF02540,4v53,DB,3.54
RF02540,4wqy,AA,2.8
RF02540,4u3n,5,3.2
RF02540,6nu2,A,3.9
RF02540,6oj2,YA,3.2
RF02540,7n31,23,2.69
RF02540,5apn,5,3.91
RF02540,6nta,YA,3.1
RF02540,1ffk,,2.4
RF02540,4io9,X,3.2
RF02540,1p9x,,3.4
RF02540,5v8i,2A,3.25
RF02540,6gwt,A,3.8
RF02540,6pc7,I,2.5
RF02540,6z6l,L5,3.0
RF02540,1jzz,A,3.8
RF02540,6m62,1,3.2
RF02540,6ztj,BA,3.4
RF02540,4v7x,BA,3.0
RF02540,4v9b,BA,3.1
RF02540,1q86,A,3.0
RF02540,5vpp,YA,3.9
RF02540,6o8w,A,3.53
RF02540,6xqd,1A,2.8
RF02540,7nqh,BA,3.5
RF02540,6hd7,1,3.4
RF02540,5t2c,A,3.6
RF02540,6gxn,A,3.9
RF02540,7bhp,L5,3.3
RF02540,4wfa,X,3.392
RF02540,4tud,YA,3.6
RF02540,5dgv,5,3.1
RF02540,6zu1,BA,3.0
RF02540,5dfe,YA,3.09997551079
RF02540,4wsd,1H,2.95
RF02540,4z3s,1A,2.65
RF02540,7mt3,A,2.8
RF02540,5ib7,1H,2.99
RF02540,4v7l,BA,3.0
RF02540,6cfl,1A,2.6
RF02540,5w4k,1A,2.7
RF02540,5z3g,A,3.65
RF02540,7lh5,BA,3.27
RF02540,6v39,AN1,3.04
RF02540,7of5,A,2.9
RF02540,6vwm,2,3.4
RF02540,7aso,Y,3.11
RF02540,6y2l,L5,3.0
RF02540,7msm,A,2.79
RF02540,7ohv,1,3.9
RF02540,1yij,,2.6
RF02540,6oj2,RA,3.2
RF02540,4u50,5,3.2
RF02540,7ohy,1,3.9
RF02540,7oya,51,3.2
RF02540,7oya,51,3.2
RF02540,7m4x,A,2.66
RF02540,6wd8,1,3.7
RF02540,4w29,DA,3.8
RF02540,6d9j,5,3.2
RF02540,6olg,A2,3.4
RF02540,6ywv,A,3.03
RF02540,6sxo,L5,3.3
RF02540,4u25,BA,2.9
RF02540,2o43,A,3.6
RF02540,6hcf,52,3.9
RF02540,4v5b,AB,3.74
RF02540,5gad,A,3.7
RF02540,7n8b,A1,3.05
RF02540,6xzb,A2,2.54
RF02540,7oie,A,3.5
RF02540,4v83,BA,3.5
RF02540,7rq8,2A,2.5
RF02540,4tue,YA,3.5
RF02540,5kcr,1A,3.6
RF02540,1yjn,,3.0
RF02540,4u1v,BA,3.0
RF02540,4u55,1,3.2
RF02540,6o90,A,3.49
RF02540,7too,A25S,2.7
RF02540,5mei,AR,3.5
RF02540,4zsn,YA,3.6
RF02540,7oig,1,3.2
RF02540,6xu6,A5,3.5
RF02540,4v52,DB,3.21
RF02540,4v19,A,3.4
RF02540,6om7,t,3.7
RF02540,7md7,1A,2.8
RF02540,7jql,1A,3.0
RF02540,5tcu,B,3.9
RF02540,4www,YA,3.1
RF02540,5imq,D,3.8
RF02540,4v9s,BA,3.1
RF02540,4v5s,DA,3.1
RF02540,6ztn,BA,3.9
RF02540,4u27,DA,2.8
RF02540,4v9o,GA,2.9
RF02540,6s13,A,3.58
RF02540,5ndk,1H,2.95
RF02540,6r7q,5,3.9
RF02540,7a0r,X,3.3
RF02540,4v5f,BA,3.6
RF02540,7u2h,2A,2.55
RF02540,5czp,YA,3.2999592266
RF02540,4wfb,X,3.43
RF02540,5zet,A,3.2
RF02540,5uyk,01,3.9
RF02540,6frk,5,3.7
RF02540,7rqc,2A,2.5
RF02540,4wt8,D1,3.4
RF02540,6c5l,DA,3.2
RF02540,7qg8,N,3.97
RF02540,6xhw,2A,2.5
RF02540,6xz7,A,2.1
RF02540,4tub,YA,3.6
RF02540,5dgv,1,3.1
RF02540,6p5j,5,3.1
RF02540,6s0x,A,2.425
RF02540,4tue,RA,3.5
RF02540,4wfn,X,3.54
RF02540,1qa6,D,2.8
RF02540,4u56,1,3.45
RF02540,5u9f,01,3.2
RF02540,3jcs,1,2.8
RF02540,4v7w,BA,3.0
RF02540,4v7v,DA,3.2891
RF02540,5t2a,G,2.9
RF02540,5dox,1A,3.1
RF02540,4w2g,DA,2.55
RF02540,5jut,B,4.0
RF02540,6ylx,1,3.9
RF02540,5wf0,A,3.6
RF02540,6vyr,a,3.8
RF02540,5lzz,5,3.47
RF02540,1xbp,,3.5
RF02540,3j9m,A,3.5
RF02540,6woo,5,2.9
RF02540,4v7j,BA,3.3
RF02540,7o7y,B5,2.2
RF02540,4v9q,CA,3.4
RF02540,7st7,1,3.2
RF02540,7b5k,A,2.9
RF02540,4tua,RA,3.6
RF02540,5j7l,CA,3.0
RF02540,6gaw,BA,3.2
RF02540,4v6e,DA,3.712
RF02540,6zsa,XA,4.0
RF02540,4v5j,BA,3.1
RF02540,6yef,A,3.2
RF02540,6nwy,YA,3.5
RF02540,4yzv,YA,3.1
RF02540,5dge,5,3.45
RF02540,4lt8,RA,3.14000177152
RF02540,7p48,A,2.9
RF02540,3pip,X,3.45
RF02540,6ofx,1,3.3
RF02540,2o45,A,3.6
RF02540,7o19,BA,2.9
RF02540,5wfk,A,3.4
RF02540,1yi2,,2.65
RF02540,6zvk,e2,3.49
RF02540,5juo,B,4.0
RF02540,6gb2,BA,3.2
RF02540,4u4o,1,3.6
RF02540,6az3,2,2.5
RF02540,7p7r,A,2.9
RF02540,5j5b,DA,2.8
RF02540,5mdv,1,2.97
RF02540,5an9,N,3.3
RF02540,5hcq,2A,2.801
RF02540,3fwo,A,3.71
RF02540,7ls2,A2,3.1
RF02540,7n1p,23,2.33
RF02540,1njo,,3.7
RF02540,6x7k,a,3.1
RF02540,6b4v,B,3.4
RF02540,4wra,14,3.05
RF02540,4u4z,1,3.1
RF02540,5f8k,1A,2.8
RF02540,7ohu,1,3.7
RF02540,4v9i,DA,3.3
RF02540,5t5h,A,2.54
RF02540,6sj6,A,3.23
RF02540,5ju8,BA,3.6
RF02540,6ip5,1A,3.9
RF02540,7oh3,1,3.4
RF02540,7p3k,a,2.9
RF02540,7msh,A,3.23
RF02540,1vqk,,2.3
RF02540,5h4p,1,3.07
RF02540,3cma,,2.8
RF02540,6s0k,A,3.1
RF02540,6lss,2,3.23
RF02540,4v5e,BA,3.45
RF02540,5ndg,1,3.7
RF02540,7sae,A,3.0
RF02540,5lzs,5,3.31
RF02540,6z6j,C1,3.4
RF02540,5e81,1H,2.95
RF02540,4ypb,RA,3.4
RF02540,7of1,1,3.1
RF02540,6ip8,1A,3.9
RF02540,7pzy,1,2.32
RF02540,3g4s,,3.2
RF02540,4v7s,DA,3.2547
RF02540,4v95,DA,3.2
RF02540,6uo1,2A,2.95
RF02540,4v8f,AA,3.3
RF02540,1hc8,D,2.8
RF02540,5fcj,5,3.1
RF02540,1vq6,,2.7
RF02540,7qv2,V,3.5
RF02540,6spf,A,2.89
RF02540,1vvj,RA,3.44000111574
RF02540,4u51,1,3.2
RF02540,2qa4,,3.0
RF02540,1jzx,A,3.1
RF02540,6t7t,C1,3.1
RF02540,6c0f,1,3.7
RF02540,5el4,14,3.15
RF02540,5it8,DA,3.12
RF02540,7nwi,5,3.13
RF02540,1vq5,,2.6
RF02540,7nrc,LA,3.9
RF02540,7ood,3,3.4
RF02540,5ibb,14,2.96
RF02540,1q82,A,2.98
RF02540,5j30,RA,3.2
RF02540,5el6,1H,3.1
RF02540,7u2h,1A,2.55
RF02540,2aar,,3.5
RF02540,4woi,BA,3.0
RF02540,4lsk,YA,3.48000627319
RF02540,6vwl,2,3.1
RF02540,4v9j,BA,3.86
RF02540,6u48,CA,2.87
RF02540,6ys3,b,2.58
RF02540,7rq9,1A,2.6
RF02540,5nd8,A,3.7
RF02540,6nuo,YA,3.2
RF02540,6o8z,A,3.49
RF02540,3dll,X,3.5
RF02540,7ode,I,2.84
RF02540,6spb,A,2.82
RF02540,7jt2,1,3.5
RF02540,3cc2,,2.4
RF02540,5u4j,A,3.7
RF02540,7nhn,A,2.9
RF02540,1vq9,,2.4
RF02540,4wf9,X,3.427
RF02540,7acr,1,3.44
RF02540,2zjq,X,3.3
RF02540,7of7,A,2.5
RF02540,4v6c,DA,3.19
RF02540,7cpu,L5,2.82
RF02540,6bok,EB,3.55
RF02540,4zer,1A,3.1
RF02540,7azo,23SB,3.3
RF02540,6cfk,1A,2.7
RF02540,5ib8,1H,3.13
RF02540,4v8g,DA,3.0
RF02540,3jcd,A,3.7
RF02540,4v7w,DA,3.0
RF02540,6uz7,8,3.6
RF02540,6oxa,RA,3.25
RF02540,7k54,1,3.2
RF02540,4u55,5,3.2
RF02540,4v6d,BA,3.814
RF02540,5u9g,01,3.2
RF02540,6ope,YA,3.1
RF02540,5mdw,1,3.06
RF02540,1nwy,,3.3
RF02540,7ss9,1,3.9
RF02540,6d90,5,3.2
RF02540,7qiw,2,2.35
RF02540,7obr,5,2.8
RF02540,6o9k,A,4.0
RF02540,6mtc,5,3.4
RF02540,7as9,A,3.5
RF02540,7k53,1,3.2
RF02540,4wr6,14,3.05
RF02540,6pcq,I,2.6
RF02540,6ddd,1,3.1
RF02540,4v7v,BA,3.2891
RF02540,4v7u,BA,3.1
RF02540,7aqd,A,3.1
RF02540,6enu,A,3.1
RF02540,7s1j,I,2.47
RF02540,3cf5,X,3.3
RF02540,5l3p,A,3.7
RF02540,4u26,BA,2.8
RF02540,7ttu,1,3.0
RF02540,7k51,1,3.5
RF02540,4lfz,YA,3.92000059074
RF02540,7bt6,1,3.12
RF02540,4v8p,A1,3.52
RF02540,5mc6,BQ,3.8
RF02540,4v63,BA,3.207
RF02540,7p7t,A,2.9
RF02540,5lzu,5,3.75
RF02540,7m4z,A,2.92
RF02540,6o97,1A,2.75
RF02540,1k73,A,3.01
RF02540,6olz,A2,3.9
RF02540,7n2u,23,2.53
RF02540,6wdm,1,3.6
RF02540,6n1d,B23S,3.2
RF02540,4z8c,2A,2.9
RF02540,6wnv,4,3.5
RF02540,7jqm,1A,3.05
RF02540,5lze,A,3.5
RF02540,7cpj,A,3.3
RF02540,6yss,A,2.6
RF02540,6xhw,1A,2.5
RF02540,3jcs,2,2.8
RF02540,3j7y,A,3.4
RF02540,4wq1,1H,3.1
RF02540,7unv,A,2.7
RF02540,7po4,A,2.56
RF02540,5tgm,1,3.5
RF02540,6nsh,YA,3.397
RF02540,4v7y,BA,3.0
RF02540,6xza,A2,2.66
RF02540,7jt1,1,3.3
RF02540,1jzy,A,3.5
RF02540,7oid,A,3.7
RF02540,6olf,t,3.9
RF02540,7jss,1,3.7
RF02540,6pcs,I,2.8
RF02540,6t7i,C1,3.2
RF02540,4tuc,RA,3.6
RF02540,1vq4,,2.7
RF02540,4v87,DA,3.1
RF02540,4v85,BA,3.2
RF02540,6ysr,A,3.1
RF02540,5wis,2A,2.703
RF02540,7oj0,a,3.5
RF02540,4v9c,BA,3.3
RF02540,6oxi,YA,3.495
RF02540,6osq,1,3.5
RF02540,4wzo,1H,3.3
RF02540,7msc,A,2.97
RF02540,6zmi,L5,2.6
RF02540,7ohx,1,3.3
RF02540,3j7q,5,3.4
RF02540,6gsk,14,3.36
RF02540,5j91,CA,2.96
RF02540,7jil,1,2.8
RF02540,3pio,X,3.2473
RF02540,5ibb,1H,2.96
RF02540,6sv4,BQ,3.3
RF02540,6o97,2A,2.75
RF02540,7o81,B5,3.1
RF02540,2zjr,X,2.91
RF02540,4v9n,BA,3.4
RF02540,7rqa,1A,2.4
RF02540,7m4y,A,2.5
RF02540,4v7z,DA,3.1
RF02540,1jj2,,2.4
RF02540,1njp,,3.5
RF02540,4v8h,DA,3.1
RF02540,5e81,14,2.95
RF02540,4u25,DA,2.9
RF02540,6em1,1,3.6
RF02540,5fdu,2A,2.9
RF02540,4v8x,DA,3.35
RF02540,5obm,5,3.4
RF02540,6eri,AA,3.0
RF02540,6pc6,I,2.5
RF02540,4v9q,AA,3.4
RF02540,4v6d,DA,3.814
RF02540,6xa1,L5,2.8
RF02540,5vp2,1A,2.8
RF02540,4u26,DA,2.8
RF02540,6ri5,A,3.3
RF02540,6r6g,5,3.7
RF02540,6qik,A,3.1
RF02540,5hl7,X,3.55
RF02540,4v8p,H1,3.52
RF02540,5dm7,X,3.0
RF02540,5jvg,X,3.428
RF02540,6skf,BA,2.95
RF02540,4v9k,DA,3.5
RF02540,7pkt,3,3.0
RF02540,6wd4,1,3.7
RF02540,5fdv,2A,2.8
RF02540,6zsg,XA,4.0
RF02540,5czp,RA,3.2999592266
RF02540,5mei,1,3.5
RF02540,4v97,DA,3.516
RF02540,4v7t,BA,3.1942
RF02540,4v67,BA,3.0
RF02540,5j88,DA,3.32
RF02540,7r81,A1,2.7
RF02540,4v7x,DA,3.0
RF02540,7olc,1,2.9
RF02540,6v3b,AN1,2.91
RF02540,5umd,A,3.2
RF02540,6p5n,5,3.2
RF02540,1vqn,,2.4
RF02540,7a5h,A,3.3
RF02540,5mgp,A,3.1
RF02540,6xhv,2A,2.4
RF02540,7rqb,2A,2.45
RF02540,7nhl,A,3.1
RF02540,6bu8,01,3.5
RF02540,6zs9,XA,4.0
RF02540,1yjw,,2.9
RF02540,5j3c,RA,3.04
RF02540,6zm6,A,2.59
RF02540,6i7v,DA,2.9
RF02540,5hd1,1A,2.7
RF02540,5mre,A,3.75
RF02540,5mre,A,3.75
RF02540,5mre,A,3.75
RF02540,5fcj,1,3.1
RF02540,4v6a,DA,3.1
RF02540,5on6,1,3.10000240787
RF02540,5jte,BA,3.6
RF02540,6gsj,1H,2.96
RF02540,4v57,DB,3.5
RF02540,7qv1,V,3.5
RF02540,4v55,DB,4.0
RF02540,5j4b,2A,2.6
RF02540,7a5k,A3,3.7
RF02540,6qnq,14,3.5
RF02540,6ndk,YA,3.64
RF02540,6q95,1,3.7
RF02540,4u1u,BA,2.95
RF02540,3cc4,,2.7
RF02540,5vpo,YA,3.34
RF02540,5ndk,14,2.95
RF02540,7oyb,51,2.4
RF02540,7oyb,51,2.4
RF02540,7m4w,A,2.55
RF02540,6wnt,4,3.1
RF02540,7bl6,A,4.0
RF02540,4v57,BB,3.5
RF02540,5dat,5,3.15
RF02540,5el5,14,3.15
RF02540,1vy7,DA,2.8
RF02540,4v6g,BA,3.5
RF02540,7o1c,BA,2.6
RF02540,5el4,1H,3.15
RF02540,4v8q,AA,3.1
RF02540,7azs,23SA,3.1
RF02540,6uz7,5,3.6
RF02540,4v8c,BA,3.3
RF02540,3g6e,,2.7
RF02540,4zer,2A,3.1
RF02540,4v9p,AA,2.9
RF02540,5lzv,5,3.35
RF02540,7u2i,2A,2.55
RF02540,6oli,t,3.5
RF02540,5apo,5,3.41
RF02540,7of0,A,2.2
RF02540,5d8b,ZC,3.63
RF02540,4v4q,DB,3.46
RF02540,7oi7,A,3.5
RF02540,7ac7,1,3.08
RF02540,7bl2,A,3.7
RF02540,1vy6,BA,2.9
RF02540,6pj6,I,2.2
RF02540,3j9w,BA,3.9
RF02540,4v64,BB,3.5
RF02540,2otj,,2.9
RF02540,4u3u,1,2.9
RF02540,1njm,,3.6
RF02540,6z6n,L5,2.9
RF02540,5iqr,1,3.0
RF02540,3cme,,2.95
RF02540,5kps,28,3.9
RF02540,5hkv,X,3.66
RF02540,4u3m,1,3.0
RF02540,6y0g,L5,3.2
RF02540,4v5g,DA,3.6
RF02540,4v5q,DA,3.1
RF02540,5hcq,1A,2.801
RF02540,6bz6,RA,3.18
RF02540,5nd9,A,3.7
RF02540,3ccm,,2.55
RF02540,3jan,5,3.75
RF02540,7lv0,1,3.2
RF02540,6bz7,RA,3.68
RF02540,4wpo,CA,2.8
RF02540,1qvg,,2.9
RF02540,6vmi,A,2.96
RF02540,4u4z,5,3.1
RF02540,5xxb,1,3.17
RF02540,3g71,,2.85
RF02540,6wqn,1,2.9
RF02540,4u4q,1,3.0
RF02540,5jup,B,3.5
RF02540,6zj3,LH,3.15
RF02540,6nwy,RA,3.5
RF02540,3j7p,5,3.5
RF02540,1z58,2,3.8
RF02540,5i4l,5,3.1
RF02540,6cfl,2A,2.6
RF02540,2otl,,2.7
RF02540,5mdz,1,3.1
RF02540,7msz,A,3.1
RF02540,6c5l,BA,3.2
RF02540,6nd5,1A,2.6
RF02540,4v84,DA,3.4
RF02540,7ucj,5,3.1
RF02540,7pjy,A,3.1
RF02540,7uck,5,2.8
RF02540,4ybb,DA,2.1
RF02540,4w2f,BA,2.4
RF02540,6xhv,1A,2.4
RF02540,6cfj,2A,2.8
RF02540,6q8y,BQ,3.1
RF02540,7n2v,23,2.54
RF02540,7q0f,1,2.64
RF02540,5dfe,RA,3.09997551079
RF02540,6lqm,2,3.09
RF02540,6ylg,1,3.0
RF02540,5j4c,2A,2.8
RF02540,5wfs,A,3.0
RF02540,6xdq,a,3.7
RF02540,6gxm,A,3.8
RF02540,7k00,a,1.98
RF02540,6pcr,I,2.5
RF02540,6wd2,1,3.6
RF02540,6otr,YA,3.12
RF02540,4v8o,BA,3.8
RF02540,6xqe,2A,3.0
RF02540,7o5b,X,3.33
RF02540,6yst,A,3.2
RF02540,6wdi,1,4.0
RF02540,4v8u,DA,3.7
RF02540,3jq4,A,3.52
RF02540,1j5a,A,3.5
RF02540,4v87,AA,3.1
RF02540,4ug0,L5,3.6
RF02540,5j7l,DA,3.0
RF02540,1k8a,A,3.0
RF02540,2zjp,X,3.7
RF02540,7pwg,1,2.75
RF02540,6tbv,23S1,2.7
RF02540,7bv8,A,3.14
RF02540,4tud,RA,3.6
RF02540,4v9r,BA,3.0
RF02540,1fg0,A,3.0
RF02540,5nrg,X,3.442
RF02540,6ole,t,3.1
RF02540,6of6,RA,3.2
RF02540,6ouo,1,3.7
RF02540,7u2j,2A,2.55
RF02540,1mms,C,2.57
RF02540,5j4d,B,3.1
RF02540,6tnu,BQ,3.1
RF02540,7oi8,A,3.5
RF02540,6om6,1,3.1
RF02540,7s0s,C,3.05
RF02540,7osa,25S,3.0
RF02540,3jaj,5,3.75
RF02540,5d8h,A,2.8
RF02540,6xu8,A5,3.0
RF02540,5el7,1H,3.15
RF02540,7cpv,L5,3.03
RF02540,4u4u,5,3.0
RF02540,4v8h,BA,3.1
RF02540,6bok,B,3.55
RF02540,4wzo,14,3.3
RF02540,5xym,A,3.08
RF02540,1vy6,DA,2.9
RF02540,4w2i,BA,2.7
RF02540,4v7m,DA,3.45
RF02540,6lu8,2,3.13
RF02540,1w2b,,3.5
RF02540,4p6f,RA,3.6
RF02540,7u2j,1A,2.55
RF02540,5lyb,5,3.25
RF02540,4y4o,2A,2.3
RF02540,4v90,BA,2.95
RF02540,4v8u,BA,3.7
RF02540,6qnr,14,3.1
RF02540,7q0r,1,2.67
RF02540,5uyl,01,3.6
RF02540,1vq8,,2.2
RF02540,4v83,DA,3.5
RF02540,6czr,1A,3.14
RF02540,1k01,A,3.5
RF02540,6y69,A,2.86
RF02540,5el6,14,3.1
RF02540,7ssl,1,3.8
RF02540,4v9o,AA,2.9
RF02540,5e7k,14,3.2
RF02540,7pkt,7,3.0
RF02540,6t83,Aa,4.0
RF02540,1kqs,,3.1
RF02540,4wpo,AA,2.8
RF02540,7oia,A,3.2
RF02540,7rqb,1A,2.45
RF02540,7rqd,2A,2.5
RF02540,7o7z,B5,2.4
RF02540,5oom,A,3.03
RF02540,4ioc,X,3.6
RF02540,6ysu,A,3.7
RF02540,6bz8,YA,3.74
RF02540,4lfz,RA,3.92000059074
RF02540,4wro,1H,3.05
RF02540,6spd,A,3.28
RF02540,6gz4,A2,3.6
RF02540,7odt,A,3.1
RF02540,6qdw,b,2.83
RF02540,4u4n,1,3.1
RF02540,7a18,X,3.4
RF02540,5j8b,A,2.6
RF02540,7ohw,1,3.5
RF02540,4v9n,DA,3.4
RF02540,5j5b,CA,2.8
RF02540,5dgf,5,3.3
RF02540,7k50,1,3.4
RF02540,1njn,,3.7
RF02540,1y69,,3.33
RF02540,4zsn,RA,3.6
RF02540,6wdj,1,3.7
RF02540,6o3m,RA,3.97
RF02540,5hau,1A,3.0
RF02540,6wdg,1,3.3
RF02540,5o61,A,3.31
RF02540,4u20,BA,2.9
RF02540,1kc8,A,3.01
RF02540,3jbv,b,3.32
RF02540,7qws,5,3.4
RF02540,6th6,BA,2.55
RF02540,6ztl,BA,3.5
RF02540,6i9r,A,3.9
RF02540,5dat,1,3.15
RF02540,6tb3,BQ,2.8
RF02540,4xej,A23S,3.8
RF02540,6s47,AA,3.28
RF02540,4v5c,DA,3.3
RF02540,4v6e,BA,3.712
RF02540,3cxc,,3.0
RF02540,5t5h,B,2.54
RF02540,4wqf,CA,2.8
RF02540,6wd5,1,3.6
RF02540,1vql,,2.3
RF02540,6gsl,1H,3.16
RF02540,6c4h,A,3.1
RF02540,5j4d,GB,3.1
RF02540,6dnc,B,3.7
RF02540,6n8m,A,3.5
RF02540,7rq9,2A,2.6
RF02540,6sgc,54,2.8
RF02540,7s1k,I,2.42
RF02540,1qvf,,3.1
RF02540,4v88,A1,3.0
RF02540,3cce,,2.75
RF02540,7rq8,1A,2.5
RF02540,7jt3,1,3.7
RF02540,5m1j,14,3.3
RF02540,1q81,A,2.95
RF02540,6x7f,a,3.5
RF02540,7jsw,1,3.8
RF02540,4lsk,RA,3.48000627319
RF02540,4v8d,BA,3.0
RF02540,7ryh,A,2.43
RF02540,6enj,A,3.7
RF02540,6buw,YA,3.5
RF02540,6n8j,1,3.5
RF02540,5i4l,1,3.1
RF02540,6buw,RA,3.5
RF02540,4v4i,w,3.71
RF02540,5d6g,,3.3
RF02540,4v7m,BA,3.45
RF02540,4v84,BA,3.4
RF02540,4v9i,BA,3.3
RF02540,7qep,1,2.7
RF02540,6otr,RA,3.12
RF02540,5doy,2A,2.6
RF02540,7og4,XA,3.8
RF02540,5afi,A,2.9
RF02540,6orl,1,3.5
RF02540,4v8p,D1,3.52
RF02540,6mte,5,3.4
RF02540,5fci,5,3.4
RF02540,3j79,A,3.2
RF02540,7mt2,A,2.76
RF02540,6ope,RA,3.1
RF02540,7qgn,N,3.37
RF02540,6pc8,I,2.9
RF02540,6boh,B,3.4
RF02540,6wd0,1,3.0
RF02540,6zm7,L5,2.7
RF02540,4wsm,14,3.3
RF02540,7oi9,A,3.3
RF02540,6i7v,CA,2.9
RF02540,6yws,A,2.74
RF02540,5wit,1A,2.6
RF02540,6wd6,1,3.7
RF02540,6bz8,RA,3.74
RF02540,1nwx,,3.5
RF02540,6s12,A,3.2
RF02540,7rqe,1A,2.4
RF02540,4v9r,DA,3.0
RF02540,3jai,5,3.65
RF02540,7oif,1,3.0
RF02540,6x6t,a,3.2
RF02540,4v9p,EA,2.9
RF02540,7a5i,A3,3.7
RF02540,3ja1,LA,3.6
RF02540,4v5d,DA,3.5
RF02540,7ttw,1,2.9
RF02540,6wd1,1,3.3
RF02540,6az3,1,2.5
RF02540,7n30,23,2.66
RF02540,4lt8,YA,3.14000177152
RF02540,2ogm,,3.5
RF02540,4v7j,AA,3.3
RF02540,6wyv,I,2.75
RF02540,7tos,23S,2.9
RF02540,7s9u,A,3.2
RF02540,5el5,1H,3.15
RF02540,4u24,DA,2.9
RF02540,4u52,5,3.0
RF02540,3ccv,,2.9
RF02540,4u67,X,3.65
RF02540,7nwt,1,2.66
RF02540,4wqf,AA,2.8
RF02540,5v7q,A,3.7
RF02540,4wt8,C1,3.4
RF02540,6cfj,1A,2.8
RF02540,6zsc,XA,3.5
RF02540,6ha1,A,3.1
RF02540,7nhm,A,3.1
RF02540,5zlu,V,3.6
RF02540,6n9e,1A,3.7
RF02540,5hcp,1A,2.894
RF02540,5uyp,01,3.9
RF02540,4u4n,5,3.1
RF02540,6fkr,2A,3.2
RF02540,6gqb,1,3.9
RF02540,4z8c,1A,2.9
RF02540,6z1p,Ab,3.7
RF02540,6uo1,1A,2.95
RF02540,5x8p,A,3.4
RF02540,4v9m,BA,4.0
RF02540,1vy7,BA,2.8
RF02540,4v4h,BB,3.46
RF02540,5a8l,A,3.8
RF02540,4u3n,1,3.2
RF02540,4u4u,1,3.0
RF02540,5we6,A,3.4
RF02540,4v5g,BA,3.6
RF02540,4v8i,DA,2.7
RF02540,6ywx,A,3.1
RF02540,4tub,RA,3.6
RF02540,7azs,23SB,3.1
RF02540,6gz3,A2,3.6
RF02540,5u4i,A,3.5
RF02540,5gak,1,3.88
RF02540,4u53,5,3.3
RF02540,4ypb,YA,3.4
RF02540,6wru,1,3.1
RF02540,6hcj,51,3.8
RF02540,4lel,RA,3.90000024172
RF02540,4wzd,1H,3.1
RF02540,7ssd,1,3.3
RF02540,6ore,1,2.9
RF02540,4wro,14,3.05
RF02540,5lks,L5,3.6
RF02540,1m90,A,2.8
RF02540,4y4p,2A,2.5
RF02540,6by1,CA,3.94
RF02540,4v8p,F1,3.52
RF02540,3i56,,2.9
RF02540,1vy5,BA,2.55
RF02540,6om0,t,3.1
RF02540,5lzw,5,3.53
RF02540,6bz7,YA,3.68
RF02540,4v9f,,2.404
RF02540,4v9d,DA,3.0
RF02540,6nd6,1A,2.85
RF02540,4v7l,DA,3.0
RF02540,4v8e,CA,3.3
RF02540,4v9l,BA,3.5
RF02540,7n2c,23,2.72
RF02540,7a5k,8,3.7
RF02540,6ddg,1,3.1
RF02540,4v9j,DA,3.86
RF02540,5hau,2A,3.0
RF02540,6nta,RA,3.1
RF02540,6vys,a,3.7
RF02540,7f5s,L5,2.72
RF02540,4v8b,DA,3.0
RF02540,4v5f,DA,3.6
RF02540,5t62,A,3.1
RF02540,6zm5,A,2.89
RF02540,6gsj,14,2.96
RF02540,6fkr,1A,3.2
RF02540,5we4,A,3.1
RF02540,6xhx,2A,2.55
RF02540,4v6a,BA,3.1
RF02540,7qi4,A,2.21
RF02540,4u24,BA,2.9
RF02540,6zj3,LI,3.15
RF02540,6wdk,1,3.6
RF02540,7nwg,51,3.8
RF02540,6s0z,A,2.3
RF02540,5j91,DA,2.96
RF02540,5dm6,X,2.9
RF02540,4v8a,AA,3.2
RF02540,5ndw,1,3.7
RF02540,4w2g,BA,2.55
RF02540,6nsh,RA,3.397
RF02540,4www,RA,3.1
RF02540,3j92,5,3.6
RF02540,5jvh,X,3.58
RF02540,7nql,BA,3.4
RF02540,4v50,BB,3.22
RF02540,5hcr,1A,2.8
RF02540,6wde,1,3.0
RF02540,5ib8,14,3.13
RF02540,3j9z,LA,3.6
RF02540,7nbu,a,3.11
RF02540,4u52,1,3.0
RF02540,4v8x,BA,3.35
RF02540,4v8a,BA,3.2
RF02540,6t83,1b,4.0
RF02540,7l20,A,3.15
RF02540,7l08,A,3.49
RF02540,6skg,BA,2.65
RF02540,7qwq,5,2.83
RF02540,5njt,U,3.8
RF02540,6sv4,YQ,3.3
RF02540,6hma,A,2.65
RF02540,6cae,1A,2.6
RF02540,7ot5,1,2.9
RF02540,6enf,A,3.2
RF02540,4v54,DB,3.3
RF02540,6dzi,A,3.46
RF02540,4v54,BB,3.3
RF02540,6vu3,a,3.7
RF02540,5uq7,A,3.5
RF02540,7asp,Y,2.86
RF02540,7odr,A,2.9
RF02540,7oii,1,3.0
RF02540,1n8r,A,3.0
RF02540,2qex,,2.9
RF02540,5ndj,1H,3.15
RF02540,4v9l,DA,3.5
RF02540,4l71,YA,3.90000100875
RF02540,4v5b,CB,3.74
RF02540,7bl5,A,3.3
RF02540,5ool,A,3.06
RF02540,1nji,A,3.0
RF02540,4l47,YA,3.22000098079
RF02540,6cfk,2A,2.7
RF02540,4p6f,YA,3.6
RF02540,5lyb,1,3.25
RF02540,5gah,A,3.8
RF02540,6xhy,2A,2.6
RF02540,3jag,5,3.65
RF02540,4v55,BB,4.0
RF02540,5j8a,CA,3.1
RF02540,4v5r,BA,3.1
RF02540,6ot3,1,3.9
RF02540,1m1k,A,3.2
RF02540,4u1u,DA,2.95
RF02540,5wit,2A,2.6
RF02540,3jcs,4,2.8
RF02540,3ccl,,2.9
RF02540,5uyn,01,4.0
RF02540,5f8k,2A,2.8
RF02540,6mtb,5,3.6
RF02540,1ffz,A,3.2
RF02540,4v7k,AA,3.6
RF02540,6n8o,A,3.5
RF02540,4u4y,5,3.2
RF02540,5uym,01,3.2
RF02540,3i55,,3.11
RF02540,7nfx,5,3.2
RF02540,6gz5,A2,3.5
RF02540,6gc8,A,3.8
RF02540,5lzy,5,3.99
RF02540,4v7k,BA,3.6
RF02540,5ib7,14,2.99
RF02540,7jsz,1,3.7
RF02540,3ccs,,2.95
RF02540,6ogf,1,3.9
RF02540,7q08,1,2.56
RF02540,7ls1,A2,3.3
RF02540,4v5q,BA,3.1
RF02540,5xy3,1,3.2
RF02540,6osk,1,3.6
RF02540,7lvk,I,2.2
RF02540,4v5c,BA,3.3
RF02540,4w2h,BA,2.7
RF02540,7unr,A,2.9
RF02540,3cc7,,2.7
RF02540,4v9b,DA,3.1
RF02540,7o9m,A,2.6
RF02540,4ybb,CA,2.1
RF02540,7sso,1,3.2
RF02540,2d3o,,3.35
RF02540,1kd1,A,3.0
RF02540,3j9y,A,3.9
RF02540,7rqc,1A,2.5
RF02540,7b7d,LA,3.3
RF02540,6nd5,2A,2.6
RF02540,5gae,A,3.33
RF02540,4v9p,CA,2.9
RF02540,6qkl,N,3.3
RF02540,7rqa,2A,2.4
RF02540,1q7y,A,3.2
RF02540,4u1v,DA,3.0
RF02540,6lkq,t,3.1
RF02540,5j8a,DA,3.1
RF02540,4v7y,DA,3.0
RF02540,6q97,1,3.9
RF02540,6zme,L5,3.0
RF02540,4v8c,AA,3.3
RF02540,7otc,A,2.9
RF02540,4v5d,BA,3.5
RF02540,6em3,1,3.2
RF02540,5vpo,RA,3.34
RF02540,4v6g,DA,3.5
RF02540,4v51,DA,2.8
RF02540,4v9d,CA,3.0
RF02540,4v6f,DA,3.1
RF02540,6ha8,A,3.5
RF02540,7ryf,A,2.65
RF02540,4v8n,BA,3.1
RF02540,6n9f,2A,3.7
RF02540,6zj3,LF,3.15
RF02540,6z6m,L5,3.1
RF02540,7of6,A,2.6
RF02540,6ppf,A,3.4
RF02540,7oiz,a,2.9
RF02540,7acj,1,3.2
RF02540,4wqy,CA,2.8
RF02540,4v8i,BA,2.7
RF02540,6oxi,RA,3.495
RF02540,5j4c,1A,2.8
RF02540,6zj3,LC,3.15
RF02540,5v93,A,4.0
RF02540,6ztp,BA,3.0
RF02540,7ssw,1,3.8
RF02540,4v7r,B1,4.0
RF02540,6wdb,1,4.0
RF02540,6wd9,1,3.7
RF02540,4v88,A5,3.0
RF02540,7azy,E,2.877
RF02540,6r6p,5,3.1
RF02540,6r5q,5,3.0
RF02540,6tpq,U,3.07
RF02540,4u56,5,3.45
RF02540,6ndk,RA,3.64
RF02540,3jce,A,3.2
RF02540,6wnw,4,3.2
RF02540,4lnt,RA,2.94000009954
RF02540,6s05,A,3.9
RF02540,5hcp,2A,2.894
RF02540,7pjv,A,3.1
RF02540,6v3a,AN1,2.82
RF02540,6n9e,2A,3.7
RF02540,5lzd,A,3.4
RF02540,5tbw,1,3.0
RF02540,7of3,A,2.7
RF02540,4v7p,BA,3.62
RF02540,7qh6,A,3.08
RF02540,7aqc,A,2.99
RF02540,7qwr,5,2.9
RF02540,6gqv,1,4.0
RF02540,1vqp,,2.25
RF02540,5nwy,N,2.9
RF02540,6xir,1,3.2
RF02540,6ysi,1,2.5
RF02540,4wt1,1H,3.05
RF02540,4v7z,BA,3.1
RF02540,6wda,1,3.8
RF02540,7o9k,A,3.1
RF02540,6qt0,A,3.4
RF02540,7bl4,A,2.4
RF02540,6elz,1,3.3
RF02540,5lza,A,3.6
RF02540,6boh,GB,3.4
RF02540,1yhq,,2.4
RF02540,5fdv,1A,2.8
RF02540,3cd6,,2.75
RF02540,4v56,DB,3.93
RF02540,4wf1,DA,3.09
RF02540,6yly,1,3.8
RF02540,7d6z,A,3.4
RF02540,4v8d,DA,3.0
RF02540,6by1,DA,3.94
RF02540,6vyq,a,3.7
RF02540,6o8x,A,3.68
RF02540,3ccu,,2.8
RF02540,5j30,YA,3.2
RF02540,5dar,A,2.9
RF02540,4u27,BA,2.8
RF02540,7tor,A28S,2.9
RF02540,6nuo,RA,3.2
RF02540,5vp2,2A,2.8
RF02540,5tga,1,3.3
RF02540,5li0,A,3.8
RF02540,5fdu,1A,2.9
RF02540,7nsq,A,3.1
RF02540,6mtd,5,3.3
RF02540,6gzq,A1,3.28
RF02540,6gbz,A,3.8
RF02540,6vwn,2,3.4
RF02540,4y4o,1A,2.3
RF02540,6qtz,A,3.5
RF02540,7bl3,A,3.5
RF02540,4v6f,AA,3.1
RF02540,4v97,BA,3.516
RF02540,6wrs,1,3.2
RF02540,7nsj,BA,3.9
RF02540,7k52,1,3.4
RF02540,4u6f,1,3.1
RF02540,6wd3,1,3.6
RF02540,1sm1,,3.42
RF02540,4v56,BB,3.93
RF02540,7pkt,8,3.0
RF02540,4v64,DB,3.5
RF02540,7osm,25S,3.0
RF02540,4wf1,BA,3.09
RF02540,6p5k,5,3.1
RF02540,4v5l,BA,3.1
RF02540,4w4g,RA,3.3
RF02540,4w29,BA,3.8
RF02540,5t7v,B,3.6
RF02540,7ohp,1,3.9
RF02540,4v9c,DA,3.3
RF02540,4v4j,w,3.83
RF02540,6pct,I,2.8
RF02540,7oib,A,3.3
RF02540,3jbu,b,3.64
RF02540,7mdz,5,3.2
RF02540,6zj3,LE,3.15
RF02540,5gag,A,3.8
RF02540,5hcr,2A,2.8
RF02540,5ndg,5,3.7
RF02540,6gc0,A,3.8
RF02540,5el7,14,3.15
RF02540,1mms,D,2.57
RF02540,7kgb,A,2.7
RF02540,4wqu,CA,2.8
RF02540,4u4r,1,2.801
RF02540,7toq,A25S,3.1
RF02540,7nhk,A,2.9
RF02540,6ft6,1,3.9
RF02540,4v89,BA,3.7
RF02540,4v5a,BA,3.5
RF02540,4v5k,DA,3.2
RF02540,4u53,1,3.3
RF02540,5lzx,5,3.67
RF02540,3ccq,,2.9
RF02540,4v52,BB,3.21
RF02540,7lh5,DA,3.27
RF02540,4v67,DA,3.0
RF02540,5t2a,B,2.9
RF02540,6wu9,A,2.9
RF02540,5kpw,27,3.9
RF02540,6pvk,A,3.4
RF02540,4tua,YA,3.6
RF02540,7asn,A,2.73
RF02540,3jcj,A,3.7
RF02540,6ywy,A,3.05
RF02540,4y4p,1A,2.5
RF02540,4lel,YA,3.90000024172
RF02540,4w2e,A,2.9
RF02540,3jah,5,3.45
RF02540,6pc5,I,2.7
RF02540,7asa,A,3.5
RF02540,5uq8,A,3.2
RF02540,6ztm,BA,3.3
RF02540,7a0s,X,3.22
RF02540,2o44,A,3.3
RF02540,5dgf,1,3.3
RF02540,4yzv,RA,3.1
RF02540,4v5p,DA,3.1
RF02540,4u20,DA,2.9
RF02540,4uy8,A,3.8
RF02540,6xqe,1A,3.0
RF02540,7jqm,2A,3.05
RF02540,6hrm,1,2.96
RF02540,5jc9,DA,3.03
RF02540,6of1,2A,2.8
RF02540,7s1h,I,2.35
RF02540,7ug7,23,2.58
RF02540,6ucq,2A,3.5
RF02540,3j7o,5,3.4
RF02540,5aj0,A2,3.5
RF02540,6r86,1,3.4
RF02540,5j4b,1A,2.6
RF02540,4u4q,5,3.0
RF02540,6dzp,A,3.42
RF02540,3jct,1,3.08
RF02540,7st2,1,2.9
RF02540,4v91,1,3.7
RF02540,4lnt,YA,2.94000009954
RF02540,6vlz,A,2.97
RF02540,4v4q,BB,3.46
RF02540,5lzt,5,3.65
RF02540,6xhy,1A,2.6
RF02540,6p5i,5,3.1
RF02540,6hhq,1,3.10000049683
RF02540,4z3s,2A,2.65
RF02540,7m4v,A,2.54
RF02540,1nkw,,3.1
RF02540,4wce,X,3.526
RF02540,6og7,1,3.3
RF02540,6szs,A,3.06
RF02540,7a5j,A,3.1
RF02540,5h5u,A,3.01
RF02540,1vqm,,2.3
RF02540,6n8n,A,3.8
RF02540,4wr6,1H,3.05
RF02540,7oic,A,3.1
RF02540,4v5j,DA,3.1
RF02540,4v50,DB,3.22
RF02540,4u50,1,3.2
RF02540,4v8j,DA,3.9
RF02540,5dge,1,3.45
RF02540,6wdd,1,3.2
RF02540,4v9o,CA,2.9
RF02540,4v51,BA,2.8
RF02540,5dox,2A,3.1
RF02540,4u4o,5,3.6
RF02540,2ogo,,3.66
RF02540,6wqq,1,3.1
RF02540,6tc3,23S1,2.7
RF02540,4u3u,5,2.9
RF02540,6qul,A,3.0
RF02540,5dar,D,2.9
RF02540,5dc3,1,3.25
RF02540,1yit,,2.8
RF02540,3ccj,,3.3
RF02540,6ogi,1,3.4
RF02540,4u6f,5,3.1
RF02540,6spg,A,3.34
RF02540,7p7u,A,3.1
RF02540,5e7k,1H,3.2
RF02540,6qnq,1H,3.5
RF02540,6o3m,YA,3.97
RF02540,6o9j,B,3.9
RF02540,5jc9,CA,3.03
RF02540,1s72,,2.4
RF02540,5ngm,AA,2.9
RF02540,4wsm,1H,3.3
RF02540,1hc8,C,2.8
RF02540,7of2,A,2.7
RF02540,6y57,L5,3.5
RF02540,7asm,A,2.48
RF02540,1yj9,,2.8
RF02540,4w2f,DA,2.4
RF02540,1vy4,DA,2.6
RF02540,1vqo,,2.2
RF02540,7ohq,1,3.1
RF02540,7nsp,A,3.5
RF02540,7pjw,A,4.0
RF02540,4u51,5,3.2
RF02540,2ogn,,3.56
RF02540,4w4g,YA,3.3
RF02540,1vq7,,2.5
RF02540,6b4v,FB,3.4
RF02540,4v8f,DA,3.3
RF02540,7pd3,A,3.4
RF02540,7ssn,1,3.2
RF02540,6oig,5,3.8
RF02540,1vy5,DA,2.55
RF02540,6of6,YA,3.2
RF02540,5wis,1A,2.703
RF02540,5np6,Y,3.6
RF02540,4v5a,DA,3.5
RF02540,7o80,B5,2.9
RF02540,7rqd,1A,2.5
RF02540,6ywe,A,2.99
RF02540,4v4h,DB,3.46
RF02540,4v8g,BA,3.0
RF02540,5ndv,5,3.3
RF02540,7ods,A,3.1
RF02540,7abz,1,3.21
RF02540,4w2i,DA,2.7
RF02540,4v7u,DA,3.1
RF02540,5zep,A,3.4
RF02540,6hhq,AR,3.10000049683
RF02540,5mdy,1,3.35
RF02540,7unu,A,2.9
RF02540,6ord,YA,3.1
RF02540,4wzd,14,3.1
RF02540,4v7s,BA,3.2547
RF02540,7o1a,BA,2.4
RF02540,5j3c,YA,3.04
RF02540,6t4q,C1,2.6
RF02540,6lsr,2,3.13
RF02540,7f0d,A,3.3
RF02540,6pch,I,2.9
RF02540,4w2h,DA,2.7
RF02540,7old,1,3.0
RF02540,4wsd,14,2.95
RF02540,5it7,5,3.6
RF02540,4wqr,14,3.15
RF02540,5juu,B,4.0
RF02540,5mmi,A,3.2
RF02540,4v7t,DA,3.1942
RF02540,4v5e,DA,3.45
RF02540,6w6p,A,2.9
RF02540,4v9s,DA,3.1
RF02540,4v5s,BA,3.1
RF02540,6qzp,L5,2.9
RF02540,5ndw,5,3.7
RF02540,7ope,A,3.2
RF02540,7md7,2A,2.8
RF02540,6h4n,A,3.0
RF02540,5tgm,5,3.5
RF02540,4woi,CA,3.0
RF02540,4v5r,DA,3.1
RF02540,5uyq,01,3.8
RF02540,4wra,1H,3.05
RF02540,7u2i,1A,2.55
RF02540,6sv4,ZQ,3.3
RF02540,3moj,A,2.902
RF02540,6ydp,BA,3.0
RF02540,7mpj,A1,2.7
RF02540,4wu1,14,3.2
RF02540,6wdl,1,3.7
RF02540,4l47,RA,3.22000098079
RF02540,5zeb,A,3.4
RF02540,4xej,B23S,3.8
RF02540,6oxa,YA,3.25
RF02540,5ndj,14,3.15
RF02540,7pwo,1,2.75
RF02540,6ucq,1A,3.5
RF02540,6c4i,A,3.24
RF02540,7nso,A,2.9
RF02540,6n9f,1A,3.7
RF02540,6swa,q,3.1
RF02540,6cae,2A,2.6
RF02540,4ioa,X,3.2
RF02540,4p70,YA,3.68
RF02540,6zmo,L5,3.1
RF02540,4v9a,BA,3.2999
RF02540,1vy4,BA,2.6
RF02540,4v8b,BA,3.0
RF02540,6xqd,2A,2.8
RF02540,6az3,4,2.5
RF02540,3j7z,A,3.9
RF02540,1qa6,C,2.8
RF02540,6ylh,1,3.1
RF02540,6ydp,AA,3.0
RF02540,6ord,RA,3.1
RF02540,5tbw,AR,3.0
RF02540,7of4,A,2.7
RF02540,4wt1,14,3.05
RF02540,6gsk,1H,3.36
RF02540,5wdt,A,3.0
RF02540,5kcs,1A,3.9
RF02540,7ryg,A,2.38
RF02540,7q0p,1,2.77
RF02540,7pjs,A,2.35
RF02540,6n1d,A23S,3.2
RF02540,6y6x,L5,2.8
RF02540,4u3m,5,3.0
RF02540,3j7r,5,3.9
RF02540,5fci,1,3.4
RF02540,5on6,AR,3.10000240787
RF02540,4tuc,YA,3.6
RF02540,4v9p,GA,2.9
RF02540,4v7p,CA,3.62
RF02540,5h1s,A,3.5
RF02540,4v5p,BA,3.1
RF02540,7s1i,I,2.48
RF02540,1vvj,YA,3.44000111574
RF02540,4v5k,BA,3.2
RF02540,6gsl,14,3.16
RF02540,7rr5,C1,3.23
RF02540,4wu1,1H,3.2
RF02540,3cpw,,2.7
RF02540,7unw,A,2.6
RF02540,6czr,2A,3.14
RF02540,1ond,,3.4
RF02540,5it8,CA,3.12
RF02540,4v95,BA,3.2
RF02540,6q9a,1,3.7
RF02540,7nsh,BA,3.2
RF02540,5kpx,27,3.9
RF02540,6zto,BA,3.0
RF02540,3ccr,,3.0
RF02540,6t59,54,3.11
RF02540,5ot7,4,3.8
RF02540,7a01,e2,3.6
RF02540,7mpi,A1,3.05
RF02540,5dc3,5,3.25
RF02540,4l71,RA,3.90000100875
RF02540,5v8i,1A,3.25
RF02540,7jql,2A,3.0
RF02540,6v3d,AN1,2.95
RF02540,6gxo,A,3.9
RF02540,5aj4,BA,3.8
RF02540,5o60,A,3.18
RF02540,5obm,1,3.4
RF02540,4v7r,D1,4.0
RF02540,5j88,CA,3.32
RF02540,5t2a,A,2.9
RF02540,4wq1,14,3.1
RF02540,5mlc,A,3.6
RF02541,4u1v,DA,3.0
RF02541,4v7y,DA,3.0
RF02541,5j8a,DA,3.1
RF02541,6lkq,t,3.1
RF02541,6q97,1,3.9
RF02541,5aj4,BA,3.8
RF02541,5o60,A,3.18
RF02541,6gxo,A,3.9
RF02541,6v3d,AN1,2.95
RF02541,7jql,2A,3.0
RF02541,4v8e,AA,3.3
RF02541,5mmm,A,3.4
RF02541,5mrc,A,3.25
RF02541,5vpp,RA,3.9
RF02541,6nd6,2A,2.85
RF02541,6yhs,1,2.7
RF02541,6zsd,XA,3.7
RF02541,7st6,1,3.0
RF02541,8ap4,a,3.0
RF02541,4v19,A,3.4
RF02541,4v52,DB,3.21
RF02541,4www,YA,3.1
RF02541,4zsn,YA,3.6
RF02541,5imq,D,3.8
RF02541,5tcu,B,3.9
RF02541,7jql,1A,3.0
RF02541,7md7,1A,2.8
RF02541,7oig,1,3.2
RF02541,8v9j,A,3.1
RF02541,8wi7,A,3.5
RF02541,4v7k,BA,3.6
RF02541,5ib7,14,2.99
RF02541,6gc8,A,3.8
RF02541,8fon,RA,3.64
RF02541,8y39,A,3.6
RF02541,4v9p,CA,2.9
RF02541,6prv,A,2.71
RF02541,7rqa,2A,2.4
RF02541,8a3l,a,3.42
RF02541,8uql,a,3.2
RF02541,8uua,A,2.7
RF02541,4u27,BA,2.8
RF02541,5j30,YA,3.2
RF02541,6nuo,RA,3.2
RF02541,6o8x,A,3.68
RF02541,8aye,a,1.96
RF02541,4ypb,RA,3.4
RF02541,5e81,1H,2.95
RF02541,7sae,A,3.0
RF02541,7zq6,b,2.75
RF02541,4tud,RA,3.6
RF02541,4v9r,BA,3.0
RF02541,5nrg,X,3.442
RF02541,7bv8,A,3.14
RF02541,7zp8,b,2.2
RF02541,8p16,1,2.77
RF02541,8syl,A,2.9
RF02541,4v7m,BA,3.45
RF02541,4v84,BA,3.4
RF02541,4v9i,BA,3.3
RF02541,5afi,A,2.9
RF02541,5doy,2A,2.6
RF02541,6otr,RA,3.12
RF02541,7og4,XA,3.8
RF02541,6qul,A,3.0
RF02541,8r6c,a,2.2
RF02541,2ogm,,3.5
RF02541,4lt8,YA,3.14000177152
RF02541,4u24,DA,2.9
RF02541,4v7j,AA,3.3
RF02541,5el5,1H,3.15
RF02541,6prv,D,2.71
RF02541,6wyv,I,2.75
RF02541,7n30,23,2.66
RF02541,7s9u,A,3.2
RF02541,7tos,23S,2.9
RF02541,8ud7,1A,2.55
RF02541,4wqf,AA,2.8
RF02541,4wt8,C1,3.4
RF02541,5v7q,A,3.7
RF02541,6cfj,1A,2.8
RF02541,6ha1,A,3.1
RF02541,6zsc,XA,3.5
RF02541,7nhm,A,3.1
RF02541,7uvw,A,2.37
RF02541,4v5f,DA,3.6
RF02541,4v8b,DA,3.0
RF02541,5we4,A,3.1
RF02541,6fkr,1A,3.2
RF02541,6gsj,14,2.96
RF02541,6nta,RA,3.1
RF02541,6vys,a,3.7
RF02541,6zm5,A,2.89
RF02541,7m5d,1,2.8
RF02541,8s1p,A,1.96
RF02541,4v8a,BA,3.2
RF02541,4v8x,BA,3.35
RF02541,5njt,U,3.8
RF02541,7l08,A,3.49
RF02541,7l20,A,3.15
RF02541,7uw1,A,2.21
RF02541,8apo,A7,3.2
RF02541,8k2b,L1,3.4
RF02541,3jbu,b,3.64
RF02541,4v4j,w,3.83
RF02541,5gag,A,3.8
RF02541,5hcr,2A,2.8
RF02541,6pct,I,2.8
RF02541,7oib,A,3.3
RF02541,8cvk,2A,2.5
RF02541,8g6y,a,2.09
RF02541,4v6c,BA,3.19
RF02541,5d8b,VC,3.63
RF02541,6wd7,1,3.9
RF02541,6xyw,1,3.86
RF02541,7as8,A,2.9
RF02541,7mt7,A,2.71
RF02541,7nww,1,3.05
RF02541,4v63,DA,3.207
RF02541,4v9m,DA,4.0
RF02541,5x8t,A,3.3
RF02541,6i0y,A,3.2
RF02541,6wdf,1,3.3
RF02541,7rqe,2A,2.4
RF02541,8cgk,a,1.64
RF02541,8fzi,A,3.1
RF02541,8p18,1,2.77
RF02541,4tuc,RA,3.6
RF02541,4v87,DA,3.1
RF02541,4ybb,DA,2.1
RF02541,6pcs,I,2.8
RF02541,7jss,1,3.7
RF02541,7sa4,1,2.55
RF02541,8g29,2A,2.55
RF02541,8rpz,A,2.44
RF02541,5nwy,N,2.9
RF02541,7aqc,A,2.99
RF02541,8crx,a,2.78
RF02541,8g2c,2A,2.65
RF02541,4v4h,DB,3.46
RF02541,4v7u,DA,3.1
RF02541,4v8g,BA,3.0
RF02541,4w2i,DA,2.7
RF02541,6ywe,A,2.99
RF02541,7abz,1,3.21
RF02541,7ods,A,3.1
RF02541,1njo,,3.7
RF02541,3fwo,A,3.71
RF02541,5hcq,2A,2.801
RF02541,5j5b,DA,2.8
RF02541,5mdv,1,2.97
RF02541,5npm,B,2.7
RF02541,7n1p,23,2.33
RF02541,7p7r,A,2.9
RF02541,4v67,BA,3.0
RF02541,4v7t,BA,3.1942
RF02541,4v97,DA,3.516
RF02541,4v9k,DA,3.5
RF02541,5czp,RA,3.2999592266
RF02541,5fdv,2A,2.8
RF02541,6wd4,1,3.7
RF02541,6zsg,XA,4.0
RF02541,7pkt,3,3.0
RF02541,8v9k,A,3.1
RF02541,1y39,D,2.8
RF02541,4lt8,RA,3.14000177152
RF02541,4v5j,BA,3.1
RF02541,4v6e,DA,3.712
RF02541,4yzv,YA,3.1
RF02541,5j7l,CA,3.0
RF02541,6gaw,BA,3.2
RF02541,6nwy,YA,3.5
RF02541,6yef,A,3.2
RF02541,6zsa,XA,4.0
RF02541,8peg,7,3.3
RF02541,5fdu,1A,2.9
RF02541,5li0,A,3.8
RF02541,5vp2,2A,2.8
RF02541,7nsq,A,3.1
RF02541,7zta,23S1,2.7
RF02541,8e3o,I,1.99
RF02541,3moj,A,2.902
RF02541,4v5r,DA,3.1
RF02541,4woi,CA,3.0
RF02541,4wra,1H,3.05
RF02541,5uyq,01,3.8
RF02541,6ydp,BA,3.0
RF02541,7u2i,1A,2.55
RF02541,8bhp,,2.37
RF02541,8ekb,1A,2.7
RF02541,1hc8,D,2.8
RF02541,4v7s,DA,3.2547
RF02541,4v8f,AA,3.3
RF02541,4v95,DA,3.2
RF02541,6uo1,2A,2.95
RF02541,7qv2,V,3.5
RF02541,8a5i,A,2.3
RF02541,8uvr,2A,2.6
RF02541,1vy7,DA,2.8
RF02541,4qvi,B,1.9
RF02541,4v57,BB,3.5
RF02541,4v6g,BA,3.5
RF02541,4v8q,AA,3.1
RF02541,5el4,1H,3.15
RF02541,5el5,14,3.15
RF02541,7azs,23SA,3.1
RF02541,7o1c,BA,2.6
RF02541,4v9n,DA,3.4
RF02541,5j8b,A,2.6
RF02541,6qdw,b,2.83
RF02541,7a18,X,3.4
RF02541,7odt,A,3.1
RF02541,8cep,a,2.04
RF02541,8e33,I,2.23
RF02541,8e43,I,2.09
RF02541,8g34,B,3.2
RF02541,8ifc,a,2.9
RF02541,1njn,,3.7
RF02541,1y69,,3.33
RF02541,4zsn,RA,3.6
RF02541,5j5b,CA,2.8
RF02541,7k50,1,3.4
RF02541,8cgu,a,1.89
RF02541,8g7r,A,2.8
RF02541,4lel,RA,3.90000024172
RF02541,4wzd,1H,3.1
RF02541,4ypb,YA,3.4
RF02541,5u4i,A,3.5
RF02541,6wru,1,3.1
RF02541,7ssd,1,3.3
RF02541,4lnt,YA,2.94000009954
RF02541,6dzp,A,3.42
RF02541,6vlz,A,2.97
RF02541,7st2,1,2.9
RF02541,8vtx,2A,2.4
RF02541,6b4v,B,3.4
RF02541,6x7k,a,3.1
RF02541,8apo,A8,3.2
RF02541,8cvk,1A,2.5
RF02541,8fc3,1A,2.6
RF02541,4v95,BA,3.2
RF02541,5it8,CA,3.12
RF02541,5kpx,27,3.9
RF02541,6q9a,1,3.7
RF02541,6zto,BA,3.0
RF02541,7nsh,BA,3.2
RF02541,2zjr,X,2.91
RF02541,3pio,X,3.2473
RF02541,4v9n,BA,3.4
RF02541,5ibb,1H,2.96
RF02541,5j91,CA,2.96
RF02541,6gsk,14,3.36
RF02541,6o97,2A,2.75
RF02541,7jil,1,2.8
RF02541,7m4y,A,2.5
RF02541,7rqa,1A,2.4
RF02541,1njp,,3.5
RF02541,4v7z,DA,3.1
RF02541,4v8h,DA,3.1
RF02541,5e81,14,2.95
RF02541,8a22,A7,2.91
RF02541,8cvm,a,2.66
RF02541,8fc3,2A,2.6
RF02541,8g2b,1A,2.55
RF02541,8uqp,a,3.8
RF02541,4v7k,AA,3.6
RF02541,5f8k,2A,2.8
RF02541,5uym,01,3.2
RF02541,5uyn,01,4.0
RF02541,4v5q,BA,3.1
RF02541,6ogf,1,3.9
RF02541,6osk,1,3.6
RF02541,7jsz,1,3.7
RF02541,8c99,A,3.29
RF02541,8e32,I,2.35
RF02541,8q4f,a,3.1
RF02541,8uvs,2A,2.75
RF02541,4v51,DA,2.8
RF02541,4v6f,DA,3.1
RF02541,4v8n,BA,3.1
RF02541,4v9d,CA,3.0
RF02541,6ha8,A,3.5
RF02541,6n9f,2A,3.7
RF02541,6ppf,A,3.4
RF02541,7of6,A,2.6
RF02541,7oiz,a,2.9
RF02541,7ryf,A,2.65
RF02541,8c8y,A,3.03
RF02541,8p2h,A,2.49
RF02541,8vtw,1A,2.35
RF02541,4v8i,BA,2.7
RF02541,4wqy,CA,2.8
RF02541,5j4c,1A,2.8
RF02541,6oxi,RA,3.495
RF02541,7acj,1,3.2
RF02541,7yla,I,2.52
RF02541,8c90,A,3.15
RF02541,8ifb,a,2.43
RF02541,4v56,DB,3.93
RF02541,4wf1,DA,3.09
RF02541,5fdv,1A,2.8
RF02541,5lza,A,3.6
RF02541,6boh,GB,3.4
RF02541,7uvy,A,2.39
RF02541,8cvj,1A,2.4
RF02541,1vy4,DA,2.6
RF02541,2ogn,,3.56
RF02541,4w2f,DA,2.4
RF02541,7asm,A,2.48
RF02541,7nsp,A,3.5
RF02541,7pjw,A,4.0
RF02541,1vy5,DA,2.55
RF02541,4v5a,DA,3.5
RF02541,5np6,Y,3.6
RF02541,5wis,1A,2.703
RF02541,6of6,YA,3.2
RF02541,7rqd,1A,2.5
RF02541,4v4i,w,3.71
RF02541,6buw,RA,3.5
RF02541,7q4k,BA,3.0
RF02541,8oiq,B8,3.5
RF02541,6orl,1,3.5
RF02541,8ana,a,2.1
RF02541,4wsm,14,3.3
RF02541,6boh,B,3.4
RF02541,6ope,RA,3.1
RF02541,6pc8,I,2.9
RF02541,6wd0,1,3.0
RF02541,7mt2,A,2.76
RF02541,7qgn,N,3.37
RF02541,8ev7,1A,2.89
RF02541,8j1z,a,2.6
RF02541,4v54,BB,3.3
RF02541,4v54,DB,3.3
RF02541,5uq7,A,3.5
RF02541,6cae,1A,2.6
RF02541,6dzi,A,3.46
RF02541,6enf,A,3.2
RF02541,6hma,A,2.65
RF02541,6vu3,a,3.7
RF02541,7asp,Y,2.86
RF02541,7odr,A,2.9
RF02541,7oii,1,3.0
RF02541,7ot5,1,2.9
RF02541,8e44,I,2.53
RF02541,8phj,a,3.67
RF02541,1qa6,C,2.8
RF02541,1vy4,BA,2.6
RF02541,3j7z,A,3.9
RF02541,4v8b,BA,3.0
RF02541,4wt1,14,3.05
RF02541,6ord,RA,3.1
RF02541,6xqd,2A,2.8
RF02541,6ydp,AA,3.0
RF02541,7of4,A,2.7
RF02541,8rpy,A,2.64
RF02541,2o45,A,3.6
RF02541,5wfk,A,3.4
RF02541,6gb2,BA,3.2
RF02541,7o19,BA,2.9
RF02541,8apo,A3,3.2
RF02541,4u25,DA,2.9
RF02541,4v6d,DA,3.814
RF02541,4v8x,DA,3.35
RF02541,4v9q,AA,3.4
RF02541,5fdu,2A,2.9
RF02541,6eri,AA,3.0
RF02541,6pc6,I,2.5
RF02541,8fc1,1A,2.5
RF02541,8g38,B,3.2
RF02541,4u26,DA,2.8
RF02541,5dm7,X,3.0
RF02541,5hl7,X,3.55
RF02541,5jvg,X,3.428
RF02541,5vp2,1A,2.8
RF02541,7qh7,A,2.89
RF02541,8fzf,A,3.2
RF02541,1nwx,,3.5
RF02541,3u4m,B,2.0
RF02541,4v9r,DA,3.0
RF02541,5wit,1A,2.6
RF02541,6bz8,RA,3.74
RF02541,6i7v,CA,2.9
RF02541,6s12,A,3.2
RF02541,6wd6,1,3.7
RF02541,6yws,A,2.74
RF02541,7oi9,A,3.3
RF02541,7rqe,1A,2.4
RF02541,8bhl,,2.21
RF02541,8k2a,L1,2.9
RF02541,4u24,BA,2.9
RF02541,4v6a,BA,3.1
RF02541,4v8a,AA,3.2
RF02541,5dm6,X,2.9
RF02541,5j91,DA,2.96
RF02541,6s0z,A,2.3
RF02541,6wdk,1,3.6
RF02541,6xhx,2A,2.55
RF02541,7qi4,A,2.21
RF02541,8g29,1A,2.55
RF02541,8r3v,71,3.28
RF02541,4v6f,AA,3.1
RF02541,4y4o,1A,2.3
RF02541,6gbz,A,3.8
RF02541,6gzq,A1,3.28
RF02541,6vwn,2,3.4
RF02541,7bl3,A,3.5
RF02541,7y7h,a,2.51
RF02541,8fn2,A,3.4
RF02541,4u20,DA,2.9
RF02541,4uy8,A,3.8
RF02541,4v5p,DA,3.1
RF02541,4yzv,RA,3.1
RF02541,6xqe,1A,3.0
RF02541,7jqm,2A,3.05
RF02541,8g7q,A,3.1
RF02541,2ogo,,3.66
RF02541,4v51,BA,2.8
RF02541,4v8j,DA,3.9
RF02541,4v9o,CA,2.9
RF02541,5dox,2A,3.1
RF02541,6tc3,23S1,2.7
RF02541,6wdd,1,3.2
RF02541,6wqq,1,3.1
RF02541,8g2d,2A,2.7
RF02541,1ond,,3.4
RF02541,4v5k,BA,3.2
RF02541,4wu1,1H,3.2
RF02541,6czr,2A,3.14
RF02541,6gsl,14,3.16
RF02541,7unw,A,2.6
RF02541,8whx,A,2.8
RF02541,1k01,A,3.5
RF02541,4v83,DA,3.5
RF02541,4v8u,BA,3.7
RF02541,4v90,BA,2.95
RF02541,5uyl,01,3.6
RF02541,6czr,1A,3.14
RF02541,6qnr,14,3.1
RF02541,6y69,A,2.86
RF02541,8a63,A,3.1
RF02541,8xt1,L1,3.1
RF02541,4l71,RA,3.90000100875
RF02541,5ot7,4,3.8
RF02541,5v8i,1A,3.25
RF02541,5mgp,A,3.1
RF02541,6bu8,01,3.5
RF02541,6xhv,2A,2.4
RF02541,6zs9,XA,4.0
RF02541,7a5h,A,3.3
RF02541,7nhl,A,3.1
RF02541,7rqb,2A,2.45
RF02541,8r3v,72,3.28
RF02541,8ud7,2A,2.55
RF02541,8vtw,2A,2.35
RF02541,3dll,X,3.5
RF02541,5nd8,A,3.7
RF02541,5u4j,A,3.7
RF02541,6nuo,YA,3.2
RF02541,6o8z,A,3.49
RF02541,6spb,A,2.82
RF02541,7jt2,1,3.5
RF02541,7nhn,A,2.9
RF02541,7ode,I,2.84
RF02541,7rq9,1A,2.6
RF02541,8ev7,2A,2.89
RF02541,5j4d,GB,3.1
RF02541,6c4h,A,3.1
RF02541,6dnc,B,3.7
RF02541,6gsl,1H,3.16
RF02541,7rq9,2A,2.6
RF02541,7s1k,I,2.42
RF02541,4v7l,DA,3.0
RF02541,4v8e,CA,3.3
RF02541,4v9d,DA,3.0
RF02541,4v9l,BA,3.5
RF02541,6nd6,1A,2.85
RF02541,7n2c,23,2.72
RF02541,8eiu,a,2.24
RF02541,4lnt,RA,2.94000009954
RF02541,4v7p,BA,3.62
RF02541,5hcp,2A,2.894
RF02541,5lzd,A,3.4
RF02541,6n9e,2A,3.7
RF02541,6v3a,AN1,2.82
RF02541,7of3,A,2.7
RF02541,7pjv,A,3.1
RF02541,7qh6,A,3.08
RF02541,8fc4,2A,2.45
RF02541,8rd8,Z2,2.62
RF02541,8why,A,2.7
RF02541,2o44,A,3.3
RF02541,4lel,YA,3.90000024172
RF02541,4w2e,A,2.9
RF02541,4y4p,1A,2.5
RF02541,5uq8,A,3.2
RF02541,6pc5,I,2.7
RF02541,6ztm,BA,3.3
RF02541,7a0s,X,3.22
RF02541,7asa,A,3.5
RF02541,8oin,B8,3.6
RF02541,4v4q,BB,3.46
RF02541,6xhy,1A,2.6
RF02541,5e7k,1H,3.2
RF02541,5jc9,CA,3.03
RF02541,6o3m,YA,3.97
RF02541,6o9j,B,3.9
RF02541,6ogi,1,3.4
RF02541,6qnq,1H,3.5
RF02541,6spg,A,3.34
RF02541,7p7u,A,3.1
RF02541,8g2u,B,3.0
RF02541,4v7s,BA,3.2547
RF02541,4wzd,14,3.1
RF02541,5j3c,YA,3.04
RF02541,6ord,YA,3.1
RF02541,7f0d,A,3.3
RF02541,7o1a,BA,2.4
RF02541,8p2f,A,2.44
RF02541,8xz3,A,3.6
RF02541,4v5e,BA,3.45
RF02541,6s0k,A,3.1
RF02541,7msh,A,3.23
RF02541,7p3k,a,2.9
RF02541,8c98,A,3.66
RF02541,8ury,a,3.1
RF02541,5el4,14,3.15
RF02541,5el6,1H,3.1
RF02541,5ibb,14,2.96
RF02541,5it8,DA,3.12
RF02541,5j30,RA,3.2
RF02541,7ood,3,3.4
RF02541,7xam,A,3.5
RF02541,8uu9,A,3.1
RF02541,8y38,A,2.58
RF02541,6prv,B,2.71
RF02541,6x7f,a,3.5
RF02541,7jt3,1,3.7
RF02541,7rq8,1A,2.5
RF02541,8qpp,X,3.4
RF02541,8t5d,B,3.2
RF02541,4v8d,DA,3.0
RF02541,6by1,DA,3.94
RF02541,6vyq,a,3.7
RF02541,7d6z,A,3.4
RF02541,7y7f,a,2.43
RF02541,8cgr,a,2.12
RF02541,8e30,I,1.91
RF02541,8g6w,a,2.02
RF02541,8qcq,A,2.3
RF02541,3u56,B,2.1
RF02541,4l47,RA,3.22000098079
RF02541,4wu1,14,3.2
RF02541,4xej,B23S,3.8
RF02541,5ndj,14,3.15
RF02541,5zeb,A,3.4
RF02541,6oxa,YA,3.25
RF02541,6wdl,1,3.7
RF02541,8apn,A7,3.1
RF02541,8cgv,a,1.66
RF02541,8g2b,2A,2.55
RF02541,4v5g,DA,3.6
RF02541,4v5q,DA,3.1
RF02541,4wpo,CA,2.8
RF02541,5hcq,1A,2.801
RF02541,5nd9,A,3.7
RF02541,6bz6,RA,3.18
RF02541,6bz7,RA,3.68
RF02541,6vmi,A,2.96
RF02541,7lv0,1,3.2
RF02541,1vy6,DA,2.9
RF02541,4p6f,RA,3.6
RF02541,4v7m,DA,3.45
RF02541,4v8h,BA,3.1
RF02541,4w2i,BA,2.7
RF02541,4wzo,14,3.3
RF02541,4y4o,2A,2.3
RF02541,5xym,A,3.08
RF02541,6bok,B,3.55
RF02541,7u2j,1A,2.55
RF02541,7zod,b,2.56
RF02541,4ioc,X,3.6
RF02541,4lfz,RA,3.92000059074
RF02541,4wpo,AA,2.8
RF02541,4wro,1H,3.05
RF02541,5oom,A,3.03
RF02541,6bz8,YA,3.74
RF02541,6spd,A,3.28
RF02541,6ysu,A,3.7
RF02541,7oia,A,3.2
RF02541,7rqb,1A,2.45
RF02541,7rqd,2A,2.5
RF02541,8b0x,a,1.55
RF02541,8fc4,1A,2.45
RF02541,8fr8,A,2.76
RF02541,8qsj,A,3.0
RF02541,4u1v,BA,3.0
RF02541,5kcr,1A,3.6
RF02541,6o90,A,3.49
RF02541,7y7c,a,2.51
RF02541,8cvl,2A,2.3
RF02541,8uu6,A,3.3
RF02541,3ja1,LA,3.6
RF02541,4v5d,DA,3.5
RF02541,4v9p,EA,2.9
RF02541,6wd1,1,3.3
RF02541,6x6t,a,3.2
RF02541,7a5i,A3,3.7
RF02541,7oif,1,3.0
RF02541,7ttw,1,2.9
RF02541,8ev6,2A,2.946
RF02541,8fc5,1A,2.65
RF02541,8rcl,72,3.49
RF02541,8vtv,1A,2.55
RF02541,4qg3,B,2.0
RF02541,4v5l,BA,3.1
RF02541,4v64,DB,3.5
RF02541,4v9c,DA,3.3
RF02541,4w29,BA,3.8
RF02541,4w4g,RA,3.3
RF02541,4wf1,BA,3.09
RF02541,5t7v,B,3.6
RF02541,8fc6,1A,2.35
RF02541,4v52,BB,3.21
RF02541,4v5a,BA,3.5
RF02541,4v5k,DA,3.2
RF02541,4v67,DA,3.0
RF02541,4v89,BA,3.7
RF02541,7lh5,DA,3.27
RF02541,7nhk,A,2.9
RF02541,8g2c,1A,2.65
RF02541,8xt0,L1,3.2
RF02541,1qa6,D,2.8
RF02541,4tub,YA,3.6
RF02541,4tue,RA,3.5
RF02541,4v7v,DA,3.2891
RF02541,4v7w,BA,3.0
RF02541,4wfn,X,3.54
RF02541,5u9f,01,3.2
RF02541,6s0x,A,2.425
RF02541,6xhw,2A,2.5
RF02541,6xz7,A,2.1
RF02541,7qg8,N,3.97
RF02541,8b7y,I,3.0
RF02541,4lfz,YA,3.92000059074
RF02541,4v63,BA,3.207
RF02541,6o97,1A,2.75
RF02541,7k51,1,3.5
RF02541,7m4z,A,2.92
RF02541,7p7t,A,2.9
RF02541,8uvs,1A,2.75
RF02541,8v9l,A,3.0
RF02541,4w2h,DA,2.7
RF02541,4wqr,14,3.15
RF02541,4wsd,14,2.95
RF02541,5mmi,A,3.2
RF02541,6pch,I,2.9
RF02541,8g2a,2A,2.45
RF02541,8uu8,A,3.1
RF02541,4ioa,X,3.2
RF02541,4p70,YA,3.68
RF02541,4v9a,BA,3.2999
RF02541,6c4i,A,3.24
RF02541,6cae,2A,2.6
RF02541,6n9f,1A,3.7
RF02541,6ucq,1A,3.5
RF02541,7nso,A,2.9
RF02541,8fon,YA,3.64
RF02541,8r8m,a,2.4
RF02541,1vy7,BA,2.8
RF02541,4tub,RA,3.6
RF02541,4v4h,BB,3.46
RF02541,4v5g,BA,3.6
RF02541,4v8i,DA,2.7
RF02541,4v9m,BA,4.0
RF02541,5we6,A,3.4
RF02541,5x8p,A,3.4
RF02541,6uo1,1A,2.95
RF02541,6ywx,A,3.1
RF02541,6z1p,Ab,3.7
RF02541,7azs,23SB,3.1
RF02541,7y7g,a,2.34
RF02541,8e48,I,2.27
RF02541,8hu1,a,2.69
RF02541,8ud8,1A,2.6
RF02541,5dfe,RA,3.09997551079
RF02541,5j4c,2A,2.8
RF02541,5wfs,A,3.0
RF02541,6prv,C,2.71
RF02541,7n2v,23,2.54
RF02541,8e47,I,2.32
RF02541,4v5c,BA,3.3
RF02541,4v9b,DA,3.1
RF02541,4w2h,BA,2.7
RF02541,7lvk,I,2.2
RF02541,7o9m,A,2.6
RF02541,7unr,A,2.9
RF02541,6nta,YA,3.1
RF02541,6nu2,A,3.9
RF02541,6oj2,YA,3.2
RF02541,7n31,23,2.69
RF02541,8rdw,Z2,2.74
RF02541,8ur0,a,3.4
RF02541,4u67,X,3.65
RF02541,7nwt,1,2.66
RF02541,8fze,A,3.0
RF02541,8rdv,Z2,2.6
RF02541,4tue,YA,3.5
RF02541,4v5b,AB,3.74
RF02541,4v83,BA,3.5
RF02541,5gad,A,3.7
RF02541,6xzb,A2,2.54
RF02541,7oie,A,3.5
RF02541,7rq8,2A,2.5
RF02541,8fc6,2A,2.35
RF02541,5hkv,X,3.66
RF02541,5kps,28,3.9
RF02541,8cd1,A,3.0
RF02541,8e49,I,2.05
RF02541,8fzd,A,3.1
RF02541,8vs9,23S,3.9
RF02541,1hc8,C,2.8
RF02541,4wsm,1H,3.3
RF02541,5ngm,AA,2.9
RF02541,7of2,A,2.7
RF02541,8any,A,2.85
RF02541,5j4b,1A,2.6
RF02541,4v8g,DA,3.0
RF02541,4zer,1A,3.1
RF02541,5ib8,1H,3.13
RF02541,6bok,EB,3.55
RF02541,6cfk,1A,2.7
RF02541,7azo,23SB,3.3
RF02541,7qi5,A,2.63
RF02541,8rcm,71,3.59
RF02541,1nwy,,3.3
RF02541,5mdw,1,3.06
RF02541,6ope,YA,3.1
RF02541,7ss9,1,3.9
RF02541,8xt3,L1,3.1
RF02541,4v7x,DA,3.0
RF02541,5j88,DA,3.32
RF02541,6v3b,AN1,2.91
RF02541,4v9h,BA,2.857
RF02541,5w4k,2A,2.7
RF02541,6tnn,U,3.07
RF02541,6xhx,1A,2.55
RF02541,8fom,RA,3.58
RF02541,8vsa,23S,3.7
RF02541,4p70,RA,3.68
RF02541,6of1,1A,2.8
RF02541,7azo,23SA,3.3
RF02541,7p6z,3,3.5
RF02541,8bhn,,2.85
RF02541,8e3m,I,2.25
RF02541,8g31,B,3.2
RF02541,4v9a,DA,3.2999
RF02541,4v9o,EA,2.9
RF02541,4wqr,1H,3.15
RF02541,5hd1,2A,2.7
RF02541,6bz6,YA,3.18
RF02541,7k55,1,3.3
RF02541,8uu7,A,3.2
RF02541,4tud,YA,3.6
RF02541,4wfa,X,3.392
RF02541,6zu1,BA,3.0
RF02541,8t8b,2A,2.65
RF02541,1jzz,A,3.8
RF02541,1p9x,,3.4
RF02541,4io9,X,3.2
RF02541,5v8i,2A,3.25
RF02541,6gwt,A,3.8
RF02541,6pc7,I,2.5
RF02541,4v7l,BA,3.0
RF02541,4wsd,1H,2.95
RF02541,4z3s,1A,2.65
RF02541,5dfe,YA,3.09997551079
RF02541,5ib7,1H,2.99
RF02541,7mt3,A,2.8
RF02541,7y7e,a,2.41
RF02541,7zq5,b,2.7
RF02541,8t8b,1A,2.65
RF02541,9c4g,a,2.53
RF02541,4v9i,DA,3.3
RF02541,4wra,14,3.05
RF02541,5f8k,1A,2.8
RF02541,5ju8,BA,3.6
RF02541,6sj6,A,3.23
RF02541,8g7p,A,2.9
RF02541,8ud6,2A,2.7
RF02541,8vty,2A,2.6
RF02541,2zjq,X,3.3
RF02541,4v6c,DA,3.19
RF02541,4wf9,X,3.427
RF02541,7acr,1,3.44
RF02541,7of7,A,2.5
RF02541,7sfr,A,2.6
RF02541,5jc9,DA,3.03
RF02541,6hrm,1,2.96
RF02541,6of1,2A,2.8
RF02541,6ucq,2A,3.5
RF02541,7s1h,I,2.35
RF02541,7ug7,23,2.58
RF02541,8apn,A8,3.1
RF02541,8pkl,7,3.09
RF02541,8ud6,1A,2.7
RF02541,9b00,1A,2.8
RF02541,4v5f,BA,3.6
RF02541,4wfb,X,3.43
RF02541,5czp,YA,3.2999592266
RF02541,5ndk,1H,2.95
RF02541,5uyk,01,3.9
RF02541,5zet,A,3.2
RF02541,6s13,A,3.58
RF02541,7a0r,X,3.3
RF02541,7u2h,2A,2.55
RF02541,4w2g,DA,2.55
RF02541,5dox,1A,3.1
RF02541,5wf0,A,3.6
RF02541,6vyr,a,3.8
RF02541,3jcd,A,3.7
RF02541,4v6d,BA,3.814
RF02541,4v7w,DA,3.0
RF02541,5u9g,01,3.2
RF02541,6oxa,RA,3.25
RF02541,7k54,1,3.2
RF02541,7pkt,5,3.0
RF02541,8qoa,a,2.0
RF02541,3j7y,A,3.4
RF02541,5lze,A,3.5
RF02541,6wnv,4,3.5
RF02541,6xhw,1A,2.5
RF02541,6yss,A,2.6
RF02541,7cpj,A,3.3
RF02541,7jqm,1A,3.05
RF02541,8fzh,A,2.9
RF02541,1jzy,A,3.5
RF02541,4v7y,BA,3.0
RF02541,4wq1,1H,3.1
RF02541,6nsh,YA,3.397
RF02541,6xza,A2,2.66
RF02541,7jt1,1,3.3
RF02541,7oid,A,3.7
RF02541,7po4,A,2.56
RF02541,7unv,A,2.7
RF02541,8emm,a,2.1
RF02541,3pip,X,3.45
RF02541,6ofx,1,3.3
RF02541,7p48,A,2.9
RF02541,7uvv,A,2.5
RF02541,8rcl,71,3.49
RF02541,1z58,2,3.8
RF02541,6cfl,2A,2.6
RF02541,6nwy,RA,3.5
RF02541,6wqn,1,2.9
RF02541,4wro,14,3.05
RF02541,4y4p,2A,2.5
RF02541,6ore,1,2.9
RF02541,7z20,b,2.29
RF02541,8rq2,A,2.44
RF02541,4l71,YA,3.90000100875
RF02541,4v5b,CB,3.74
RF02541,7bl5,A,3.3
RF02541,8buu,A,2.9
RF02541,8kab,A,3.3
RF02541,9b00,2A,2.8
RF02541,4v5d,BA,3.5
RF02541,4v6g,DA,3.5
RF02541,4v8c,AA,3.3
RF02541,5vpo,RA,3.34
RF02541,7otc,A,2.9
RF02541,7qq3,I,2.1
RF02541,8fc2,1A,2.5
RF02541,8fzg,A,3.1
RF02541,8wic,A,3.5
RF02541,4wr6,1H,3.05
RF02541,5h5u,A,3.01
RF02541,8ceu,a,1.83
RF02541,8cgj,a,1.79
RF02541,5mdy,1,3.35
RF02541,5zep,A,3.4
RF02541,7unu,A,2.9
RF02541,8bge,,2.11
RF02541,8hsp,a,2.32
RF02541,4v53,DB,3.54
RF02541,4v8j,BA,3.9
RF02541,4v8n,DA,3.1
RF02541,4wqy,AA,2.8
RF02541,6qnr,1H,3.1
RF02541,7p7q,A,2.4
RF02541,7s1g,I,2.48
RF02541,8fom,YA,3.58
RF02541,4z8c,2A,2.9
RF02541,6n1d,B23S,3.2
RF02541,6wdm,1,3.6
RF02541,7n2u,23,2.53
RF02541,8bh4,,2.62
RF02541,8uu5,A,3.0
RF02541,8y37,A,2.53
RF02541,5w4k,1A,2.7
RF02541,6cfl,1A,2.6
RF02541,6v39,AN1,3.04
RF02541,6vwm,2,3.4
RF02541,7aso,Y,3.11
RF02541,7lh5,BA,3.27
RF02541,7msm,A,2.79
RF02541,7of5,A,2.9
RF02541,4v6a,DA,3.1
RF02541,5hd1,1A,2.7
RF02541,5j3c,RA,3.04
RF02541,5mre,A,3.75
RF02541,6i7v,DA,2.9
RF02541,6zm6,A,2.59
RF02541,8g2d,1A,2.7
RF02541,4wt8,D1,3.4
RF02541,6c5l,DA,3.2
RF02541,7rqc,2A,2.5
RF02541,8a22,A3,2.91
RF02541,8fiz,BA,3.8
RF02541,8fmw,AA,2.86
RF02541,4u1u,BA,2.95
RF02541,5j4b,2A,2.6
RF02541,6ndk,YA,3.64
RF02541,6q95,1,3.7
RF02541,6qnq,14,3.5
RF02541,7a5k,A3,3.7
RF02541,8g2a,1A,2.45
RF02541,6h4n,A,3.0
RF02541,7md7,2A,2.8
RF02541,7ope,A,3.2
RF02541,8p2g,A,2.02
RF02541,1jzx,A,3.1
RF02541,1vvj,RA,3.44000111574
RF02541,6spf,A,2.89
RF02541,8a57,A,2.3
RF02541,8ekb,2A,2.7
RF02541,8kie,a,2.5
RF02541,3jbv,b,3.32
RF02541,4u20,BA,2.9
RF02541,5hau,1A,3.0
RF02541,5o61,A,3.31
RF02541,6o3m,RA,3.97
RF02541,6wdg,1,3.3
RF02541,6wdj,1,3.7
RF02541,4v9j,DA,3.86
RF02541,5hau,2A,3.0
RF02541,6ddg,1,3.1
RF02541,7a5k,8,3.7
RF02541,8akn,a,2.3
RF02541,8ekc,A,2.7
RF02541,8oit,B8,2.9
RF02541,1nkw,,3.1
RF02541,4wce,X,3.526
RF02541,4z3s,2A,2.65
RF02541,6og7,1,3.3
RF02541,6szs,A,3.06
RF02541,7a5j,A,3.1
RF02541,7m4v,A,2.54
RF02541,8e41,I,2.13
RF02541,8vtu,2A,2.4
RF02541,4v9o,AA,2.9
RF02541,5e7k,14,3.2
RF02541,5el6,14,3.1
RF02541,7pkt,7,3.0
RF02541,7ssl,1,3.8
RF02541,8bgh,,2.88
RF02541,8g7s,A,3.1
RF02541,4u1u,DA,2.95
RF02541,4v55,BB,4.0
RF02541,4v5r,BA,3.1
RF02541,5j8a,CA,3.1
RF02541,5wit,2A,2.6
RF02541,6ot3,1,3.9
RF02541,9fbv,a,2.4
RF02541,1sm1,,3.42
RF02541,4v56,BB,3.93
RF02541,6wd3,1,3.6
RF02541,7pkt,8,3.0
RF02541,8e35,I,2.27
RF02541,8pk0,A,3.03
RF02541,4v8f,DA,3.3
RF02541,4w4g,YA,3.3
RF02541,6b4v,FB,3.4
RF02541,7pd3,A,3.4
RF02541,7ssn,1,3.2
RF02541,4wq1,14,3.1
RF02541,5j88,CA,3.32
RF02541,5mlc,A,3.6
RF02541,1vvj,YA,3.44000111574
RF02541,4tuc,YA,3.6
RF02541,4v5p,BA,3.1
RF02541,4v7p,CA,3.62
RF02541,4v9p,GA,2.9
RF02541,5h1s,A,3.5
RF02541,7s1i,I,2.48
RF02541,4v7x,BA,3.0
RF02541,4v9b,BA,3.1
RF02541,5vpp,YA,3.9
RF02541,6o8w,A,3.53
RF02541,6ztj,BA,3.4
RF02541,8uu4,A,3.0
RF02541,4w29,DA,3.8
RF02541,6oj2,RA,3.2
RF02541,6wd8,1,3.7
RF02541,7m4x,A,2.66
RF02541,7uvz,A,2.21
RF02541,2o43,A,3.6
RF02541,4u25,BA,2.9
RF02541,6ywv,A,3.03
RF02541,8cam,a,1.86
RF02541,1xbp,,3.5
RF02541,3j9m,A,3.5
RF02541,4tua,RA,3.6
RF02541,4v7j,BA,3.3
RF02541,4v9q,CA,3.4
RF02541,7b5k,A,2.9
RF02541,7st7,1,3.2
RF02541,5ndk,14,2.95
RF02541,5vpo,YA,3.34
RF02541,6wnt,4,3.1
RF02541,7bl6,A,4.0
RF02541,7m4w,A,2.55
RF02541,8qbt,A,2.2
RF02541,4v8c,BA,3.3
RF02541,4v9p,AA,2.9
RF02541,4zer,2A,3.1
RF02541,7u2i,2A,2.55
RF02541,8bil,,2.04
RF02541,4v8o,BA,3.8
RF02541,6gxm,A,3.8
RF02541,6otr,YA,3.12
RF02541,6pcr,I,2.5
RF02541,6wd2,1,3.6
RF02541,6xdq,a,3.7
RF02541,6xqe,2A,3.0
RF02541,7k00,a,1.98
RF02541,7o5b,X,3.33
RF02541,7qi6,A,2.98
RF02541,8fto,a,1.85
RF02541,8t8c,1A,2.6
RF02541,8y36,A,2.65
RF02541,4l47,YA,3.22000098079
RF02541,4p6f,YA,3.6
RF02541,5gah,A,3.8
RF02541,5ool,A,3.06
RF02541,6cfk,2A,2.7
RF02541,6xhy,2A,2.6
RF02541,4v97,BA,3.516
RF02541,6wrs,1,3.2
RF02541,7k52,1,3.4
RF02541,7nsj,BA,3.9
RF02541,8e36,I,2.38
RF02541,3cf5,X,3.3
RF02541,4u26,BA,2.8
RF02541,5l3p,A,3.7
RF02541,6enu,A,3.1
RF02541,7aqd,A,3.1
RF02541,7s1j,I,2.47
RF02541,7ttu,1,3.0
RF02541,8cvj,2A,2.4
RF02541,1mms,C,2.57
RF02541,5j4d,B,3.1
RF02541,6of6,RA,3.2
RF02541,6om6,1,3.1
RF02541,6ouo,1,3.7
RF02541,7oi8,A,3.5
RF02541,7s0s,C,3.05
RF02541,7u2j,2A,2.55
RF02541,8e46,I,2.32
RF02541,4z8c,1A,2.9
RF02541,5hcp,1A,2.894
RF02541,5uyp,01,3.9
RF02541,5zlu,V,3.6
RF02541,6fkr,2A,3.2
RF02541,6n9e,1A,3.7
RF02541,8ud8,2A,2.6
RF02541,3j9z,LA,3.6
RF02541,4v50,BB,3.22
RF02541,5hcr,1A,2.8
RF02541,5ib8,14,3.13
RF02541,6wde,1,3.0
RF02541,7nbu,a,3.11
RF02541,8ev6,1A,2.946
RF02541,8vty,1A,2.6
RF02541,4v9l,DA,3.5
RF02541,5ndj,1H,3.15
RF02541,8c8x,A,3.93
RF02541,8vtx,1A,2.4
RF02541,3jcj,A,3.7
RF02541,4tua,YA,3.6
RF02541,5kpw,27,3.9
RF02541,6pvk,A,3.4
RF02541,6wu9,A,2.9
RF02541,6ywy,A,3.05
RF02541,7asn,A,2.73
RF02541,8qu1,A,2.74
RF02541,8w51,A,2.4
RF02541,5kcs,1A,3.9
RF02541,5wdt,A,3.0
RF02541,6gsk,1H,3.36
RF02541,6n1d,A23S,3.2
RF02541,7pjs,A,2.35
RF02541,7ryg,A,2.38
RF02541,5doy,1A,2.6
RF02541,5o2r,A,3.4
RF02541,7p7s,A,3.0
RF02541,8a22,A8,2.91
RF02541,8rcm,72,3.59
RF02541,2d3o,,3.35
RF02541,3j9y,A,3.9
RF02541,5gae,A,3.33
RF02541,6nd5,2A,2.6
RF02541,7rqc,1A,2.5
RF02541,7sso,1,3.2
RF02541,8c92,A,3.79
RF02541,8g6x,a,2.31
RF02541,8oir,B8,3.1
RF02541,3jce,A,3.2
RF02541,6ndk,RA,3.64
RF02541,6tpq,U,3.07
RF02541,6wnw,4,3.2
RF02541,8htz,a,2.4
RF02541,4v85,BA,3.2
RF02541,4v9c,BA,3.3
RF02541,4wzo,1H,3.3
RF02541,5wis,2A,2.703
RF02541,6osq,1,3.5
RF02541,6oxi,YA,3.495
RF02541,6ysr,A,3.1
RF02541,7msc,A,2.97
RF02541,7oj0,a,3.5
RF02541,4v4q,DB,3.46
RF02541,5d8b,ZC,3.63
RF02541,7ac7,1,3.08
RF02541,7bl2,A,3.7
RF02541,7of0,A,2.2
RF02541,7oi7,A,3.5
RF02541,8uvr,1A,2.6
RF02541,1y39,C,2.8
RF02541,4u27,DA,2.8
RF02541,4v5s,DA,3.1
RF02541,4v9o,GA,2.9
RF02541,4v9s,BA,3.1
RF02541,6ztn,BA,3.9
RF02541,8bf7,,2.33
RF02541,8cgd,a,1.98
RF02541,4v55,DB,4.0
RF02541,4v57,DB,3.5
RF02541,5jte,BA,3.6
RF02541,6gsj,1H,2.96
RF02541,7qv1,V,3.5
RF02541,7y7d,a,2.58
RF02541,8fc5,2A,2.65
RF02541,4v84,DA,3.4
RF02541,4w2f,BA,2.4
RF02541,5mdz,1,3.1
RF02541,6c5l,BA,3.2
RF02541,6cfj,2A,2.8
RF02541,6nd5,1A,2.6
RF02541,6xhv,1A,2.4
RF02541,7msz,A,3.1
RF02541,7pjy,A,3.1
RF02541,8e45,I,2.3
RF02541,8wib,A,3.5
RF02541,3umy,B,1.9
RF02541,5v93,A,4.0
RF02541,6wd9,1,3.7
RF02541,6wdb,1,4.0
RF02541,6ztp,BA,3.0
RF02541,7ssw,1,3.8
RF02541,8cvl,1A,2.3
RF02541,4v7z,BA,3.1
RF02541,4wt1,1H,3.05
RF02541,6wda,1,3.8
RF02541,6ysi,1,2.5
RF02541,7bl4,A,2.4
RF02541,7o9k,A,3.1
RF02541,4v5e,DA,3.45
RF02541,4v5s,BA,3.1
RF02541,4v7t,DA,3.1942
RF02541,4v9s,DA,3.1
RF02541,6w6p,A,2.9
RF02541,2aar,,3.5
RF02541,4lsk,YA,3.48000627319
RF02541,4v9j,BA,3.86
RF02541,4woi,BA,3.0
RF02541,6u48,CA,2.87
RF02541,6vwl,2,3.1
RF02541,6ys3,b,2.58
RF02541,7u2h,1A,2.55
RF02541,8t5h,B,3.3
RF02541,1j5a,A,3.5
RF02541,2zjp,X,3.7
RF02541,3jq4,A,3.52
RF02541,4v87,AA,3.1
RF02541,4v8u,DA,3.7
RF02541,5j7l,DA,3.0
RF02541,6tbv,23S1,2.7
RF02541,6wdi,1,4.0
RF02541,6yst,A,3.2
RF02541,8bim,,2.04
RF02541,5el7,1H,3.15
RF02541,4xej,A23S,3.8
RF02541,6i9r,A,3.9
RF02541,6ztl,BA,3.5
RF02541,8c94,A,3.8
RF02541,8fc1,2A,2.5
RF02541,1njm,,3.6
RF02541,1vy6,BA,2.9
RF02541,3j9w,BA,3.9
RF02541,4v64,BB,3.5
RF02541,5iqr,1,3.0
RF02541,6pj6,I,2.2
RF02541,4v5c,DA,3.3
RF02541,4v6e,BA,3.712
RF02541,4wqf,CA,2.8
RF02541,4ybb,CA,2.1
RF02541,6wd5,1,3.6
RF02541,4lsk,RA,3.48000627319
RF02541,4v8d,BA,3.0
RF02541,6buw,YA,3.5
RF02541,6enj,A,3.7
RF02541,7jsw,1,3.8
RF02541,7ryh,A,2.43
RF02541,8e42,I,2.29
RF02541,1vy5,BA,2.55
RF02541,6by1,CA,3.94
RF02541,8c8z,A,3.12
RF02541,8p17,1,2.78
RF02541,8t8c,2A,2.6
RF02541,6bz7,YA,3.68
RF02541,8s1u,A,3.4
RF02541,4w2g,BA,2.55
RF02541,4www,RA,3.1
RF02541,5jvh,X,3.58
RF02541,6nsh,RA,3.397
RF02541,7nql,BA,3.4
RF02541,8wi8,A,2.7
RF02541,1mms,D,2.57
RF02541,4wqu,CA,2.8
RF02541,7kgb,A,2.7
RF02541,7uvx,A,2.35
RF02541,8r55,X,3.57
RF02541,4v50,DB,3.22
RF02541,4v5j,DA,3.1
RF02541,7oic,A,3.1
RF02541,8e3l,I,2.35
RF02541,3j6b,A,3.2
RF02541,4v53,BB,3.54
RF02541,4v9k,BA,3.5
RF02541,4wqu,AA,2.8
RF02541,8am9,a,2.8
RF02541,8bhj,,2.81
RF02541,8fc2,2A,2.5
RF02541,8rq0,A,2.44
RF02541,6gxn,A,3.9
RF02541,6xqd,1A,2.8
RF02541,7nqh,BA,3.5
RF02541,8fzj,A,3.0
RF02541,8qu5,A,2.42
RF02541,8vtu,1A,2.4
RF02541,4v7u,BA,3.1
RF02541,4v7v,BA,3.2891
RF02541,4wr6,14,3.05
RF02541,6ddd,1,3.1
RF02541,6o9k,A,4.0
RF02541,6pcq,I,2.6
RF02541,7as9,A,3.5
RF02541,7k53,1,3.2
RF02541,8apn,A3,3.1
RF02541,8xt2,L1,3.3
RF02541,5el7,14,3.15
RF02541,6gc0,A,3.8
RF02541,8vtv,2A,2.55
RF02543,6zme,L5,3.0
RF02543,8ifd,1A,2.59
RF02543,8oj8,5,3.3
RF02543,5obm,1,3.4
RF02543,8b6z,B,2.9
RF02543,8civ,AA,2.47
RF02543,8pvk,C1,2.55
RF02543,6rm3,L50,3.4
RF02543,6zu5,L50,2.9
RF02543,8agt,f,2.6
RF02543,6om7,t,3.7
RF02543,6xu6,A5,3.5
RF02543,5lzy,5,3.99
RF02543,6gz5,A2,3.5
RF02543,8bpo,A1,2.8
RF02543,8hfr,1e,2.64
RF02543,6qkl,N,3.3
RF02543,8fkq,L3,2.76
RF02543,7tor,A28S,2.9
RF02543,8azw,A,2.14
RF02543,5lzs,5,3.31
RF02543,5ndg,1,3.7
RF02543,6ip8,1A,3.9
RF02543,6z6j,C1,3.4
RF02543,7of1,1,3.1
RF02543,7z3o,1,3.3
RF02543,8fle,L3,2.48
RF02543,6ole,t,3.1
RF02543,7qep,1,2.7
RF02543,7qgg,t,2.86
RF02543,8eth,1,3.8
RF02543,8i9x,C1,2.8
RF02543,4u3u,5,2.9
RF02543,5dc3,1,3.25
RF02543,8oj5,5,2.9
RF02543,7qvp,L5,3.0
RF02543,5t62,A,3.1
RF02543,7f5s,L5,2.72
RF02543,8cdl,AA,2.72
RF02543,4u52,1,3.0
RF02543,6t83,1b,4.0
RF02543,7qwq,5,2.83
RF02543,8evr,A1,2.87
RF02543,8rjd,K,2.78574
RF02543,5ndg,5,3.7
RF02543,6zj3,LE,3.15
RF02543,7mdz,5,3.2
RF02543,8rjc,K,2.90061
RF02543,5tga,5,3.3
RF02543,6w6l,t,3.84
RF02543,6zj3,LJ,3.15
RF02543,7btb,1,3.22
RF02543,6t7i,C1,3.2
RF02543,8agw,f,2.6
RF02543,8evp,A1,2.38
RF02543,6gqv,1,4.0
RF02543,6xir,1,3.2
RF02543,7qwr,5,2.9
RF02543,8oj0,5,3.3
RF02543,8pv2,C1,2.63
RF02543,8scb,5,2.5
RF02543,5ndv,5,3.3
RF02543,9f1b,B5,3.01
RF02543,5an9,N,3.3
RF02543,7ls2,A2,3.1
RF02543,5mei,1,3.5
RF02543,8pfr,A,2.15
RF02543,5dge,5,3.45
RF02543,8onz,1,2.94
RF02543,5tga,1,3.3
RF02543,6mtd,5,3.3
RF02543,6sv4,ZQ,3.3
RF02543,5fcj,5,3.1
RF02543,7pzy,1,2.32
RF02543,5dat,5,3.15
RF02543,7xny,L1,2.5
RF02543,4u4n,1,3.1
RF02543,6gz4,A2,3.6
RF02543,7ohw,1,3.5
RF02543,5dgf,5,3.3
RF02543,8esr,1,3.2
RF02543,4u53,5,3.3
RF02543,5gak,1,3.88
RF02543,6gz3,A2,3.6
RF02543,6hcj,51,3.8
RF02543,8a3w,1,2.89
RF02543,8g5z,L5,2.64
RF02543,3jct,1,3.08
RF02543,4u4q,5,3.0
RF02543,4v91,1,3.7
RF02543,7tut,K,3.88
RF02543,7z3n,1,3.2
RF02543,8cku,AA,3.11
RF02543,7oyd,5,2.3
RF02543,8ev3,1,3.0
RF02543,8jdj,D,2.5
RF02543,3j7q,5,3.4
RF02543,6sv4,BQ,3.3
RF02543,7o81,B5,3.1
RF02543,8c3a,1,3.0
RF02543,8pv1,C1,2.56
RF02543,8idy,2,3.0
RF02543,4u4y,5,3.2
RF02543,6mtb,5,3.6
RF02543,6n8o,A,3.5
RF02543,7nfx,5,3.2
RF02543,8a3w,4,2.89
RF02543,8agx,f,2.4
RF02543,5xy3,1,3.2
RF02543,7ls1,A2,3.3
RF02543,7q08,1,2.56
RF02543,8rxx,L4,2.97
RF02543,6z6m,L5,3.1
RF02543,6zj3,LF,3.15
RF02543,6zj3,LC,3.15
RF02543,8i9p,C1,3.0
RF02543,8y0w,L5,3.4
RF02543,6elz,1,3.3
RF02543,6yly,1,3.8
RF02543,7r7c,1,3.71
RF02543,7zfw,L5,3.8
RF02543,8q5i,1,2.45
RF02543,4u51,5,3.2
RF02543,7ohq,1,3.1
RF02543,8flc,L3,2.76
RF02543,7o80,B5,2.9
RF02543,8ife,1A,2.57
RF02543,8ir1,2,3.3
RF02543,8fl2,L3,2.67
RF02543,8g5y,L5,2.29
RF02543,3j79,A,3.2
RF02543,4v8p,D1,3.52
RF02543,5fci,5,3.4
RF02543,6mte,5,3.4
RF02543,8br8,Lt,3.35
RF02543,8i9t,C1,3.6
RF02543,8oo0,1,3.1
RF02543,6zm7,L5,2.7
RF02543,8eti,1,3.7
RF02543,6sv4,YQ,3.3
RF02543,6y6x,L5,2.8
RF02543,8aaf,f,2.5
RF02543,5tbw,AR,3.0
RF02543,6az3,4,2.5
RF02543,6ylh,1,3.1
RF02543,8ova,BG,2.47
RF02543,4u4o,1,3.6
RF02543,5juo,B,4.0
RF02543,6az3,2,2.5
RF02543,6zvk,e2,3.49
RF02543,7nac,1,3.04
RF02543,7nad,1,3.04
RF02543,8ibx,A,3.74
RF02543,8pv3,C1,2.8
RF02543,5obm,5,3.4
RF02543,6em1,1,3.6
RF02543,6xa1,L5,2.8
RF02543,8ovj,2,2.4
RF02543,8qoi,L5,1.9
RF02543,8v83,1,2.53
RF02543,4v8p,H1,3.52
RF02543,6qik,A,3.1
RF02543,6r6g,5,3.7
RF02543,6ri5,A,3.3
RF02543,8brm,Lt,3.33
RF02543,8ip8,RB,2.9
RF02543,8xsy,L5,3.0
RF02543,3jai,5,3.65
RF02543,8bf9,5,2.69
RF02543,6zj3,LI,3.15
RF02543,7nwg,51,3.8
RF02543,8yop,L5,2.2
RF02543,6qtz,A,3.5
RF02543,8ipd,2,3.2
RF02543,4u4o,5,3.6
RF02543,4u50,1,3.2
RF02543,5dge,1,3.45
RF02543,8cg8,AA,2.57
RF02543,8p8n,A,2.15
RF02543,7rr5,C1,3.23
RF02543,7uqb,1,2.43
RF02543,8etj,1,3.2
RF02543,7q0r,1,2.67
RF02543,7v08,1,2.36
RF02543,8fkw,L3,2.5
RF02543,5dc3,5,3.25
RF02543,6t59,54,3.11
RF02543,7a01,e2,3.6
RF02543,7mpi,A1,3.05
RF02543,8btr,Lt,3.25
RF02543,8ccs,AA,1.97
RF02543,8evt,A1,2.2
RF02543,6p5n,5,3.2
RF02543,8fl7,L3,2.55
RF02543,8ovj,1,2.4
RF02543,8fl0,L3,2.91
RF02543,8ink,2,3.2
RF02543,8xsz,L5,3.2
RF02543,6n8m,A,3.5
RF02543,6sgc,54,2.8
RF02543,8bip,1,3.1
RF02543,8cmj,AA,3.79
RF02543,8etg,1,3.4
RF02543,7zjx,L5,3.1
RF02543,7zux,5,2.5
RF02543,8bhf,A2,3.1
RF02543,5tbw,1,3.0
RF02543,6s05,A,3.9
RF02543,8fks,L3,2.88
RF02543,3jah,5,3.45
RF02543,5dgf,1,3.3
RF02543,8fld,L3,2.58
RF02543,8ie3,2,3.3
RF02543,5lzt,5,3.65
RF02543,6p5i,5,3.1
RF02543,4u6f,5,3.1
RF02543,8fl6,L3,2.62
RF02543,8i9z,C1,2.7
RF02543,8xsx,L5,2.4
RF02543,6lsr,2,3.13
RF02543,6t4q,C1,2.6
RF02543,8q87,B5,2.4
RF02543,5h4p,1,3.07
RF02543,6ip5,1A,3.9
RF02543,6lss,2,3.23
RF02543,7oh3,1,3.4
RF02543,7r7a,1,3.04
RF02543,8bjq,1,3.8
RF02543,8cdr,AA,2.04
RF02543,8cgn,AA,2.28
RF02543,6c0f,1,3.7
RF02543,7nrc,LA,3.9
RF02543,7nwi,5,3.13
RF02543,4v88,A1,3.0
RF02543,5m1j,14,3.3
RF02543,7tm3,K,3.25
RF02543,7xnx,L1,2.7
RF02543,7z34,1,3.8
RF02543,8ia0,C1,2.7
RF02543,7oyc,51,2.4
RF02543,7zs5,1,3.2
RF02543,8a98,1,2.46
RF02543,8fku,L3,2.82
RF02543,7mpj,A1,2.7
RF02543,7pwo,1,2.75
RF02543,8ipy,2,3.2
RF02543,3jan,5,3.75
RF02543,4u4z,5,3.1
RF02543,5xxb,1,3.17
RF02543,8esq,1,2.8
RF02543,8evs,A1,2.62
RF02543,5lyb,5,3.25
RF02543,6lu8,2,3.13
RF02543,8pv8,C1,2.91
RF02543,9bdl,A28S,2.8
RF02543,7o7z,B5,2.4
RF02543,7uqz,1,2.44
RF02543,4u55,1,3.2
RF02543,5mei,AR,3.5
RF02543,7too,A25S,2.7
RF02543,6az3,1,2.5
RF02543,7qvp,L6,3.0
RF02543,8ir3,2,3.5
RF02543,6p5k,5,3.1
RF02543,7ohp,1,3.9
RF02543,7osm,25S,3.0
RF02543,7ow7,A,2.4
RF02543,7r72,1,3.07
RF02543,9f1d,B5,3.26
RF02543,4u53,1,3.3
RF02543,5lzx,5,3.67
RF02543,6ft6,1,3.9
RF02543,7toq,A25S,3.1
RF02543,8fkv,L3,2.47
RF02543,3jcs,1,2.8
RF02543,4u56,1,3.45
RF02543,5dgv,1,3.1
RF02543,6p5j,5,3.1
RF02543,8a3w,2,2.89
RF02543,8g60,L5,2.54
RF02543,8glp,L5,1.67
RF02543,4v8p,A1,3.52
RF02543,5lzu,5,3.75
RF02543,5mc6,BQ,3.8
RF02543,7bt6,1,3.12
RF02543,7qca,L50,2.79
RF02543,5it7,5,3.6
RF02543,5juu,B,4.0
RF02543,7old,1,3.0
RF02543,8e5t,1,4.0
RF02543,8g61,L5,2.94
RF02543,8i9y,C1,3.1
RF02543,6swa,q,3.1
RF02543,6zmo,L5,3.1
RF02543,8agu,f,2.7
RF02543,4u3n,1,3.2
RF02543,4u4u,1,3.0
RF02543,5a8l,A,3.8
RF02543,8euy,1,3.0
RF02543,6lqm,2,3.09
RF02543,6q8y,BQ,3.1
RF02543,6ylg,1,3.0
RF02543,7q0f,1,2.64
RF02543,8q7z,B5,2.5
RF02543,4u3n,5,3.2
RF02543,5apn,5,3.91
RF02543,8eug,1,2.8
RF02543,8y0u,C1,3.59
RF02543,4u52,5,3.0
RF02543,6hcf,52,3.9
RF02543,7n8b,A1,3.05
RF02543,7ug6,1,2.9
RF02543,8ovj,4,2.4
RF02543,8rxh,L4,2.93
RF02543,4u3m,1,3.0
RF02543,6y0g,L5,3.2
RF02543,6y57,L5,3.5
RF02543,8i9w,C1,3.1
RF02543,5aj0,A2,3.5
RF02543,6r86,1,3.4
RF02543,7zw0,LA,2.4
RF02543,8ewb,A1,2.87
RF02543,6d90,5,3.2
RF02543,7obr,5,2.8
RF02543,7qiw,2,2.35
RF02543,5umd,A,3.2
RF02543,7olc,1,2.9
RF02543,7r81,A1,2.7
RF02543,8fru,1,2.49
RF02543,7naf,1,3.13
RF02543,8p8m,A,2.66
RF02543,4u4y,1,3.2
RF02543,9bdp,A28S,3.7
RF02543,4u4r,5,2.801
RF02543,6z6k,C1,3.4
RF02543,8a3d,A,1.67
RF02543,8gh6,T,3.08
RF02543,5dgv,5,3.1
RF02543,8fla,L3,2.63
RF02543,6z6l,L5,3.0
RF02543,4u4z,1,3.1
RF02543,5t5h,A,2.54
RF02543,7ohu,1,3.7
RF02543,8bqx,BQ,3.8
RF02543,7cpu,L5,2.82
RF02543,3j7o,5,3.4
RF02543,6r7q,5,3.9
RF02543,9bh5,A5,2.63
RF02543,5jut,B,4.0
RF02543,5t2a,G,2.9
RF02543,6ylx,1,3.9
RF02543,7uoo,1,2.34
RF02543,8ony,5,2.92
RF02543,4u55,5,3.2
RF02543,6uz7,8,3.6
RF02543,3jcs,2,2.8
RF02543,8ohd,5,3.1
RF02543,5tgm,1,3.5
RF02543,6olf,t,3.9
RF02543,8b5l,5,2.86
RF02543,8ova,BA,2.47
RF02543,8qfd,5,2.2
RF02543,3j7p,5,3.5
RF02543,4u4q,1,3.0
RF02543,5i4l,5,3.1
RF02543,5jup,B,3.5
RF02543,6zj3,LH,3.15
RF02543,8flb,L3,2.55
RF02543,5lks,L5,3.6
RF02543,8agz,f,2.6
RF02543,6em3,1,3.2
RF02543,6n8n,A,3.8
RF02543,8rxx,L1,2.97
RF02543,6hhq,AR,3.10000049683
RF02543,6r84,1,3.6
RF02543,6r87,1,3.4
RF02543,8fkz,L3,3.04
RF02543,6olz,A2,3.9
RF02543,8ewc,A1,2.45
RF02543,5z3g,A,3.65
RF02543,6y2l,L5,3.0
RF02543,7ohv,1,3.9
RF02543,5fcj,1,3.1
RF02543,8i9r,C1,3.1
RF02543,6frk,5,3.7
RF02543,8a98,2,2.46
RF02543,8jdm,D,2.67
RF02543,8k2d,C1,3.2
RF02543,5tgm,5,3.5
RF02543,8ipa,RB,3.4
RF02543,8ipb,RB,3.4
RF02543,8pvl,C1,2.19
RF02543,4u51,1,3.2
RF02543,6t7t,C1,3.1
RF02543,7qws,5,3.4
RF02543,8flf,L3,2.65
RF02543,6hhq,1,3.10000049683
RF02543,8a98,4,2.46
RF02543,6t83,Aa,4.0
RF02543,8fkp,L3,2.85
RF02543,3jag,5,3.65
RF02543,3jcs,4,2.8
RF02543,4u6f,1,3.1
RF02543,8fl4,L3,2.89
RF02543,8p8u,A,2.23
RF02543,6oig,5,3.8
RF02543,4v7r,D1,4.0
RF02543,5t2a,A,2.9
RF02543,5fci,1,3.4
RF02543,5on6,AR,3.10000240787
RF02543,6m62,1,3.2
RF02543,8k82,C1,3.0
RF02543,4u50,5,3.2
RF02543,7ohy,1,3.9
RF02543,7oya,51,3.2
RF02543,9bdn,A28S,3.1
RF02543,6d9j,5,3.2
RF02543,6olg,A2,3.4
RF02543,6sxo,L5,3.3
RF02543,5lzz,5,3.47
RF02543,6woo,5,2.9
RF02543,7o7y,B5,2.2
RF02543,8pv5,C1,2.86
RF02543,7oyb,51,2.4
RF02543,5lzv,5,3.35
RF02543,6oli,t,3.5
RF02543,6uz7,5,3.6
RF02543,8ove,BG,2.6
RF02543,5lyb,1,3.25
RF02543,8jdk,D,2.26
RF02543,8pv4,C1,2.9
RF02543,8rxh,L2,2.93
RF02543,8c3a,AS,3.0
RF02543,6tnu,BQ,3.1
RF02543,7osa,25S,3.0
RF02543,7zjw,L5,2.8
RF02543,9f1c,B5,3.78
RF02543,4u4n,5,3.1
RF02543,6gqb,1,3.9
RF02543,8eub,A1,2.52
RF02543,8bsi,Lt,3.4
RF02543,5t2a,B,2.9
RF02543,8k2c,L5,2.4
RF02543,3j7r,5,3.9
RF02543,4u3m,5,3.0
RF02543,7q0p,1,2.77
RF02543,8v84,1,2.7
RF02543,5ndv,1,3.3
RF02543,6n8l,1,3.6
RF02543,6rzz,A,3.2
RF02543,7top,A25S,2.4
RF02543,8idt,2,2.8
RF02543,8rxh,L1,2.93
RF02543,7b7d,LA,3.3
RF02543,8evq,A1,2.72
RF02543,4u56,5,3.45
RF02543,6r5q,5,3.0
RF02543,6r6p,5,3.1
RF02543,7azy,E,2.877
RF02543,8eui,1,3.1
RF02543,8fkt,L3,2.81
RF02543,6zmi,L5,2.6
RF02543,7ohx,1,3.3
RF02543,8jdl,D,2.42
RF02543,5apo,5,3.41
RF02543,8pv7,C1,2.12
RF02543,8btk,B5,3.5
RF02543,8fl9,L3,2.75
RF02543,8ova,BB,2.47
RF02543,5on6,1,3.10000240787
RF02543,8fkr,L3,2.89
RF02543,8inf,2,3.0
RF02543,7r6q,1,2.98
RF02543,7ucj,5,3.1
RF02543,7uck,5,2.8
RF02543,8bn3,1,2.4
RF02543,4v7r,B1,4.0
RF02543,4v88,A5,3.0
RF02543,8eup,1,3.1
RF02543,8rxx,L2,2.97
RF02543,6qt0,A,3.4
RF02543,8agv,f,2.6
RF02543,8g6j,L5,2.8
RF02543,8ove,BA,2.6
RF02543,5ndw,5,3.7
RF02543,6qzp,L5,2.9
RF02543,8fky,L3,2.67
RF02543,8bqd,BQ,3.9
RF02543,8ove,BB,2.6
RF02543,4ug0,L5,3.6
RF02543,7pwg,1,2.75
RF02543,8p2k,B5,2.9
RF02543,3jaj,5,3.75
RF02543,4u4u,5,3.0
RF02543,6xu8,A5,3.0
RF02543,7cpv,L5,3.03
RF02543,8i9v,C1,3.1
RF02543,8pv6,C1,2.94
RF02543,5dat,1,3.15
RF02543,6tb3,BQ,2.8
RF02543,6zj3,LB,3.15
RF02543,8yoo,L5,2.0
RF02543,4u3u,1,2.9
RF02543,6z6n,L5,2.9
RF02543,8etc,1,3.1
RF02543,5t5h,B,2.54
RF02543,6s47,AA,3.28
RF02543,7qiz,2,2.38
RF02543,8fl3,L3,2.53
RF02543,5i4l,1,3.1
RF02543,6n8j,1,3.5
RF02543,8ibw,A,3.6
RF02543,8v87,1,2.66
RF02543,4v8p,F1,3.52
RF02543,8cf5,AA,2.71
RF02543,8y0x,L5,3.3
RF02543,5lzw,5,3.53
RF02543,6om0,t,3.1
RF02543,8rjb,K,2.69243
RF02543,3j92,5,3.6
RF02543,5ndw,1,3.7
RF02543,8ine,2,3.2
RF02543,4u4r,1,2.801
RF02543,8b6c,5,2.79
RF02543,8ceh,AA,2.05
RF02543,8fkx,L3,2.59
RF02543,6n8k,1,3.6
RF02543,6snt,1,2.8
RF02543,5t2c,A,3.6
RF02543,6hd7,1,3.4
RF02543,7bhp,L5,3.3
RF02543,7u0h,1,2.76
RF02543,8jiv,Aa,2.84
RF02543,6mtc,5,3.4
RF02543,7zpq,5,3.47
RF02543,8b2l,A3,2.2
RF02678,6jq5,B,2.059
RF02678,6jq5,A,2.059
RF02678,6jq6,U,2.626
RF02679,6ufj,A,2.645
RF02679,6uf1,C,3.1
RF02679,6ufj,C,2.645
RF02679,6uey,C,2.8
RF02679,6uey,A,2.8
RF02679,6ufk,A,3.2
RF02679,6uf1,A,3.1
RF02679,6ufk,C,3.2
RF02680,4rzd,A,2.75
RF02680,6xko,A,2.75
RF02680,6xkn,A,2.73
RF02683,4rum,A,2.6426
RF03013,6tfh,A,2.95
RF03013,6tf2,A,2.55
RF03013,6tff,A,2.52
RF03013,7d7x,A,2.631
RF03013,7d82,A,2.489
RF03013,6tfg,A,2.45
RF03013,7d7w,A,2.391
RF03013,6tf1,A,2.4
RF03013,7d81,A,2.1
RF03013,6tfe,A,2.3
RF03013,6tb7,A,2.53
RF03013,7d7z,A,2.6
RF03013,6tf0,A,2.1
RF03013,6tf3,A,2.66
RF03013,7d7v,A,2.8
RF03013,7d7y,A,2.8
RF03054,7elq,B,2.6
RF03054,7elr,B,2.66
RF03054,7els,A,3.0
RF03054,7elr,A,2.66
RF03054,7elq,A,2.6
RF03054,7elp,A,2.79
RF03054,7elp,B,2.79
RF03054,7els,B,3.0
RF04222,7jju,A,2.604
RF04222,7jju,B,2.604
